result_schema_version,generated_at_utc,git_commit,git_dirty,project,mode,status,reason,run_dir,loc_c,c_function_count,c_parameter_count,c_pointer_parameter_count,c_pointer_parameter_density,c_cyclomatic_complexity_total,c_cyclomatic_complexity_average,unsupported_function_count,unsupported_construct_count,unsupported_constructs,analysis_backend,analysis_backend_reason,primary_function,primary_expected_eligibility,primary_plan_status,primary_eligible,primary_fully_safe_accepted,primary_outcome,target_functions,target_count,target_fully_safe_accepted_units,target_acceptance_rate,target_outcomes,total_units,eligible_units,candidate_safe_units,synthesis_supported_units,generated_units,compile_success_units,policy_safe_units,behaviorally_validated_units,fully_safe_accepted_units,fully_safe_translation_unit_acceptance_rate,eligibility_counts,candidate_decision_counts,synthesis_support_counts,role_outcome_counts,complete_project_policy_safe,complete_project_behaviorally_validated,idiom_success_counts,failure_categories,loc_rust_baseline,loc_rust_safemap,c2rust_compile,safemap_compile,c2rust_tests,safemap_tests,safemap_cargo_check_status,safemap_cargo_check_reason,safemap_cargo_test_status,safemap_cargo_test_reason,safemap_clippy_status,safemap_clippy_reason,safemap_differential_status,safemap_differential_reason,c_sanitizer_status,c_sanitizer_reason,validation_status_counts,c2rust_unsafe_blocks,safemap_unsafe_blocks,c2rust_raw_pointers,safemap_raw_pointers,clippy_warnings,miri_status,miri_reason,miri_passed,miri_failed,miri_diagnostics,differential_pass_rate,repair_attempts,llm_calls,llm_input_tokens,llm_output_tokens
safemap.benchmark_results.v3,2026-07-27T16:00:34Z,361f548f6a773f261ea92c2484d58ae8fdd5a98e,True,array_max,safemap_deterministic,completed,,/mnt/data/college/research/SafeMAP/reports/development-component-ablations/safemap_deterministic/.safemap/runs/20260727T160034Z-array_max-1631c710,15,2,2,1,0.5,4,2.0,0,0,{},libclang,,array_max,safe_translatable_with_api_change,planned,True,True,accepted,array_max,1,1,1.0,"{""accepted"": 1}",2,2,2,1,1,1,1,1,1,0.5,"{""safe_translatable"": 1, ""safe_translatable_with_api_change"": 1}","{""candidate_safe"": 2}","{""implemented_support"": 1, ""not_implemented"": 1}","{""declared_target"": {""behaviorally_validated"": 1, ""candidate_safe"": 1, ""compile_passed"": 1, ""generated"": 1, ""implemented_support"": 1, ""policy_safe"": 1, ""total"": 1}, ""entry_point"": {""behaviorally_validated"": 0, ""candidate_safe"": 1, ""compile_passed"": 0, ""generated"": 0, ""implemented_support"": 0, ""policy_safe"": 0, ""total"": 1}, ""helper"": {""behaviorally_validated"": 0, ""candidate_safe"": 0, ""compile_passed"": 0, ""generated"": 0, ""implemented_support"": 0, ""policy_safe"": 0, ""total"": 0}, ""other"": {""behaviorally_validated"": 0, ""candidate_safe"": 0, ""compile_passed"": 0, ""generated"": 0, ""implemented_support"": 0, ""policy_safe"": 0, ""total"": 0}}",False,False,"{""pointer_length_array"": {""accepted"": 1, ""planned"": 1}}",{},0,5,,True,,,passed,,passed,,passed,,passed,,passed,,"{""passed"": 5, ""skipped"": 1}",,0,,0,,skipped,Disabled,,,,1.0,0,0,0,0
safemap.benchmark_results.v3,2026-07-27T16:00:34Z,361f548f6a773f261ea92c2484d58ae8fdd5a98e,True,array_max,safemap_without_pointer_roles,completed,,/mnt/data/college/research/SafeMAP/reports/development-component-ablations/safemap_without_pointer_roles/.safemap/runs/20260727T160035Z-array_max-87cd8b9b,15,2,2,1,0.5,4,2.0,0,0,{},libclang,,array_max,safe_translatable_with_api_change,planned,True,False,not_accepted,array_max,1,0,0.0,"{""not_accepted"": 1}",2,2,2,1,1,0,0,0,0,0.0,"{""safe_translatable"": 1, ""safe_translatable_with_api_change"": 1}","{""candidate_safe"": 2}","{""implemented_support"": 1, ""not_implemented"": 1}","{""declared_target"": {""behaviorally_validated"": 0, ""candidate_safe"": 1, ""compile_passed"": 0, ""generated"": 1, ""implemented_support"": 1, ""policy_safe"": 0, ""total"": 1}, ""entry_point"": {""behaviorally_validated"": 0, ""candidate_safe"": 1, ""compile_passed"": 0, ""generated"": 0, ""implemented_support"": 0, ""policy_safe"": 0, ""total"": 1}, ""helper"": {""behaviorally_validated"": 0, ""candidate_safe"": 0, ""compile_passed"": 0, ""generated"": 0, ""implemented_support"": 0, ""policy_safe"": 0, ""total"": 0}, ""other"": {""behaviorally_validated"": 0, ""candidate_safe"": 0, ""compile_passed"": 0, ""generated"": 0, ""implemented_support"": 0, ""policy_safe"": 0, ""total"": 0}}",False,False,"{""pointer_length_array"": {""accepted"": 0, ""planned"": 1}}","{""validation_failed"": 1}",0,5,,False,,,failed,,failed,,failed,,failed,Could not build translated Rust program,passed,,"{""failed"": 4, ""passed"": 1, ""skipped"": 1}",,0,,0,,skipped,Disabled,,,,,0,0,0,0
safemap.benchmark_results.v3,2026-07-27T16:00:34Z,361f548f6a773f261ea92c2484d58ae8fdd5a98e,True,array_max,safemap_without_safe_signatures,completed,,/mnt/data/college/research/SafeMAP/reports/development-component-ablations/safemap_without_safe_signatures/.safemap/runs/20260727T160036Z-array_max-c42c272a,15,2,2,1,0.5,4,2.0,0,0,{},libclang,,array_max,safe_translatable_with_api_change,planned,True,False,not_accepted,array_max,1,0,0.0,"{""not_accepted"": 1}",2,2,2,1,1,0,0,0,0,0.0,"{""safe_translatable"": 1, ""safe_translatable_with_api_change"": 1}","{""candidate_safe"": 2}","{""implemented_support"": 1, ""not_implemented"": 1}","{""declared_target"": {""behaviorally_validated"": 0, ""candidate_safe"": 1, ""compile_passed"": 0, ""generated"": 1, ""implemented_support"": 1, ""policy_safe"": 0, ""total"": 1}, ""entry_point"": {""behaviorally_validated"": 0, ""candidate_safe"": 1, ""compile_passed"": 0, ""generated"": 0, ""implemented_support"": 0, ""policy_safe"": 0, ""total"": 1}, ""helper"": {""behaviorally_validated"": 0, ""candidate_safe"": 0, ""compile_passed"": 0, ""generated"": 0, ""implemented_support"": 0, ""policy_safe"": 0, ""total"": 0}, ""other"": {""behaviorally_validated"": 0, ""candidate_safe"": 0, ""compile_passed"": 0, ""generated"": 0, ""implemented_support"": 0, ""policy_safe"": 0, ""total"": 0}}",False,False,"{""pointer_length_array"": {""accepted"": 0, ""planned"": 1}}","{""validation_failed"": 1}",0,5,,False,,,failed,,failed,,failed,,failed,Could not build translated Rust program,passed,,"{""failed"": 4, ""passed"": 1, ""skipped"": 1}",,0,,1,,skipped,Disabled,,,,,0,0,0,0
safemap.benchmark_results.v3,2026-07-27T16:00:34Z,361f548f6a773f261ea92c2484d58ae8fdd5a98e,True,array_max,safemap_without_dependency_grouping,completed,,/mnt/data/college/research/SafeMAP/reports/development-component-ablations/safemap_without_dependency_grouping/.safemap/runs/20260727T160036Z-array_max-3e30fd34,15,2,2,1,0.5,4,2.0,0,0,{},libclang,,array_max,safe_translatable_with_api_change,planned,True,True,accepted,array_max,1,1,1.0,"{""accepted"": 1}",2,2,2,1,1,1,1,1,1,0.5,"{""safe_translatable"": 1, ""safe_translatable_with_api_change"": 1}","{""candidate_safe"": 2}","{""implemented_support"": 1, ""not_implemented"": 1}","{""declared_target"": {""behaviorally_validated"": 1, ""candidate_safe"": 1, ""compile_passed"": 1, ""generated"": 1, ""implemented_support"": 1, ""policy_safe"": 1, ""total"": 1}, ""entry_point"": {""behaviorally_validated"": 0, ""candidate_safe"": 1, ""compile_passed"": 0, ""generated"": 0, ""implemented_support"": 0, ""policy_safe"": 0, ""total"": 1}, ""helper"": {""behaviorally_validated"": 0, ""candidate_safe"": 0, ""compile_passed"": 0, ""generated"": 0, ""implemented_support"": 0, ""policy_safe"": 0, ""total"": 0}, ""other"": {""behaviorally_validated"": 0, ""candidate_safe"": 0, ""compile_passed"": 0, ""generated"": 0, ""implemented_support"": 0, ""policy_safe"": 0, ""total"": 0}}",False,False,"{""pointer_length_array"": {""accepted"": 1, ""planned"": 1}}",{},0,5,,True,,,passed,,passed,,passed,,passed,,passed,,"{""passed"": 5, ""skipped"": 1}",,0,,0,,skipped,Disabled,,,,1.0,0,0,0,0
safemap.benchmark_results.v3,2026-07-27T16:00:34Z,361f548f6a773f261ea92c2484d58ae8fdd5a98e,True,array_max,safemap_without_idiom_plans,no_supported_synthesis,No output remained when the idiom plans component was disabled.,/mnt/data/college/research/SafeMAP/reports/development-component-ablations/safemap_without_idiom_plans/.safemap/runs/20260727T160037Z-array_max-7499c8ae,15,2,2,1,0.5,4,2.0,0,0,{},libclang,,array_max,safe_translatable_with_api_change,rejected,True,False,safe_translatable_with_api_change,array_max,1,0,0.0,"{""safe_translatable_with_api_change"": 1}",2,2,2,0,0,0,0,0,0,0.0,"{""safe_translatable"": 1, ""safe_translatable_with_api_change"": 1}","{""candidate_safe"": 2}","{""not_implemented"": 2}","{""declared_target"": {""behaviorally_validated"": 0, ""candidate_safe"": 1, ""compile_passed"": 0, ""generated"": 0, ""implemented_support"": 0, ""policy_safe"": 0, ""total"": 1}, ""entry_point"": {""behaviorally_validated"": 0, ""candidate_safe"": 1, ""compile_passed"": 0, ""generated"": 0, ""implemented_support"": 0, ""policy_safe"": 0, ""total"": 1}, ""helper"": {""behaviorally_validated"": 0, ""candidate_safe"": 0, ""compile_passed"": 0, ""generated"": 0, ""implemented_support"": 0, ""policy_safe"": 0, ""total"": 0}, ""other"": {""behaviorally_validated"": 0, ""candidate_safe"": 0, ""compile_passed"": 0, ""generated"": 0, ""implemented_support"": 0, ""policy_safe"": 0, ""total"": 0}}",False,False,{},{},0,0,,,,,,,,,,,,,,,{},,,,,,,,,,,,0,0,0,0
safemap.benchmark_results.v3,2026-07-27T16:00:34Z,361f548f6a773f261ea92c2484d58ae8fdd5a98e,True,array_max,safemap_without_validation_feedback,completed,,/mnt/data/college/research/SafeMAP/reports/development-component-ablations/safemap_without_validation_feedback/.safemap/runs/20260727T160038Z-array_max-27bb41d4,15,2,2,1,0.5,4,2.0,0,0,{},libclang,,array_max,safe_translatable_with_api_change,planned,True,True,accepted,array_max,1,1,1.0,"{""accepted"": 1}",2,2,2,1,1,1,1,1,1,0.5,"{""safe_translatable"": 1, ""safe_translatable_with_api_change"": 1}","{""candidate_safe"": 2}","{""implemented_support"": 1, ""not_implemented"": 1}","{""declared_target"": {""behaviorally_validated"": 1, ""candidate_safe"": 1, ""compile_passed"": 1, ""generated"": 1, ""implemented_support"": 1, ""policy_safe"": 1, ""total"": 1}, ""entry_point"": {""behaviorally_validated"": 0, ""candidate_safe"": 1, ""compile_passed"": 0, ""generated"": 0, ""implemented_support"": 0, ""policy_safe"": 0, ""total"": 1}, ""helper"": {""behaviorally_validated"": 0, ""candidate_safe"": 0, ""compile_passed"": 0, ""generated"": 0, ""implemented_support"": 0, ""policy_safe"": 0, ""total"": 0}, ""other"": {""behaviorally_validated"": 0, ""candidate_safe"": 0, ""compile_passed"": 0, ""generated"": 0, ""implemented_support"": 0, ""policy_safe"": 0, ""total"": 0}}",False,False,"{""pointer_length_array"": {""accepted"": 1, ""planned"": 1}}",{},0,5,,True,,,passed,,passed,,passed,,passed,,passed,,"{""passed"": 5, ""skipped"": 1}",,0,,0,,skipped,Disabled,,,,1.0,0,0,0,0
safemap.benchmark_results.v3,2026-07-27T16:00:34Z,361f548f6a773f261ea92c2484d58ae8fdd5a98e,True,array_total,safemap_deterministic,completed,,/mnt/data/college/research/SafeMAP/reports/development-component-ablations/safemap_deterministic/.safemap/runs/20260727T160039Z-array_total-3fe3256a,13,2,2,1,0.5,3,1.5,0,0,{},libclang,,total_array,safe_translatable_with_api_change,planned,True,True,accepted,total_array,1,1,1.0,"{""accepted"": 1}",2,2,2,1,1,1,1,1,1,0.5,"{""safe_translatable"": 1, ""safe_translatable_with_api_change"": 1}","{""candidate_safe"": 2}","{""implemented_support"": 1, ""not_implemented"": 1}","{""declared_target"": {""behaviorally_validated"": 1, ""candidate_safe"": 1, ""compile_passed"": 1, ""generated"": 1, ""implemented_support"": 1, ""policy_safe"": 1, ""total"": 1}, ""entry_point"": {""behaviorally_validated"": 0, ""candidate_safe"": 1, ""compile_passed"": 0, ""generated"": 0, ""implemented_support"": 0, ""policy_safe"": 0, ""total"": 1}, ""helper"": {""behaviorally_validated"": 0, ""candidate_safe"": 0, ""compile_passed"": 0, ""generated"": 0, ""implemented_support"": 0, ""policy_safe"": 0, ""total"": 0}, ""other"": {""behaviorally_validated"": 0, ""candidate_safe"": 0, ""compile_passed"": 0, ""generated"": 0, ""implemented_support"": 0, ""policy_safe"": 0, ""total"": 0}}",False,False,"{""pointer_length_array"": {""accepted"": 1, ""planned"": 1}}",{},0,5,,True,,,passed,,passed,,passed,,passed,,passed,,"{""passed"": 5, ""skipped"": 1}",,0,,0,,skipped,Disabled,,,,1.0,0,0,0,0
safemap.benchmark_results.v3,2026-07-27T16:00:34Z,361f548f6a773f261ea92c2484d58ae8fdd5a98e,True,array_total,safemap_without_pointer_roles,completed,,/mnt/data/college/research/SafeMAP/reports/development-component-ablations/safemap_without_pointer_roles/.safemap/runs/20260727T160040Z-array_total-32ca6691,13,2,2,1,0.5,3,1.5,0,0,{},libclang,,total_array,safe_translatable_with_api_change,planned,True,False,not_accepted,total_array,1,0,0.0,"{""not_accepted"": 1}",2,2,2,1,1,0,0,0,0,0.0,"{""safe_translatable"": 1, ""safe_translatable_with_api_change"": 1}","{""candidate_safe"": 2}","{""implemented_support"": 1, ""not_implemented"": 1}","{""declared_target"": {""behaviorally_validated"": 0, ""candidate_safe"": 1, ""compile_passed"": 0, ""generated"": 1, ""implemented_support"": 1, ""policy_safe"": 0, ""total"": 1}, ""entry_point"": {""behaviorally_validated"": 0, ""candidate_safe"": 1, ""compile_passed"": 0, ""generated"": 0, ""implemented_support"": 0, ""policy_safe"": 0, ""total"": 1}, ""helper"": {""behaviorally_validated"": 0, ""candidate_safe"": 0, ""compile_passed"": 0, ""generated"": 0, ""implemented_support"": 0, ""policy_safe"": 0, ""total"": 0}, ""other"": {""behaviorally_validated"": 0, ""candidate_safe"": 0, ""compile_passed"": 0, ""generated"": 0, ""implemented_support"": 0, ""policy_safe"": 0, ""total"": 0}}",False,False,"{""pointer_length_array"": {""accepted"": 0, ""planned"": 1}}","{""validation_failed"": 1}",0,5,,False,,,failed,,failed,,failed,,failed,Could not build translated Rust program,passed,,"{""failed"": 4, ""passed"": 1, ""skipped"": 1}",,0,,0,,skipped,Disabled,,,,,0,0,0,0
safemap.benchmark_results.v3,2026-07-27T16:00:34Z,361f548f6a773f261ea92c2484d58ae8fdd5a98e,True,array_total,safemap_without_safe_signatures,completed,,/mnt/data/college/research/SafeMAP/reports/development-component-ablations/safemap_without_safe_signatures/.safemap/runs/20260727T160040Z-array_total-25ded2ce,13,2,2,1,0.5,3,1.5,0,0,{},libclang,,total_array,safe_translatable_with_api_change,planned,True,False,not_accepted,total_array,1,0,0.0,"{""not_accepted"": 1}",2,2,2,1,1,0,0,0,0,0.0,"{""safe_translatable"": 1, ""safe_translatable_with_api_change"": 1}","{""candidate_safe"": 2}","{""implemented_support"": 1, ""not_implemented"": 1}","{""declared_target"": {""behaviorally_validated"": 0, ""candidate_safe"": 1, ""compile_passed"": 0, ""generated"": 1, ""implemented_support"": 1, ""policy_safe"": 0, ""total"": 1}, ""entry_point"": {""behaviorally_validated"": 0, ""candidate_safe"": 1, ""compile_passed"": 0, ""generated"": 0, ""implemented_support"": 0, ""policy_safe"": 0, ""total"": 1}, ""helper"": {""behaviorally_validated"": 0, ""candidate_safe"": 0, ""compile_passed"": 0, ""generated"": 0, ""implemented_support"": 0, ""policy_safe"": 0, ""total"": 0}, ""other"": {""behaviorally_validated"": 0, ""candidate_safe"": 0, ""compile_passed"": 0, ""generated"": 0, ""implemented_support"": 0, ""policy_safe"": 0, ""total"": 0}}",False,False,"{""pointer_length_array"": {""accepted"": 0, ""planned"": 1}}","{""validation_failed"": 1}",0,5,,False,,,failed,,failed,,failed,,failed,Could not build translated Rust program,passed,,"{""failed"": 4, ""passed"": 1, ""skipped"": 1}",,0,,1,,skipped,Disabled,,,,,0,0,0,0
safemap.benchmark_results.v3,2026-07-27T16:00:34Z,361f548f6a773f261ea92c2484d58ae8fdd5a98e,True,array_total,safemap_without_dependency_grouping,completed,,/mnt/data/college/research/SafeMAP/reports/development-component-ablations/safemap_without_dependency_grouping/.safemap/runs/20260727T160041Z-array_total-56f85a73,13,2,2,1,0.5,3,1.5,0,0,{},libclang,,total_array,safe_translatable_with_api_change,planned,True,True,accepted,total_array,1,1,1.0,"{""accepted"": 1}",2,2,2,1,1,1,1,1,1,0.5,"{""safe_translatable"": 1, ""safe_translatable_with_api_change"": 1}","{""candidate_safe"": 2}","{""implemented_support"": 1, ""not_implemented"": 1}","{""declared_target"": {""behaviorally_validated"": 1, ""candidate_safe"": 1, ""compile_passed"": 1, ""generated"": 1, ""implemented_support"": 1, ""policy_safe"": 1, ""total"": 1}, ""entry_point"": {""behaviorally_validated"": 0, ""candidate_safe"": 1, ""compile_passed"": 0, ""generated"": 0, ""implemented_support"": 0, ""policy_safe"": 0, ""total"": 1}, ""helper"": {""behaviorally_validated"": 0, ""candidate_safe"": 0, ""compile_passed"": 0, ""generated"": 0, ""implemented_support"": 0, ""policy_safe"": 0, ""total"": 0}, ""other"": {""behaviorally_validated"": 0, ""candidate_safe"": 0, ""compile_passed"": 0, ""generated"": 0, ""implemented_support"": 0, ""policy_safe"": 0, ""total"": 0}}",False,False,"{""pointer_length_array"": {""accepted"": 1, ""planned"": 1}}",{},0,5,,True,,,passed,,passed,,passed,,passed,,passed,,"{""passed"": 5, ""skipped"": 1}",,0,,0,,skipped,Disabled,,,,1.0,0,0,0,0
safemap.benchmark_results.v3,2026-07-27T16:00:34Z,361f548f6a773f261ea92c2484d58ae8fdd5a98e,True,array_total,safemap_without_idiom_plans,no_supported_synthesis,No output remained when the idiom plans component was disabled.,/mnt/data/college/research/SafeMAP/reports/development-component-ablations/safemap_without_idiom_plans/.safemap/runs/20260727T160042Z-array_total-af1329b9,13,2,2,1,0.5,3,1.5,0,0,{},libclang,,total_array,safe_translatable_with_api_change,rejected,True,False,safe_translatable_with_api_change,total_array,1,0,0.0,"{""safe_translatable_with_api_change"": 1}",2,2,2,0,0,0,0,0,0,0.0,"{""safe_translatable"": 1, ""safe_translatable_with_api_change"": 1}","{""candidate_safe"": 2}","{""not_implemented"": 2}","{""declared_target"": {""behaviorally_validated"": 0, ""candidate_safe"": 1, ""compile_passed"": 0, ""generated"": 0, ""implemented_support"": 0, ""policy_safe"": 0, ""total"": 1}, ""entry_point"": {""behaviorally_validated"": 0, ""candidate_safe"": 1, ""compile_passed"": 0, ""generated"": 0, ""implemented_support"": 0, ""policy_safe"": 0, ""total"": 1}, ""helper"": {""behaviorally_validated"": 0, ""candidate_safe"": 0, ""compile_passed"": 0, ""generated"": 0, ""implemented_support"": 0, ""policy_safe"": 0, ""total"": 0}, ""other"": {""behaviorally_validated"": 0, ""candidate_safe"": 0, ""compile_passed"": 0, ""generated"": 0, ""implemented_support"": 0, ""policy_safe"": 0, ""total"": 0}}",False,False,{},{},0,0,,,,,,,,,,,,,,,{},,,,,,,,,,,,0,0,0,0
safemap.benchmark_results.v3,2026-07-27T16:00:34Z,361f548f6a773f261ea92c2484d58ae8fdd5a98e,True,array_total,safemap_without_validation_feedback,completed,,/mnt/data/college/research/SafeMAP/reports/development-component-ablations/safemap_without_validation_feedback/.safemap/runs/20260727T160042Z-array_total-36a81a68,13,2,2,1,0.5,3,1.5,0,0,{},libclang,,total_array,safe_translatable_with_api_change,planned,True,True,accepted,total_array,1,1,1.0,"{""accepted"": 1}",2,2,2,1,1,1,1,1,1,0.5,"{""safe_translatable"": 1, ""safe_translatable_with_api_change"": 1}","{""candidate_safe"": 2}","{""implemented_support"": 1, ""not_implemented"": 1}","{""declared_target"": {""behaviorally_validated"": 1, ""candidate_safe"": 1, ""compile_passed"": 1, ""generated"": 1, ""implemented_support"": 1, ""policy_safe"": 1, ""total"": 1}, ""entry_point"": {""behaviorally_validated"": 0, ""candidate_safe"": 1, ""compile_passed"": 0, ""generated"": 0, ""implemented_support"": 0, ""policy_safe"": 0, ""total"": 1}, ""helper"": {""behaviorally_validated"": 0, ""candidate_safe"": 0, ""compile_passed"": 0, ""generated"": 0, ""implemented_support"": 0, ""policy_safe"": 0, ""total"": 0}, ""other"": {""behaviorally_validated"": 0, ""candidate_safe"": 0, ""compile_passed"": 0, ""generated"": 0, ""implemented_support"": 0, ""policy_safe"": 0, ""total"": 0}}",False,False,"{""pointer_length_array"": {""accepted"": 1, ""planned"": 1}}",{},0,5,,True,,,passed,,passed,,passed,,passed,,passed,,"{""passed"": 5, ""skipped"": 1}",,0,,0,,skipped,Disabled,,,,1.0,0,0,0,0
safemap.benchmark_results.v3,2026-07-27T16:00:34Z,361f548f6a773f261ea92c2484d58ae8fdd5a98e,True,boolean_greater_equal,safemap_deterministic,completed,,/mnt/data/college/research/SafeMAP/reports/development-component-ablations/safemap_deterministic/.safemap/runs/20260727T160043Z-boolean_greater_equal-abe6b870,10,2,2,0,0.0,2,1.0,0,0,{},libclang,,is_at_least,safe_translatable_with_api_change,planned,True,True,accepted,is_at_least,1,1,1.0,"{""accepted"": 1}",2,2,2,1,1,1,1,1,1,0.5,"{""safe_translatable"": 1, ""safe_translatable_with_api_change"": 1}","{""candidate_safe"": 2}","{""implemented_support"": 1, ""not_implemented"": 1}","{""declared_target"": {""behaviorally_validated"": 1, ""candidate_safe"": 1, ""compile_passed"": 1, ""generated"": 1, ""implemented_support"": 1, ""policy_safe"": 1, ""total"": 1}, ""entry_point"": {""behaviorally_validated"": 0, ""candidate_safe"": 1, ""compile_passed"": 0, ""generated"": 0, ""implemented_support"": 0, ""policy_safe"": 0, ""total"": 1}, ""helper"": {""behaviorally_validated"": 0, ""candidate_safe"": 0, ""compile_passed"": 0, ""generated"": 0, ""implemented_support"": 0, ""policy_safe"": 0, ""total"": 0}, ""other"": {""behaviorally_validated"": 0, ""candidate_safe"": 0, ""compile_passed"": 0, ""generated"": 0, ""implemented_support"": 0, ""policy_safe"": 0, ""total"": 0}}",False,False,"{""boolean_int"": {""accepted"": 1, ""planned"": 1}}",{},0,5,,True,,,passed,,passed,,passed,,passed,,passed,,"{""passed"": 5, ""skipped"": 1}",,0,,0,,skipped,Disabled,,,,1.0,0,0,0,0
safemap.benchmark_results.v3,2026-07-27T16:00:34Z,361f548f6a773f261ea92c2484d58ae8fdd5a98e,True,boolean_greater_equal,safemap_without_pointer_roles,completed,,/mnt/data/college/research/SafeMAP/reports/development-component-ablations/safemap_without_pointer_roles/.safemap/runs/20260727T160044Z-boolean_greater_equal-68f95169,10,2,2,0,0.0,2,1.0,0,0,{},libclang,,is_at_least,safe_translatable_with_api_change,planned,True,True,accepted,is_at_least,1,1,1.0,"{""accepted"": 1}",2,2,2,1,1,1,1,1,1,0.5,"{""safe_translatable"": 1, ""safe_translatable_with_api_change"": 1}","{""candidate_safe"": 2}","{""implemented_support"": 1, ""not_implemented"": 1}","{""declared_target"": {""behaviorally_validated"": 1, ""candidate_safe"": 1, ""compile_passed"": 1, ""generated"": 1, ""implemented_support"": 1, ""policy_safe"": 1, ""total"": 1}, ""entry_point"": {""behaviorally_validated"": 0, ""candidate_safe"": 1, ""compile_passed"": 0, ""generated"": 0, ""implemented_support"": 0, ""policy_safe"": 0, ""total"": 1}, ""helper"": {""behaviorally_validated"": 0, ""candidate_safe"": 0, ""compile_passed"": 0, ""generated"": 0, ""implemented_support"": 0, ""policy_safe"": 0, ""total"": 0}, ""other"": {""behaviorally_validated"": 0, ""candidate_safe"": 0, ""compile_passed"": 0, ""generated"": 0, ""implemented_support"": 0, ""policy_safe"": 0, ""total"": 0}}",False,False,"{""boolean_int"": {""accepted"": 1, ""planned"": 1}}",{},0,5,,True,,,passed,,passed,,passed,,passed,,passed,,"{""passed"": 5, ""skipped"": 1}",,0,,0,,skipped,Disabled,,,,1.0,0,0,0,0
safemap.benchmark_results.v3,2026-07-27T16:00:34Z,361f548f6a773f261ea92c2484d58ae8fdd5a98e,True,boolean_greater_equal,safemap_without_safe_signatures,completed,,/mnt/data/college/research/SafeMAP/reports/development-component-ablations/safemap_without_safe_signatures/.safemap/runs/20260727T160045Z-boolean_greater_equal-29ee84f0,10,2,2,0,0.0,2,1.0,0,0,{},libclang,,is_at_least,safe_translatable_with_api_change,planned,True,False,not_accepted,is_at_least,1,0,0.0,"{""not_accepted"": 1}",2,2,2,1,1,0,0,0,0,0.0,"{""safe_translatable"": 1, ""safe_translatable_with_api_change"": 1}","{""candidate_safe"": 2}","{""implemented_support"": 1, ""not_implemented"": 1}","{""declared_target"": {""behaviorally_validated"": 0, ""candidate_safe"": 1, ""compile_passed"": 0, ""generated"": 1, ""implemented_support"": 1, ""policy_safe"": 0, ""total"": 1}, ""entry_point"": {""behaviorally_validated"": 0, ""candidate_safe"": 1, ""compile_passed"": 0, ""generated"": 0, ""implemented_support"": 0, ""policy_safe"": 0, ""total"": 1}, ""helper"": {""behaviorally_validated"": 0, ""candidate_safe"": 0, ""compile_passed"": 0, ""generated"": 0, ""implemented_support"": 0, ""policy_safe"": 0, ""total"": 0}, ""other"": {""behaviorally_validated"": 0, ""candidate_safe"": 0, ""compile_passed"": 0, ""generated"": 0, ""implemented_support"": 0, ""policy_safe"": 0, ""total"": 0}}",False,False,"{""boolean_int"": {""accepted"": 0, ""planned"": 1}}","{""validation_failed"": 1}",0,5,,False,,,failed,,failed,,failed,,failed,Could not build translated Rust program,passed,,"{""failed"": 4, ""passed"": 1, ""skipped"": 1}",,0,,0,,skipped,Disabled,,,,,0,0,0,0
safemap.benchmark_results.v3,2026-07-27T16:00:34Z,361f548f6a773f261ea92c2484d58ae8fdd5a98e,True,boolean_greater_equal,safemap_without_dependency_grouping,completed,,/mnt/data/college/research/SafeMAP/reports/development-component-ablations/safemap_without_dependency_grouping/.safemap/runs/20260727T160046Z-boolean_greater_equal-c14ca7ea,10,2,2,0,0.0,2,1.0,0,0,{},libclang,,is_at_least,safe_translatable_with_api_change,planned,True,True,accepted,is_at_least,1,1,1.0,"{""accepted"": 1}",2,2,2,1,1,1,1,1,1,0.5,"{""safe_translatable"": 1, ""safe_translatable_with_api_change"": 1}","{""candidate_safe"": 2}","{""implemented_support"": 1, ""not_implemented"": 1}","{""declared_target"": {""behaviorally_validated"": 1, ""candidate_safe"": 1, ""compile_passed"": 1, ""generated"": 1, ""implemented_support"": 1, ""policy_safe"": 1, ""total"": 1}, ""entry_point"": {""behaviorally_validated"": 0, ""candidate_safe"": 1, ""compile_passed"": 0, ""generated"": 0, ""implemented_support"": 0, ""policy_safe"": 0, ""total"": 1}, ""helper"": {""behaviorally_validated"": 0, ""candidate_safe"": 0, ""compile_passed"": 0, ""generated"": 0, ""implemented_support"": 0, ""policy_safe"": 0, ""total"": 0}, ""other"": {""behaviorally_validated"": 0, ""candidate_safe"": 0, ""compile_passed"": 0, ""generated"": 0, ""implemented_support"": 0, ""policy_safe"": 0, ""total"": 0}}",False,False,"{""boolean_int"": {""accepted"": 1, ""planned"": 1}}",{},0,5,,True,,,passed,,passed,,passed,,passed,,passed,,"{""passed"": 5, ""skipped"": 1}",,0,,0,,skipped,Disabled,,,,1.0,0,0,0,0
safemap.benchmark_results.v3,2026-07-27T16:00:34Z,361f548f6a773f261ea92c2484d58ae8fdd5a98e,True,boolean_greater_equal,safemap_without_idiom_plans,no_supported_synthesis,No output remained when the idiom plans component was disabled.,/mnt/data/college/research/SafeMAP/reports/development-component-ablations/safemap_without_idiom_plans/.safemap/runs/20260727T160047Z-boolean_greater_equal-fa79a201,10,2,2,0,0.0,2,1.0,0,0,{},libclang,,is_at_least,safe_translatable_with_api_change,planned,True,False,not_accepted,is_at_least,1,0,0.0,"{""not_accepted"": 1}",2,2,2,0,0,0,0,0,0,0.0,"{""safe_translatable"": 1, ""safe_translatable_with_api_change"": 1}","{""candidate_safe"": 2}","{""not_implemented"": 2}","{""declared_target"": {""behaviorally_validated"": 0, ""candidate_safe"": 1, ""compile_passed"": 0, ""generated"": 0, ""implemented_support"": 0, ""policy_safe"": 0, ""total"": 1}, ""entry_point"": {""behaviorally_validated"": 0, ""candidate_safe"": 1, ""compile_passed"": 0, ""generated"": 0, ""implemented_support"": 0, ""policy_safe"": 0, ""total"": 1}, ""helper"": {""behaviorally_validated"": 0, ""candidate_safe"": 0, ""compile_passed"": 0, ""generated"": 0, ""implemented_support"": 0, ""policy_safe"": 0, ""total"": 0}, ""other"": {""behaviorally_validated"": 0, ""candidate_safe"": 0, ""compile_passed"": 0, ""generated"": 0, ""implemented_support"": 0, ""policy_safe"": 0, ""total"": 0}}",False,False,{},{},0,0,,,,,,,,,,,,,,,{},,,,,,,,,,,,0,0,0,0
safemap.benchmark_results.v3,2026-07-27T16:00:34Z,361f548f6a773f261ea92c2484d58ae8fdd5a98e,True,boolean_greater_equal,safemap_without_validation_feedback,completed,,/mnt/data/college/research/SafeMAP/reports/development-component-ablations/safemap_without_validation_feedback/.safemap/runs/20260727T160047Z-boolean_greater_equal-cf6677bf,10,2,2,0,0.0,2,1.0,0,0,{},libclang,,is_at_least,safe_translatable_with_api_change,planned,True,True,accepted,is_at_least,1,1,1.0,"{""accepted"": 1}",2,2,2,1,1,1,1,1,1,0.5,"{""safe_translatable"": 1, ""safe_translatable_with_api_change"": 1}","{""candidate_safe"": 2}","{""implemented_support"": 1, ""not_implemented"": 1}","{""declared_target"": {""behaviorally_validated"": 1, ""candidate_safe"": 1, ""compile_passed"": 1, ""generated"": 1, ""implemented_support"": 1, ""policy_safe"": 1, ""total"": 1}, ""entry_point"": {""behaviorally_validated"": 0, ""candidate_safe"": 1, ""compile_passed"": 0, ""generated"": 0, ""implemented_support"": 0, ""policy_safe"": 0, ""total"": 1}, ""helper"": {""behaviorally_validated"": 0, ""candidate_safe"": 0, ""compile_passed"": 0, ""generated"": 0, ""implemented_support"": 0, ""policy_safe"": 0, ""total"": 0}, ""other"": {""behaviorally_validated"": 0, ""candidate_safe"": 0, ""compile_passed"": 0, ""generated"": 0, ""implemented_support"": 0, ""policy_safe"": 0, ""total"": 0}}",False,False,"{""boolean_int"": {""accepted"": 1, ""planned"": 1}}",{},0,5,,True,,,passed,,passed,,passed,,passed,,passed,,"{""passed"": 5, ""skipped"": 1}",,0,,0,,skipped,Disabled,,,,1.0,0,0,0,0
safemap.benchmark_results.v3,2026-07-27T16:00:34Z,361f548f6a773f261ea92c2484d58ae8fdd5a98e,True,boolean_int,safemap_deterministic,completed,,/mnt/data/college/research/SafeMAP/reports/development-component-ablations/safemap_deterministic/.safemap/runs/20260727T160048Z-boolean_int-4e01b989,10,2,1,0,0.0,2,1.0,0,0,{},libclang,,is_even,safe_translatable_with_api_change,planned,True,True,accepted,is_even,1,1,1.0,"{""accepted"": 1}",2,2,2,1,1,1,1,1,1,0.5,"{""safe_translatable"": 1, ""safe_translatable_with_api_change"": 1}","{""candidate_safe"": 2}","{""implemented_support"": 1, ""not_implemented"": 1}","{""declared_target"": {""behaviorally_validated"": 1, ""candidate_safe"": 1, ""compile_passed"": 1, ""generated"": 1, ""implemented_support"": 1, ""policy_safe"": 1, ""total"": 1}, ""entry_point"": {""behaviorally_validated"": 0, ""candidate_safe"": 1, ""compile_passed"": 0, ""generated"": 0, ""implemented_support"": 0, ""policy_safe"": 0, ""total"": 1}, ""helper"": {""behaviorally_validated"": 0, ""candidate_safe"": 0, ""compile_passed"": 0, ""generated"": 0, ""implemented_support"": 0, ""policy_safe"": 0, ""total"": 0}, ""other"": {""behaviorally_validated"": 0, ""candidate_safe"": 0, ""compile_passed"": 0, ""generated"": 0, ""implemented_support"": 0, ""policy_safe"": 0, ""total"": 0}}",False,False,"{""boolean_int"": {""accepted"": 1, ""planned"": 1}}",{},0,5,,True,,,passed,,passed,,passed,,passed,,passed,,"{""passed"": 5, ""skipped"": 1}",,0,,0,,skipped,Disabled,,,,1.0,0,0,0,0
safemap.benchmark_results.v3,2026-07-27T16:00:34Z,361f548f6a773f261ea92c2484d58ae8fdd5a98e,True,boolean_int,safemap_without_pointer_roles,completed,,/mnt/data/college/research/SafeMAP/reports/development-component-ablations/safemap_without_pointer_roles/.safemap/runs/20260727T160049Z-boolean_int-59ecbdb8,10,2,1,0,0.0,2,1.0,0,0,{},libclang,,is_even,safe_translatable_with_api_change,planned,True,True,accepted,is_even,1,1,1.0,"{""accepted"": 1}",2,2,2,1,1,1,1,1,1,0.5,"{""safe_translatable"": 1, ""safe_translatable_with_api_change"": 1}","{""candidate_safe"": 2}","{""implemented_support"": 1, ""not_implemented"": 1}","{""declared_target"": {""behaviorally_validated"": 1, ""candidate_safe"": 1, ""compile_passed"": 1, ""generated"": 1, ""implemented_support"": 1, ""policy_safe"": 1, ""total"": 1}, ""entry_point"": {""behaviorally_validated"": 0, ""candidate_safe"": 1, ""compile_passed"": 0, ""generated"": 0, ""implemented_support"": 0, ""policy_safe"": 0, ""total"": 1}, ""helper"": {""behaviorally_validated"": 0, ""candidate_safe"": 0, ""compile_passed"": 0, ""generated"": 0, ""implemented_support"": 0, ""policy_safe"": 0, ""total"": 0}, ""other"": {""behaviorally_validated"": 0, ""candidate_safe"": 0, ""compile_passed"": 0, ""generated"": 0, ""implemented_support"": 0, ""policy_safe"": 0, ""total"": 0}}",False,False,"{""boolean_int"": {""accepted"": 1, ""planned"": 1}}",{},0,5,,True,,,passed,,passed,,passed,,passed,,passed,,"{""passed"": 5, ""skipped"": 1}",,0,,0,,skipped,Disabled,,,,1.0,0,0,0,0
safemap.benchmark_results.v3,2026-07-27T16:00:34Z,361f548f6a773f261ea92c2484d58ae8fdd5a98e,True,boolean_int,safemap_without_safe_signatures,completed,,/mnt/data/college/research/SafeMAP/reports/development-component-ablations/safemap_without_safe_signatures/.safemap/runs/20260727T160050Z-boolean_int-08376286,10,2,1,0,0.0,2,1.0,0,0,{},libclang,,is_even,safe_translatable_with_api_change,planned,True,False,not_accepted,is_even,1,0,0.0,"{""not_accepted"": 1}",2,2,2,1,1,0,0,0,0,0.0,"{""safe_translatable"": 1, ""safe_translatable_with_api_change"": 1}","{""candidate_safe"": 2}","{""implemented_support"": 1, ""not_implemented"": 1}","{""declared_target"": {""behaviorally_validated"": 0, ""candidate_safe"": 1, ""compile_passed"": 0, ""generated"": 1, ""implemented_support"": 1, ""policy_safe"": 0, ""total"": 1}, ""entry_point"": {""behaviorally_validated"": 0, ""candidate_safe"": 1, ""compile_passed"": 0, ""generated"": 0, ""implemented_support"": 0, ""policy_safe"": 0, ""total"": 1}, ""helper"": {""behaviorally_validated"": 0, ""candidate_safe"": 0, ""compile_passed"": 0, ""generated"": 0, ""implemented_support"": 0, ""policy_safe"": 0, ""total"": 0}, ""other"": {""behaviorally_validated"": 0, ""candidate_safe"": 0, ""compile_passed"": 0, ""generated"": 0, ""implemented_support"": 0, ""policy_safe"": 0, ""total"": 0}}",False,False,"{""boolean_int"": {""accepted"": 0, ""planned"": 1}}","{""validation_failed"": 1}",0,5,,False,,,failed,,failed,,failed,,failed,Could not build translated Rust program,passed,,"{""failed"": 4, ""passed"": 1, ""skipped"": 1}",,0,,0,,skipped,Disabled,,,,,0,0,0,0
safemap.benchmark_results.v3,2026-07-27T16:00:34Z,361f548f6a773f261ea92c2484d58ae8fdd5a98e,True,boolean_int,safemap_without_dependency_grouping,completed,,/mnt/data/college/research/SafeMAP/reports/development-component-ablations/safemap_without_dependency_grouping/.safemap/runs/20260727T160051Z-boolean_int-c67bb156,10,2,1,0,0.0,2,1.0,0,0,{},libclang,,is_even,safe_translatable_with_api_change,planned,True,True,accepted,is_even,1,1,1.0,"{""accepted"": 1}",2,2,2,1,1,1,1,1,1,0.5,"{""safe_translatable"": 1, ""safe_translatable_with_api_change"": 1}","{""candidate_safe"": 2}","{""implemented_support"": 1, ""not_implemented"": 1}","{""declared_target"": {""behaviorally_validated"": 1, ""candidate_safe"": 1, ""compile_passed"": 1, ""generated"": 1, ""implemented_support"": 1, ""policy_safe"": 1, ""total"": 1}, ""entry_point"": {""behaviorally_validated"": 0, ""candidate_safe"": 1, ""compile_passed"": 0, ""generated"": 0, ""implemented_support"": 0, ""policy_safe"": 0, ""total"": 1}, ""helper"": {""behaviorally_validated"": 0, ""candidate_safe"": 0, ""compile_passed"": 0, ""generated"": 0, ""implemented_support"": 0, ""policy_safe"": 0, ""total"": 0}, ""other"": {""behaviorally_validated"": 0, ""candidate_safe"": 0, ""compile_passed"": 0, ""generated"": 0, ""implemented_support"": 0, ""policy_safe"": 0, ""total"": 0}}",False,False,"{""boolean_int"": {""accepted"": 1, ""planned"": 1}}",{},0,5,,True,,,passed,,passed,,passed,,passed,,passed,,"{""passed"": 5, ""skipped"": 1}",,0,,0,,skipped,Disabled,,,,1.0,0,0,0,0
safemap.benchmark_results.v3,2026-07-27T16:00:34Z,361f548f6a773f261ea92c2484d58ae8fdd5a98e,True,boolean_int,safemap_without_idiom_plans,no_supported_synthesis,No output remained when the idiom plans component was disabled.,/mnt/data/college/research/SafeMAP/reports/development-component-ablations/safemap_without_idiom_plans/.safemap/runs/20260727T160052Z-boolean_int-655a5106,10,2,1,0,0.0,2,1.0,0,0,{},libclang,,is_even,safe_translatable_with_api_change,planned,True,False,not_accepted,is_even,1,0,0.0,"{""not_accepted"": 1}",2,2,2,0,0,0,0,0,0,0.0,"{""safe_translatable"": 1, ""safe_translatable_with_api_change"": 1}","{""candidate_safe"": 2}","{""not_implemented"": 2}","{""declared_target"": {""behaviorally_validated"": 0, ""candidate_safe"": 1, ""compile_passed"": 0, ""generated"": 0, ""implemented_support"": 0, ""policy_safe"": 0, ""total"": 1}, ""entry_point"": {""behaviorally_validated"": 0, ""candidate_safe"": 1, ""compile_passed"": 0, ""generated"": 0, ""implemented_support"": 0, ""policy_safe"": 0, ""total"": 1}, ""helper"": {""behaviorally_validated"": 0, ""candidate_safe"": 0, ""compile_passed"": 0, ""generated"": 0, ""implemented_support"": 0, ""policy_safe"": 0, ""total"": 0}, ""other"": {""behaviorally_validated"": 0, ""candidate_safe"": 0, ""compile_passed"": 0, ""generated"": 0, ""implemented_support"": 0, ""policy_safe"": 0, ""total"": 0}}",False,False,{},{},0,0,,,,,,,,,,,,,,,{},,,,,,,,,,,,0,0,0,0
safemap.benchmark_results.v3,2026-07-27T16:00:34Z,361f548f6a773f261ea92c2484d58ae8fdd5a98e,True,boolean_int,safemap_without_validation_feedback,completed,,/mnt/data/college/research/SafeMAP/reports/development-component-ablations/safemap_without_validation_feedback/.safemap/runs/20260727T160052Z-boolean_int-fd557096,10,2,1,0,0.0,2,1.0,0,0,{},libclang,,is_even,safe_translatable_with_api_change,planned,True,True,accepted,is_even,1,1,1.0,"{""accepted"": 1}",2,2,2,1,1,1,1,1,1,0.5,"{""safe_translatable"": 1, ""safe_translatable_with_api_change"": 1}","{""candidate_safe"": 2}","{""implemented_support"": 1, ""not_implemented"": 1}","{""declared_target"": {""behaviorally_validated"": 1, ""candidate_safe"": 1, ""compile_passed"": 1, ""generated"": 1, ""implemented_support"": 1, ""policy_safe"": 1, ""total"": 1}, ""entry_point"": {""behaviorally_validated"": 0, ""candidate_safe"": 1, ""compile_passed"": 0, ""generated"": 0, ""implemented_support"": 0, ""policy_safe"": 0, ""total"": 1}, ""helper"": {""behaviorally_validated"": 0, ""candidate_safe"": 0, ""compile_passed"": 0, ""generated"": 0, ""implemented_support"": 0, ""policy_safe"": 0, ""total"": 0}, ""other"": {""behaviorally_validated"": 0, ""candidate_safe"": 0, ""compile_passed"": 0, ""generated"": 0, ""implemented_support"": 0, ""policy_safe"": 0, ""total"": 0}}",False,False,"{""boolean_int"": {""accepted"": 1, ""planned"": 1}}",{},0,5,,True,,,passed,,passed,,passed,,passed,,passed,,"{""passed"": 5, ""skipped"": 1}",,0,,0,,skipped,Disabled,,,,1.0,0,0,0,0
safemap.benchmark_results.v3,2026-07-27T16:00:34Z,361f548f6a773f261ea92c2484d58ae8fdd5a98e,True,boolean_less_equal,safemap_deterministic,completed,,/mnt/data/college/research/SafeMAP/reports/development-component-ablations/safemap_deterministic/.safemap/runs/20260727T160053Z-boolean_less_equal-6f1f6a82,10,2,2,0,0.0,2,1.0,0,0,{},libclang,,is_at_most,safe_translatable_with_api_change,planned,True,True,accepted,is_at_most,1,1,1.0,"{""accepted"": 1}",2,2,2,1,1,1,1,1,1,0.5,"{""safe_translatable"": 1, ""safe_translatable_with_api_change"": 1}","{""candidate_safe"": 2}","{""implemented_support"": 1, ""not_implemented"": 1}","{""declared_target"": {""behaviorally_validated"": 1, ""candidate_safe"": 1, ""compile_passed"": 1, ""generated"": 1, ""implemented_support"": 1, ""policy_safe"": 1, ""total"": 1}, ""entry_point"": {""behaviorally_validated"": 0, ""candidate_safe"": 1, ""compile_passed"": 0, ""generated"": 0, ""implemented_support"": 0, ""policy_safe"": 0, ""total"": 1}, ""helper"": {""behaviorally_validated"": 0, ""candidate_safe"": 0, ""compile_passed"": 0, ""generated"": 0, ""implemented_support"": 0, ""policy_safe"": 0, ""total"": 0}, ""other"": {""behaviorally_validated"": 0, ""candidate_safe"": 0, ""compile_passed"": 0, ""generated"": 0, ""implemented_support"": 0, ""policy_safe"": 0, ""total"": 0}}",False,False,"{""boolean_int"": {""accepted"": 1, ""planned"": 1}}",{},0,5,,True,,,passed,,passed,,passed,,passed,,passed,,"{""passed"": 5, ""skipped"": 1}",,0,,0,,skipped,Disabled,,,,1.0,0,0,0,0
safemap.benchmark_results.v3,2026-07-27T16:00:34Z,361f548f6a773f261ea92c2484d58ae8fdd5a98e,True,boolean_less_equal,safemap_without_pointer_roles,completed,,/mnt/data/college/research/SafeMAP/reports/development-component-ablations/safemap_without_pointer_roles/.safemap/runs/20260727T160054Z-boolean_less_equal-49596a22,10,2,2,0,0.0,2,1.0,0,0,{},libclang,,is_at_most,safe_translatable_with_api_change,planned,True,True,accepted,is_at_most,1,1,1.0,"{""accepted"": 1}",2,2,2,1,1,1,1,1,1,0.5,"{""safe_translatable"": 1, ""safe_translatable_with_api_change"": 1}","{""candidate_safe"": 2}","{""implemented_support"": 1, ""not_implemented"": 1}","{""declared_target"": {""behaviorally_validated"": 1, ""candidate_safe"": 1, ""compile_passed"": 1, ""generated"": 1, ""implemented_support"": 1, ""policy_safe"": 1, ""total"": 1}, ""entry_point"": {""behaviorally_validated"": 0, ""candidate_safe"": 1, ""compile_passed"": 0, ""generated"": 0, ""implemented_support"": 0, ""policy_safe"": 0, ""total"": 1}, ""helper"": {""behaviorally_validated"": 0, ""candidate_safe"": 0, ""compile_passed"": 0, ""generated"": 0, ""implemented_support"": 0, ""policy_safe"": 0, ""total"": 0}, ""other"": {""behaviorally_validated"": 0, ""candidate_safe"": 0, ""compile_passed"": 0, ""generated"": 0, ""implemented_support"": 0, ""policy_safe"": 0, ""total"": 0}}",False,False,"{""boolean_int"": {""accepted"": 1, ""planned"": 1}}",{},0,5,,True,,,passed,,passed,,passed,,passed,,passed,,"{""passed"": 5, ""skipped"": 1}",,0,,0,,skipped,Disabled,,,,1.0,0,0,0,0
safemap.benchmark_results.v3,2026-07-27T16:00:34Z,361f548f6a773f261ea92c2484d58ae8fdd5a98e,True,boolean_less_equal,safemap_without_safe_signatures,completed,,/mnt/data/college/research/SafeMAP/reports/development-component-ablations/safemap_without_safe_signatures/.safemap/runs/20260727T160055Z-boolean_less_equal-8d19bb77,10,2,2,0,0.0,2,1.0,0,0,{},libclang,,is_at_most,safe_translatable_with_api_change,planned,True,False,not_accepted,is_at_most,1,0,0.0,"{""not_accepted"": 1}",2,2,2,1,1,0,0,0,0,0.0,"{""safe_translatable"": 1, ""safe_translatable_with_api_change"": 1}","{""candidate_safe"": 2}","{""implemented_support"": 1, ""not_implemented"": 1}","{""declared_target"": {""behaviorally_validated"": 0, ""candidate_safe"": 1, ""compile_passed"": 0, ""generated"": 1, ""implemented_support"": 1, ""policy_safe"": 0, ""total"": 1}, ""entry_point"": {""behaviorally_validated"": 0, ""candidate_safe"": 1, ""compile_passed"": 0, ""generated"": 0, ""implemented_support"": 0, ""policy_safe"": 0, ""total"": 1}, ""helper"": {""behaviorally_validated"": 0, ""candidate_safe"": 0, ""compile_passed"": 0, ""generated"": 0, ""implemented_support"": 0, ""policy_safe"": 0, ""total"": 0}, ""other"": {""behaviorally_validated"": 0, ""candidate_safe"": 0, ""compile_passed"": 0, ""generated"": 0, ""implemented_support"": 0, ""policy_safe"": 0, ""total"": 0}}",False,False,"{""boolean_int"": {""accepted"": 0, ""planned"": 1}}","{""validation_failed"": 1}",0,5,,False,,,failed,,failed,,failed,,failed,Could not build translated Rust program,passed,,"{""failed"": 4, ""passed"": 1, ""skipped"": 1}",,0,,0,,skipped,Disabled,,,,,0,0,0,0
safemap.benchmark_results.v3,2026-07-27T16:00:34Z,361f548f6a773f261ea92c2484d58ae8fdd5a98e,True,boolean_less_equal,safemap_without_dependency_grouping,completed,,/mnt/data/college/research/SafeMAP/reports/development-component-ablations/safemap_without_dependency_grouping/.safemap/runs/20260727T160056Z-boolean_less_equal-68fc9668,10,2,2,0,0.0,2,1.0,0,0,{},libclang,,is_at_most,safe_translatable_with_api_change,planned,True,True,accepted,is_at_most,1,1,1.0,"{""accepted"": 1}",2,2,2,1,1,1,1,1,1,0.5,"{""safe_translatable"": 1, ""safe_translatable_with_api_change"": 1}","{""candidate_safe"": 2}","{""implemented_support"": 1, ""not_implemented"": 1}","{""declared_target"": {""behaviorally_validated"": 1, ""candidate_safe"": 1, ""compile_passed"": 1, ""generated"": 1, ""implemented_support"": 1, ""policy_safe"": 1, ""total"": 1}, ""entry_point"": {""behaviorally_validated"": 0, ""candidate_safe"": 1, ""compile_passed"": 0, ""generated"": 0, ""implemented_support"": 0, ""policy_safe"": 0, ""total"": 1}, ""helper"": {""behaviorally_validated"": 0, ""candidate_safe"": 0, ""compile_passed"": 0, ""generated"": 0, ""implemented_support"": 0, ""policy_safe"": 0, ""total"": 0}, ""other"": {""behaviorally_validated"": 0, ""candidate_safe"": 0, ""compile_passed"": 0, ""generated"": 0, ""implemented_support"": 0, ""policy_safe"": 0, ""total"": 0}}",False,False,"{""boolean_int"": {""accepted"": 1, ""planned"": 1}}",{},0,5,,True,,,passed,,passed,,passed,,passed,,passed,,"{""passed"": 5, ""skipped"": 1}",,0,,0,,skipped,Disabled,,,,1.0,0,0,0,0
safemap.benchmark_results.v3,2026-07-27T16:00:34Z,361f548f6a773f261ea92c2484d58ae8fdd5a98e,True,boolean_less_equal,safemap_without_idiom_plans,no_supported_synthesis,No output remained when the idiom plans component was disabled.,/mnt/data/college/research/SafeMAP/reports/development-component-ablations/safemap_without_idiom_plans/.safemap/runs/20260727T160057Z-boolean_less_equal-206fe344,10,2,2,0,0.0,2,1.0,0,0,{},libclang,,is_at_most,safe_translatable_with_api_change,planned,True,False,not_accepted,is_at_most,1,0,0.0,"{""not_accepted"": 1}",2,2,2,0,0,0,0,0,0,0.0,"{""safe_translatable"": 1, ""safe_translatable_with_api_change"": 1}","{""candidate_safe"": 2}","{""not_implemented"": 2}","{""declared_target"": {""behaviorally_validated"": 0, ""candidate_safe"": 1, ""compile_passed"": 0, ""generated"": 0, ""implemented_support"": 0, ""policy_safe"": 0, ""total"": 1}, ""entry_point"": {""behaviorally_validated"": 0, ""candidate_safe"": 1, ""compile_passed"": 0, ""generated"": 0, ""implemented_support"": 0, ""policy_safe"": 0, ""total"": 1}, ""helper"": {""behaviorally_validated"": 0, ""candidate_safe"": 0, ""compile_passed"": 0, ""generated"": 0, ""implemented_support"": 0, ""policy_safe"": 0, ""total"": 0}, ""other"": {""behaviorally_validated"": 0, ""candidate_safe"": 0, ""compile_passed"": 0, ""generated"": 0, ""implemented_support"": 0, ""policy_safe"": 0, ""total"": 0}}",False,False,{},{},0,0,,,,,,,,,,,,,,,{},,,,,,,,,,,,0,0,0,0
safemap.benchmark_results.v3,2026-07-27T16:00:34Z,361f548f6a773f261ea92c2484d58ae8fdd5a98e,True,boolean_less_equal,safemap_without_validation_feedback,completed,,/mnt/data/college/research/SafeMAP/reports/development-component-ablations/safemap_without_validation_feedback/.safemap/runs/20260727T160057Z-boolean_less_equal-a2667a69,10,2,2,0,0.0,2,1.0,0,0,{},libclang,,is_at_most,safe_translatable_with_api_change,planned,True,True,accepted,is_at_most,1,1,1.0,"{""accepted"": 1}",2,2,2,1,1,1,1,1,1,0.5,"{""safe_translatable"": 1, ""safe_translatable_with_api_change"": 1}","{""candidate_safe"": 2}","{""implemented_support"": 1, ""not_implemented"": 1}","{""declared_target"": {""behaviorally_validated"": 1, ""candidate_safe"": 1, ""compile_passed"": 1, ""generated"": 1, ""implemented_support"": 1, ""policy_safe"": 1, ""total"": 1}, ""entry_point"": {""behaviorally_validated"": 0, ""candidate_safe"": 1, ""compile_passed"": 0, ""generated"": 0, ""implemented_support"": 0, ""policy_safe"": 0, ""total"": 1}, ""helper"": {""behaviorally_validated"": 0, ""candidate_safe"": 0, ""compile_passed"": 0, ""generated"": 0, ""implemented_support"": 0, ""policy_safe"": 0, ""total"": 0}, ""other"": {""behaviorally_validated"": 0, ""candidate_safe"": 0, ""compile_passed"": 0, ""generated"": 0, ""implemented_support"": 0, ""policy_safe"": 0, ""total"": 0}}",False,False,"{""boolean_int"": {""accepted"": 1, ""planned"": 1}}",{},0,5,,True,,,passed,,passed,,passed,,passed,,passed,,"{""passed"": 5, ""skipped"": 1}",,0,,0,,skipped,Disabled,,,,1.0,0,0,0,0
safemap.benchmark_results.v3,2026-07-27T16:00:34Z,361f548f6a773f261ea92c2484d58ae8fdd5a98e,True,boolean_negative,safemap_deterministic,completed,,/mnt/data/college/research/SafeMAP/reports/development-component-ablations/safemap_deterministic/.safemap/runs/20260727T160058Z-boolean_negative-9fb20fde,10,2,1,0,0.0,2,1.0,0,0,{},libclang,,is_negative,safe_translatable_with_api_change,planned,True,True,accepted,is_negative,1,1,1.0,"{""accepted"": 1}",2,2,2,1,1,1,1,1,1,0.5,"{""safe_translatable"": 1, ""safe_translatable_with_api_change"": 1}","{""candidate_safe"": 2}","{""implemented_support"": 1, ""not_implemented"": 1}","{""declared_target"": {""behaviorally_validated"": 1, ""candidate_safe"": 1, ""compile_passed"": 1, ""generated"": 1, ""implemented_support"": 1, ""policy_safe"": 1, ""total"": 1}, ""entry_point"": {""behaviorally_validated"": 0, ""candidate_safe"": 1, ""compile_passed"": 0, ""generated"": 0, ""implemented_support"": 0, ""policy_safe"": 0, ""total"": 1}, ""helper"": {""behaviorally_validated"": 0, ""candidate_safe"": 0, ""compile_passed"": 0, ""generated"": 0, ""implemented_support"": 0, ""policy_safe"": 0, ""total"": 0}, ""other"": {""behaviorally_validated"": 0, ""candidate_safe"": 0, ""compile_passed"": 0, ""generated"": 0, ""implemented_support"": 0, ""policy_safe"": 0, ""total"": 0}}",False,False,"{""boolean_int"": {""accepted"": 1, ""planned"": 1}}",{},0,5,,True,,,passed,,passed,,passed,,passed,,passed,,"{""passed"": 5, ""skipped"": 1}",,0,,0,,skipped,Disabled,,,,1.0,0,0,0,0
safemap.benchmark_results.v3,2026-07-27T16:00:34Z,361f548f6a773f261ea92c2484d58ae8fdd5a98e,True,boolean_negative,safemap_without_pointer_roles,completed,,/mnt/data/college/research/SafeMAP/reports/development-component-ablations/safemap_without_pointer_roles/.safemap/runs/20260727T160059Z-boolean_negative-149d3cc6,10,2,1,0,0.0,2,1.0,0,0,{},libclang,,is_negative,safe_translatable_with_api_change,planned,True,True,accepted,is_negative,1,1,1.0,"{""accepted"": 1}",2,2,2,1,1,1,1,1,1,0.5,"{""safe_translatable"": 1, ""safe_translatable_with_api_change"": 1}","{""candidate_safe"": 2}","{""implemented_support"": 1, ""not_implemented"": 1}","{""declared_target"": {""behaviorally_validated"": 1, ""candidate_safe"": 1, ""compile_passed"": 1, ""generated"": 1, ""implemented_support"": 1, ""policy_safe"": 1, ""total"": 1}, ""entry_point"": {""behaviorally_validated"": 0, ""candidate_safe"": 1, ""compile_passed"": 0, ""generated"": 0, ""implemented_support"": 0, ""policy_safe"": 0, ""total"": 1}, ""helper"": {""behaviorally_validated"": 0, ""candidate_safe"": 0, ""compile_passed"": 0, ""generated"": 0, ""implemented_support"": 0, ""policy_safe"": 0, ""total"": 0}, ""other"": {""behaviorally_validated"": 0, ""candidate_safe"": 0, ""compile_passed"": 0, ""generated"": 0, ""implemented_support"": 0, ""policy_safe"": 0, ""total"": 0}}",False,False,"{""boolean_int"": {""accepted"": 1, ""planned"": 1}}",{},0,5,,True,,,passed,,passed,,passed,,passed,,passed,,"{""passed"": 5, ""skipped"": 1}",,0,,0,,skipped,Disabled,,,,1.0,0,0,0,0
safemap.benchmark_results.v3,2026-07-27T16:00:34Z,361f548f6a773f261ea92c2484d58ae8fdd5a98e,True,boolean_negative,safemap_without_safe_signatures,completed,,/mnt/data/college/research/SafeMAP/reports/development-component-ablations/safemap_without_safe_signatures/.safemap/runs/20260727T160100Z-boolean_negative-13291596,10,2,1,0,0.0,2,1.0,0,0,{},libclang,,is_negative,safe_translatable_with_api_change,planned,True,False,not_accepted,is_negative,1,0,0.0,"{""not_accepted"": 1}",2,2,2,1,1,0,0,0,0,0.0,"{""safe_translatable"": 1, ""safe_translatable_with_api_change"": 1}","{""candidate_safe"": 2}","{""implemented_support"": 1, ""not_implemented"": 1}","{""declared_target"": {""behaviorally_validated"": 0, ""candidate_safe"": 1, ""compile_passed"": 0, ""generated"": 1, ""implemented_support"": 1, ""policy_safe"": 0, ""total"": 1}, ""entry_point"": {""behaviorally_validated"": 0, ""candidate_safe"": 1, ""compile_passed"": 0, ""generated"": 0, ""implemented_support"": 0, ""policy_safe"": 0, ""total"": 1}, ""helper"": {""behaviorally_validated"": 0, ""candidate_safe"": 0, ""compile_passed"": 0, ""generated"": 0, ""implemented_support"": 0, ""policy_safe"": 0, ""total"": 0}, ""other"": {""behaviorally_validated"": 0, ""candidate_safe"": 0, ""compile_passed"": 0, ""generated"": 0, ""implemented_support"": 0, ""policy_safe"": 0, ""total"": 0}}",False,False,"{""boolean_int"": {""accepted"": 0, ""planned"": 1}}","{""validation_failed"": 1}",0,5,,False,,,failed,,failed,,failed,,failed,Could not build translated Rust program,passed,,"{""failed"": 4, ""passed"": 1, ""skipped"": 1}",,0,,0,,skipped,Disabled,,,,,0,0,0,0
safemap.benchmark_results.v3,2026-07-27T16:00:34Z,361f548f6a773f261ea92c2484d58ae8fdd5a98e,True,boolean_negative,safemap_without_dependency_grouping,completed,,/mnt/data/college/research/SafeMAP/reports/development-component-ablations/safemap_without_dependency_grouping/.safemap/runs/20260727T160100Z-boolean_negative-bf7c6f6a,10,2,1,0,0.0,2,1.0,0,0,{},libclang,,is_negative,safe_translatable_with_api_change,planned,True,True,accepted,is_negative,1,1,1.0,"{""accepted"": 1}",2,2,2,1,1,1,1,1,1,0.5,"{""safe_translatable"": 1, ""safe_translatable_with_api_change"": 1}","{""candidate_safe"": 2}","{""implemented_support"": 1, ""not_implemented"": 1}","{""declared_target"": {""behaviorally_validated"": 1, ""candidate_safe"": 1, ""compile_passed"": 1, ""generated"": 1, ""implemented_support"": 1, ""policy_safe"": 1, ""total"": 1}, ""entry_point"": {""behaviorally_validated"": 0, ""candidate_safe"": 1, ""compile_passed"": 0, ""generated"": 0, ""implemented_support"": 0, ""policy_safe"": 0, ""total"": 1}, ""helper"": {""behaviorally_validated"": 0, ""candidate_safe"": 0, ""compile_passed"": 0, ""generated"": 0, ""implemented_support"": 0, ""policy_safe"": 0, ""total"": 0}, ""other"": {""behaviorally_validated"": 0, ""candidate_safe"": 0, ""compile_passed"": 0, ""generated"": 0, ""implemented_support"": 0, ""policy_safe"": 0, ""total"": 0}}",False,False,"{""boolean_int"": {""accepted"": 1, ""planned"": 1}}",{},0,5,,True,,,passed,,passed,,passed,,passed,,passed,,"{""passed"": 5, ""skipped"": 1}",,0,,0,,skipped,Disabled,,,,1.0,0,0,0,0
safemap.benchmark_results.v3,2026-07-27T16:00:34Z,361f548f6a773f261ea92c2484d58ae8fdd5a98e,True,boolean_negative,safemap_without_idiom_plans,no_supported_synthesis,No output remained when the idiom plans component was disabled.,/mnt/data/college/research/SafeMAP/reports/development-component-ablations/safemap_without_idiom_plans/.safemap/runs/20260727T160101Z-boolean_negative-f9e96fbd,10,2,1,0,0.0,2,1.0,0,0,{},libclang,,is_negative,safe_translatable_with_api_change,planned,True,False,not_accepted,is_negative,1,0,0.0,"{""not_accepted"": 1}",2,2,2,0,0,0,0,0,0,0.0,"{""safe_translatable"": 1, ""safe_translatable_with_api_change"": 1}","{""candidate_safe"": 2}","{""not_implemented"": 2}","{""declared_target"": {""behaviorally_validated"": 0, ""candidate_safe"": 1, ""compile_passed"": 0, ""generated"": 0, ""implemented_support"": 0, ""policy_safe"": 0, ""total"": 1}, ""entry_point"": {""behaviorally_validated"": 0, ""candidate_safe"": 1, ""compile_passed"": 0, ""generated"": 0, ""implemented_support"": 0, ""policy_safe"": 0, ""total"": 1}, ""helper"": {""behaviorally_validated"": 0, ""candidate_safe"": 0, ""compile_passed"": 0, ""generated"": 0, ""implemented_support"": 0, ""policy_safe"": 0, ""total"": 0}, ""other"": {""behaviorally_validated"": 0, ""candidate_safe"": 0, ""compile_passed"": 0, ""generated"": 0, ""implemented_support"": 0, ""policy_safe"": 0, ""total"": 0}}",False,False,{},{},0,0,,,,,,,,,,,,,,,{},,,,,,,,,,,,0,0,0,0
safemap.benchmark_results.v3,2026-07-27T16:00:34Z,361f548f6a773f261ea92c2484d58ae8fdd5a98e,True,boolean_negative,safemap_without_validation_feedback,completed,,/mnt/data/college/research/SafeMAP/reports/development-component-ablations/safemap_without_validation_feedback/.safemap/runs/20260727T160102Z-boolean_negative-391462e2,10,2,1,0,0.0,2,1.0,0,0,{},libclang,,is_negative,safe_translatable_with_api_change,planned,True,True,accepted,is_negative,1,1,1.0,"{""accepted"": 1}",2,2,2,1,1,1,1,1,1,0.5,"{""safe_translatable"": 1, ""safe_translatable_with_api_change"": 1}","{""candidate_safe"": 2}","{""implemented_support"": 1, ""not_implemented"": 1}","{""declared_target"": {""behaviorally_validated"": 1, ""candidate_safe"": 1, ""compile_passed"": 1, ""generated"": 1, ""implemented_support"": 1, ""policy_safe"": 1, ""total"": 1}, ""entry_point"": {""behaviorally_validated"": 0, ""candidate_safe"": 1, ""compile_passed"": 0, ""generated"": 0, ""implemented_support"": 0, ""policy_safe"": 0, ""total"": 1}, ""helper"": {""behaviorally_validated"": 0, ""candidate_safe"": 0, ""compile_passed"": 0, ""generated"": 0, ""implemented_support"": 0, ""policy_safe"": 0, ""total"": 0}, ""other"": {""behaviorally_validated"": 0, ""candidate_safe"": 0, ""compile_passed"": 0, ""generated"": 0, ""implemented_support"": 0, ""policy_safe"": 0, ""total"": 0}}",False,False,"{""boolean_int"": {""accepted"": 1, ""planned"": 1}}",{},0,5,,True,,,passed,,passed,,passed,,passed,,passed,,"{""passed"": 5, ""skipped"": 1}",,0,,0,,skipped,Disabled,,,,1.0,0,0,0,0
safemap.benchmark_results.v3,2026-07-27T16:00:34Z,361f548f6a773f261ea92c2484d58ae8fdd5a98e,True,boolean_nonzero,safemap_deterministic,completed,,/mnt/data/college/research/SafeMAP/reports/development-component-ablations/safemap_deterministic/.safemap/runs/20260727T160103Z-boolean_nonzero-0597e3a7,10,2,1,0,0.0,2,1.0,0,0,{},libclang,,is_nonzero,safe_translatable_with_api_change,planned,True,True,accepted,is_nonzero,1,1,1.0,"{""accepted"": 1}",2,2,2,1,1,1,1,1,1,0.5,"{""safe_translatable"": 1, ""safe_translatable_with_api_change"": 1}","{""candidate_safe"": 2}","{""implemented_support"": 1, ""not_implemented"": 1}","{""declared_target"": {""behaviorally_validated"": 1, ""candidate_safe"": 1, ""compile_passed"": 1, ""generated"": 1, ""implemented_support"": 1, ""policy_safe"": 1, ""total"": 1}, ""entry_point"": {""behaviorally_validated"": 0, ""candidate_safe"": 1, ""compile_passed"": 0, ""generated"": 0, ""implemented_support"": 0, ""policy_safe"": 0, ""total"": 1}, ""helper"": {""behaviorally_validated"": 0, ""candidate_safe"": 0, ""compile_passed"": 0, ""generated"": 0, ""implemented_support"": 0, ""policy_safe"": 0, ""total"": 0}, ""other"": {""behaviorally_validated"": 0, ""candidate_safe"": 0, ""compile_passed"": 0, ""generated"": 0, ""implemented_support"": 0, ""policy_safe"": 0, ""total"": 0}}",False,False,"{""boolean_int"": {""accepted"": 1, ""planned"": 1}}",{},0,5,,True,,,passed,,passed,,passed,,passed,,passed,,"{""passed"": 5, ""skipped"": 1}",,0,,0,,skipped,Disabled,,,,1.0,0,0,0,0
safemap.benchmark_results.v3,2026-07-27T16:00:34Z,361f548f6a773f261ea92c2484d58ae8fdd5a98e,True,boolean_nonzero,safemap_without_pointer_roles,completed,,/mnt/data/college/research/SafeMAP/reports/development-component-ablations/safemap_without_pointer_roles/.safemap/runs/20260727T160104Z-boolean_nonzero-267a94cc,10,2,1,0,0.0,2,1.0,0,0,{},libclang,,is_nonzero,safe_translatable_with_api_change,planned,True,True,accepted,is_nonzero,1,1,1.0,"{""accepted"": 1}",2,2,2,1,1,1,1,1,1,0.5,"{""safe_translatable"": 1, ""safe_translatable_with_api_change"": 1}","{""candidate_safe"": 2}","{""implemented_support"": 1, ""not_implemented"": 1}","{""declared_target"": {""behaviorally_validated"": 1, ""candidate_safe"": 1, ""compile_passed"": 1, ""generated"": 1, ""implemented_support"": 1, ""policy_safe"": 1, ""total"": 1}, ""entry_point"": {""behaviorally_validated"": 0, ""candidate_safe"": 1, ""compile_passed"": 0, ""generated"": 0, ""implemented_support"": 0, ""policy_safe"": 0, ""total"": 1}, ""helper"": {""behaviorally_validated"": 0, ""candidate_safe"": 0, ""compile_passed"": 0, ""generated"": 0, ""implemented_support"": 0, ""policy_safe"": 0, ""total"": 0}, ""other"": {""behaviorally_validated"": 0, ""candidate_safe"": 0, ""compile_passed"": 0, ""generated"": 0, ""implemented_support"": 0, ""policy_safe"": 0, ""total"": 0}}",False,False,"{""boolean_int"": {""accepted"": 1, ""planned"": 1}}",{},0,5,,True,,,passed,,passed,,passed,,passed,,passed,,"{""passed"": 5, ""skipped"": 1}",,0,,0,,skipped,Disabled,,,,1.0,0,0,0,0
safemap.benchmark_results.v3,2026-07-27T16:00:34Z,361f548f6a773f261ea92c2484d58ae8fdd5a98e,True,boolean_nonzero,safemap_without_safe_signatures,completed,,/mnt/data/college/research/SafeMAP/reports/development-component-ablations/safemap_without_safe_signatures/.safemap/runs/20260727T160105Z-boolean_nonzero-13564883,10,2,1,0,0.0,2,1.0,0,0,{},libclang,,is_nonzero,safe_translatable_with_api_change,planned,True,False,not_accepted,is_nonzero,1,0,0.0,"{""not_accepted"": 1}",2,2,2,1,1,0,0,0,0,0.0,"{""safe_translatable"": 1, ""safe_translatable_with_api_change"": 1}","{""candidate_safe"": 2}","{""implemented_support"": 1, ""not_implemented"": 1}","{""declared_target"": {""behaviorally_validated"": 0, ""candidate_safe"": 1, ""compile_passed"": 0, ""generated"": 1, ""implemented_support"": 1, ""policy_safe"": 0, ""total"": 1}, ""entry_point"": {""behaviorally_validated"": 0, ""candidate_safe"": 1, ""compile_passed"": 0, ""generated"": 0, ""implemented_support"": 0, ""policy_safe"": 0, ""total"": 1}, ""helper"": {""behaviorally_validated"": 0, ""candidate_safe"": 0, ""compile_passed"": 0, ""generated"": 0, ""implemented_support"": 0, ""policy_safe"": 0, ""total"": 0}, ""other"": {""behaviorally_validated"": 0, ""candidate_safe"": 0, ""compile_passed"": 0, ""generated"": 0, ""implemented_support"": 0, ""policy_safe"": 0, ""total"": 0}}",False,False,"{""boolean_int"": {""accepted"": 0, ""planned"": 1}}","{""validation_failed"": 1}",0,5,,False,,,failed,,failed,,failed,,failed,Could not build translated Rust program,passed,,"{""failed"": 4, ""passed"": 1, ""skipped"": 1}",,0,,0,,skipped,Disabled,,,,,0,0,0,0
safemap.benchmark_results.v3,2026-07-27T16:00:34Z,361f548f6a773f261ea92c2484d58ae8fdd5a98e,True,boolean_nonzero,safemap_without_dependency_grouping,completed,,/mnt/data/college/research/SafeMAP/reports/development-component-ablations/safemap_without_dependency_grouping/.safemap/runs/20260727T160105Z-boolean_nonzero-103d1cc1,10,2,1,0,0.0,2,1.0,0,0,{},libclang,,is_nonzero,safe_translatable_with_api_change,planned,True,True,accepted,is_nonzero,1,1,1.0,"{""accepted"": 1}",2,2,2,1,1,1,1,1,1,0.5,"{""safe_translatable"": 1, ""safe_translatable_with_api_change"": 1}","{""candidate_safe"": 2}","{""implemented_support"": 1, ""not_implemented"": 1}","{""declared_target"": {""behaviorally_validated"": 1, ""candidate_safe"": 1, ""compile_passed"": 1, ""generated"": 1, ""implemented_support"": 1, ""policy_safe"": 1, ""total"": 1}, ""entry_point"": {""behaviorally_validated"": 0, ""candidate_safe"": 1, ""compile_passed"": 0, ""generated"": 0, ""implemented_support"": 0, ""policy_safe"": 0, ""total"": 1}, ""helper"": {""behaviorally_validated"": 0, ""candidate_safe"": 0, ""compile_passed"": 0, ""generated"": 0, ""implemented_support"": 0, ""policy_safe"": 0, ""total"": 0}, ""other"": {""behaviorally_validated"": 0, ""candidate_safe"": 0, ""compile_passed"": 0, ""generated"": 0, ""implemented_support"": 0, ""policy_safe"": 0, ""total"": 0}}",False,False,"{""boolean_int"": {""accepted"": 1, ""planned"": 1}}",{},0,5,,True,,,passed,,passed,,passed,,passed,,passed,,"{""passed"": 5, ""skipped"": 1}",,0,,0,,skipped,Disabled,,,,1.0,0,0,0,0
safemap.benchmark_results.v3,2026-07-27T16:00:34Z,361f548f6a773f261ea92c2484d58ae8fdd5a98e,True,boolean_nonzero,safemap_without_idiom_plans,no_supported_synthesis,No output remained when the idiom plans component was disabled.,/mnt/data/college/research/SafeMAP/reports/development-component-ablations/safemap_without_idiom_plans/.safemap/runs/20260727T160106Z-boolean_nonzero-74347339,10,2,1,0,0.0,2,1.0,0,0,{},libclang,,is_nonzero,safe_translatable_with_api_change,planned,True,False,not_accepted,is_nonzero,1,0,0.0,"{""not_accepted"": 1}",2,2,2,0,0,0,0,0,0,0.0,"{""safe_translatable"": 1, ""safe_translatable_with_api_change"": 1}","{""candidate_safe"": 2}","{""not_implemented"": 2}","{""declared_target"": {""behaviorally_validated"": 0, ""candidate_safe"": 1, ""compile_passed"": 0, ""generated"": 0, ""implemented_support"": 0, ""policy_safe"": 0, ""total"": 1}, ""entry_point"": {""behaviorally_validated"": 0, ""candidate_safe"": 1, ""compile_passed"": 0, ""generated"": 0, ""implemented_support"": 0, ""policy_safe"": 0, ""total"": 1}, ""helper"": {""behaviorally_validated"": 0, ""candidate_safe"": 0, ""compile_passed"": 0, ""generated"": 0, ""implemented_support"": 0, ""policy_safe"": 0, ""total"": 0}, ""other"": {""behaviorally_validated"": 0, ""candidate_safe"": 0, ""compile_passed"": 0, ""generated"": 0, ""implemented_support"": 0, ""policy_safe"": 0, ""total"": 0}}",False,False,{},{},0,0,,,,,,,,,,,,,,,{},,,,,,,,,,,,0,0,0,0
safemap.benchmark_results.v3,2026-07-27T16:00:34Z,361f548f6a773f261ea92c2484d58ae8fdd5a98e,True,boolean_nonzero,safemap_without_validation_feedback,completed,,/mnt/data/college/research/SafeMAP/reports/development-component-ablations/safemap_without_validation_feedback/.safemap/runs/20260727T160106Z-boolean_nonzero-11feb366,10,2,1,0,0.0,2,1.0,0,0,{},libclang,,is_nonzero,safe_translatable_with_api_change,planned,True,True,accepted,is_nonzero,1,1,1.0,"{""accepted"": 1}",2,2,2,1,1,1,1,1,1,0.5,"{""safe_translatable"": 1, ""safe_translatable_with_api_change"": 1}","{""candidate_safe"": 2}","{""implemented_support"": 1, ""not_implemented"": 1}","{""declared_target"": {""behaviorally_validated"": 1, ""candidate_safe"": 1, ""compile_passed"": 1, ""generated"": 1, ""implemented_support"": 1, ""policy_safe"": 1, ""total"": 1}, ""entry_point"": {""behaviorally_validated"": 0, ""candidate_safe"": 1, ""compile_passed"": 0, ""generated"": 0, ""implemented_support"": 0, ""policy_safe"": 0, ""total"": 1}, ""helper"": {""behaviorally_validated"": 0, ""candidate_safe"": 0, ""compile_passed"": 0, ""generated"": 0, ""implemented_support"": 0, ""policy_safe"": 0, ""total"": 0}, ""other"": {""behaviorally_validated"": 0, ""candidate_safe"": 0, ""compile_passed"": 0, ""generated"": 0, ""implemented_support"": 0, ""policy_safe"": 0, ""total"": 0}}",False,False,"{""boolean_int"": {""accepted"": 1, ""planned"": 1}}",{},0,5,,True,,,passed,,passed,,passed,,passed,,passed,,"{""passed"": 5, ""skipped"": 1}",,0,,0,,skipped,Disabled,,,,1.0,0,0,0,0
safemap.benchmark_results.v3,2026-07-27T16:00:34Z,361f548f6a773f261ea92c2484d58ae8fdd5a98e,True,error_code,safemap_deterministic,completed,,/mnt/data/college/research/SafeMAP/reports/development-component-ablations/safemap_deterministic/.safemap/runs/20260727T160108Z-error_code-cb9d404e,15,2,3,1,0.333,3,1.5,0,0,{},libclang,,divide,safe_translatable_with_api_change,planned,True,True,accepted,divide,1,1,1.0,"{""accepted"": 1}",2,2,2,1,1,1,1,1,1,0.5,"{""safe_translatable"": 1, ""safe_translatable_with_api_change"": 1}","{""candidate_safe"": 2}","{""implemented_support"": 1, ""not_implemented"": 1}","{""declared_target"": {""behaviorally_validated"": 1, ""candidate_safe"": 1, ""compile_passed"": 1, ""generated"": 1, ""implemented_support"": 1, ""policy_safe"": 1, ""total"": 1}, ""entry_point"": {""behaviorally_validated"": 0, ""candidate_safe"": 1, ""compile_passed"": 0, ""generated"": 0, ""implemented_support"": 0, ""policy_safe"": 0, ""total"": 1}, ""helper"": {""behaviorally_validated"": 0, ""candidate_safe"": 0, ""compile_passed"": 0, ""generated"": 0, ""implemented_support"": 0, ""policy_safe"": 0, ""total"": 0}, ""other"": {""behaviorally_validated"": 0, ""candidate_safe"": 0, ""compile_passed"": 0, ""generated"": 0, ""implemented_support"": 0, ""policy_safe"": 0, ""total"": 0}}",False,False,"{""error_code_return"": {""accepted"": 1, ""planned"": 1}, ""output_parameter"": {""accepted"": 1, ""planned"": 1}}",{},0,8,,True,,,passed,,passed,,passed,,passed,,passed,,"{""passed"": 5, ""skipped"": 1}",,0,,0,,skipped,Disabled,,,,1.0,0,0,0,0
safemap.benchmark_results.v3,2026-07-27T16:00:34Z,361f548f6a773f261ea92c2484d58ae8fdd5a98e,True,error_code,safemap_without_pointer_roles,completed,,/mnt/data/college/research/SafeMAP/reports/development-component-ablations/safemap_without_pointer_roles/.safemap/runs/20260727T160109Z-error_code-287f3022,15,2,3,1,0.333,3,1.5,0,0,{},libclang,,divide,safe_translatable_with_api_change,planned,True,False,not_accepted,divide,1,0,0.0,"{""not_accepted"": 1}",2,2,2,1,1,0,0,0,0,0.0,"{""safe_translatable"": 1, ""safe_translatable_with_api_change"": 1}","{""candidate_safe"": 2}","{""implemented_support"": 1, ""not_implemented"": 1}","{""declared_target"": {""behaviorally_validated"": 0, ""candidate_safe"": 1, ""compile_passed"": 0, ""generated"": 1, ""implemented_support"": 1, ""policy_safe"": 0, ""total"": 1}, ""entry_point"": {""behaviorally_validated"": 0, ""candidate_safe"": 1, ""compile_passed"": 0, ""generated"": 0, ""implemented_support"": 0, ""policy_safe"": 0, ""total"": 1}, ""helper"": {""behaviorally_validated"": 0, ""candidate_safe"": 0, ""compile_passed"": 0, ""generated"": 0, ""implemented_support"": 0, ""policy_safe"": 0, ""total"": 0}, ""other"": {""behaviorally_validated"": 0, ""candidate_safe"": 0, ""compile_passed"": 0, ""generated"": 0, ""implemented_support"": 0, ""policy_safe"": 0, ""total"": 0}}",False,False,"{""error_code_return"": {""accepted"": 0, ""planned"": 1}, ""output_parameter"": {""accepted"": 0, ""planned"": 1}}","{""validation_failed"": 1}",0,5,,False,,,failed,,failed,,failed,,failed,Could not build translated Rust program,passed,,"{""failed"": 4, ""passed"": 1, ""skipped"": 1}",,0,,0,,skipped,Disabled,,,,,0,0,0,0
safemap.benchmark_results.v3,2026-07-27T16:00:34Z,361f548f6a773f261ea92c2484d58ae8fdd5a98e,True,error_code,safemap_without_safe_signatures,completed,,/mnt/data/college/research/SafeMAP/reports/development-component-ablations/safemap_without_safe_signatures/.safemap/runs/20260727T160109Z-error_code-348367ec,15,2,3,1,0.333,3,1.5,0,0,{},libclang,,divide,safe_translatable_with_api_change,planned,True,False,not_accepted,divide,1,0,0.0,"{""not_accepted"": 1}",2,2,2,1,1,0,0,0,0,0.0,"{""safe_translatable"": 1, ""safe_translatable_with_api_change"": 1}","{""candidate_safe"": 2}","{""implemented_support"": 1, ""not_implemented"": 1}","{""declared_target"": {""behaviorally_validated"": 0, ""candidate_safe"": 1, ""compile_passed"": 0, ""generated"": 1, ""implemented_support"": 1, ""policy_safe"": 0, ""total"": 1}, ""entry_point"": {""behaviorally_validated"": 0, ""candidate_safe"": 1, ""compile_passed"": 0, ""generated"": 0, ""implemented_support"": 0, ""policy_safe"": 0, ""total"": 1}, ""helper"": {""behaviorally_validated"": 0, ""candidate_safe"": 0, ""compile_passed"": 0, ""generated"": 0, ""implemented_support"": 0, ""policy_safe"": 0, ""total"": 0}, ""other"": {""behaviorally_validated"": 0, ""candidate_safe"": 0, ""compile_passed"": 0, ""generated"": 0, ""implemented_support"": 0, ""policy_safe"": 0, ""total"": 0}}",False,False,"{""error_code_return"": {""accepted"": 0, ""planned"": 1}, ""output_parameter"": {""accepted"": 0, ""planned"": 1}}","{""validation_failed"": 1}",0,8,,False,,,failed,,failed,,failed,,failed,Could not build translated Rust program,passed,,"{""failed"": 4, ""passed"": 1, ""skipped"": 1}",,0,,1,,skipped,Disabled,,,,,0,0,0,0
safemap.benchmark_results.v3,2026-07-27T16:00:34Z,361f548f6a773f261ea92c2484d58ae8fdd5a98e,True,error_code,safemap_without_dependency_grouping,completed,,/mnt/data/college/research/SafeMAP/reports/development-component-ablations/safemap_without_dependency_grouping/.safemap/runs/20260727T160110Z-error_code-72dc2d6f,15,2,3,1,0.333,3,1.5,0,0,{},libclang,,divide,safe_translatable_with_api_change,planned,True,True,accepted,divide,1,1,1.0,"{""accepted"": 1}",2,2,2,1,1,1,1,1,1,0.5,"{""safe_translatable"": 1, ""safe_translatable_with_api_change"": 1}","{""candidate_safe"": 2}","{""implemented_support"": 1, ""not_implemented"": 1}","{""declared_target"": {""behaviorally_validated"": 1, ""candidate_safe"": 1, ""compile_passed"": 1, ""generated"": 1, ""implemented_support"": 1, ""policy_safe"": 1, ""total"": 1}, ""entry_point"": {""behaviorally_validated"": 0, ""candidate_safe"": 1, ""compile_passed"": 0, ""generated"": 0, ""implemented_support"": 0, ""policy_safe"": 0, ""total"": 1}, ""helper"": {""behaviorally_validated"": 0, ""candidate_safe"": 0, ""compile_passed"": 0, ""generated"": 0, ""implemented_support"": 0, ""policy_safe"": 0, ""total"": 0}, ""other"": {""behaviorally_validated"": 0, ""candidate_safe"": 0, ""compile_passed"": 0, ""generated"": 0, ""implemented_support"": 0, ""policy_safe"": 0, ""total"": 0}}",False,False,"{""error_code_return"": {""accepted"": 1, ""planned"": 1}, ""output_parameter"": {""accepted"": 1, ""planned"": 1}}",{},0,8,,True,,,passed,,passed,,passed,,passed,,passed,,"{""passed"": 5, ""skipped"": 1}",,0,,0,,skipped,Disabled,,,,1.0,0,0,0,0
safemap.benchmark_results.v3,2026-07-27T16:00:34Z,361f548f6a773f261ea92c2484d58ae8fdd5a98e,True,error_code,safemap_without_idiom_plans,no_supported_synthesis,No output remained when the idiom plans component was disabled.,/mnt/data/college/research/SafeMAP/reports/development-component-ablations/safemap_without_idiom_plans/.safemap/runs/20260727T160111Z-error_code-e87e5ea6,15,2,3,1,0.333,3,1.5,0,0,{},libclang,,divide,safe_translatable_with_api_change,rejected,True,False,safe_translatable_with_api_change,divide,1,0,0.0,"{""safe_translatable_with_api_change"": 1}",2,2,2,0,0,0,0,0,0,0.0,"{""safe_translatable"": 1, ""safe_translatable_with_api_change"": 1}","{""candidate_safe"": 2}","{""not_implemented"": 2}","{""declared_target"": {""behaviorally_validated"": 0, ""candidate_safe"": 1, ""compile_passed"": 0, ""generated"": 0, ""implemented_support"": 0, ""policy_safe"": 0, ""total"": 1}, ""entry_point"": {""behaviorally_validated"": 0, ""candidate_safe"": 1, ""compile_passed"": 0, ""generated"": 0, ""implemented_support"": 0, ""policy_safe"": 0, ""total"": 1}, ""helper"": {""behaviorally_validated"": 0, ""candidate_safe"": 0, ""compile_passed"": 0, ""generated"": 0, ""implemented_support"": 0, ""policy_safe"": 0, ""total"": 0}, ""other"": {""behaviorally_validated"": 0, ""candidate_safe"": 0, ""compile_passed"": 0, ""generated"": 0, ""implemented_support"": 0, ""policy_safe"": 0, ""total"": 0}}",False,False,{},{},0,0,,,,,,,,,,,,,,,{},,,,,,,,,,,,0,0,0,0
safemap.benchmark_results.v3,2026-07-27T16:00:34Z,361f548f6a773f261ea92c2484d58ae8fdd5a98e,True,error_code,safemap_without_validation_feedback,completed,,/mnt/data/college/research/SafeMAP/reports/development-component-ablations/safemap_without_validation_feedback/.safemap/runs/20260727T160111Z-error_code-d3e29933,15,2,3,1,0.333,3,1.5,0,0,{},libclang,,divide,safe_translatable_with_api_change,planned,True,True,accepted,divide,1,1,1.0,"{""accepted"": 1}",2,2,2,1,1,1,1,1,1,0.5,"{""safe_translatable"": 1, ""safe_translatable_with_api_change"": 1}","{""candidate_safe"": 2}","{""implemented_support"": 1, ""not_implemented"": 1}","{""declared_target"": {""behaviorally_validated"": 1, ""candidate_safe"": 1, ""compile_passed"": 1, ""generated"": 1, ""implemented_support"": 1, ""policy_safe"": 1, ""total"": 1}, ""entry_point"": {""behaviorally_validated"": 0, ""candidate_safe"": 1, ""compile_passed"": 0, ""generated"": 0, ""implemented_support"": 0, ""policy_safe"": 0, ""total"": 1}, ""helper"": {""behaviorally_validated"": 0, ""candidate_safe"": 0, ""compile_passed"": 0, ""generated"": 0, ""implemented_support"": 0, ""policy_safe"": 0, ""total"": 0}, ""other"": {""behaviorally_validated"": 0, ""candidate_safe"": 0, ""compile_passed"": 0, ""generated"": 0, ""implemented_support"": 0, ""policy_safe"": 0, ""total"": 0}}",False,False,"{""error_code_return"": {""accepted"": 1, ""planned"": 1}, ""output_parameter"": {""accepted"": 1, ""planned"": 1}}",{},0,8,,True,,,passed,,passed,,passed,,passed,,passed,,"{""passed"": 5, ""skipped"": 1}",,0,,0,,skipped,Disabled,,,,1.0,0,0,0,0
safemap.benchmark_results.v3,2026-07-27T16:00:34Z,361f548f6a773f261ea92c2484d58ae8fdd5a98e,True,error_code_product,safemap_deterministic,completed,,/mnt/data/college/research/SafeMAP/reports/development-component-ablations/safemap_deterministic/.safemap/runs/20260727T160112Z-error_code_product-609cab95,14,2,3,1,0.333,3,1.5,0,0,{},libclang,,multiply_checked,safe_translatable_with_api_change,planned,True,True,accepted,multiply_checked,1,1,1.0,"{""accepted"": 1}",2,2,2,1,1,1,1,1,1,0.5,"{""safe_translatable"": 1, ""safe_translatable_with_api_change"": 1}","{""candidate_safe"": 2}","{""implemented_support"": 1, ""not_implemented"": 1}","{""declared_target"": {""behaviorally_validated"": 1, ""candidate_safe"": 1, ""compile_passed"": 1, ""generated"": 1, ""implemented_support"": 1, ""policy_safe"": 1, ""total"": 1}, ""entry_point"": {""behaviorally_validated"": 0, ""candidate_safe"": 1, ""compile_passed"": 0, ""generated"": 0, ""implemented_support"": 0, ""policy_safe"": 0, ""total"": 1}, ""helper"": {""behaviorally_validated"": 0, ""candidate_safe"": 0, ""compile_passed"": 0, ""generated"": 0, ""implemented_support"": 0, ""policy_safe"": 0, ""total"": 0}, ""other"": {""behaviorally_validated"": 0, ""candidate_safe"": 0, ""compile_passed"": 0, ""generated"": 0, ""implemented_support"": 0, ""policy_safe"": 0, ""total"": 0}}",False,False,"{""error_code_return"": {""accepted"": 1, ""planned"": 1}, ""output_parameter"": {""accepted"": 1, ""planned"": 1}}",{},0,8,,True,,,passed,,passed,,passed,,passed,,passed,,"{""passed"": 5, ""skipped"": 1}",,0,,0,,skipped,Disabled,,,,1.0,0,0,0,0
safemap.benchmark_results.v3,2026-07-27T16:00:34Z,361f548f6a773f261ea92c2484d58ae8fdd5a98e,True,error_code_product,safemap_without_pointer_roles,completed,,/mnt/data/college/research/SafeMAP/reports/development-component-ablations/safemap_without_pointer_roles/.safemap/runs/20260727T160113Z-error_code_product-16f6029a,14,2,3,1,0.333,3,1.5,0,0,{},libclang,,multiply_checked,safe_translatable_with_api_change,planned,True,False,not_accepted,multiply_checked,1,0,0.0,"{""not_accepted"": 1}",2,2,2,1,1,0,0,0,0,0.0,"{""safe_translatable"": 1, ""safe_translatable_with_api_change"": 1}","{""candidate_safe"": 2}","{""implemented_support"": 1, ""not_implemented"": 1}","{""declared_target"": {""behaviorally_validated"": 0, ""candidate_safe"": 1, ""compile_passed"": 0, ""generated"": 1, ""implemented_support"": 1, ""policy_safe"": 0, ""total"": 1}, ""entry_point"": {""behaviorally_validated"": 0, ""candidate_safe"": 1, ""compile_passed"": 0, ""generated"": 0, ""implemented_support"": 0, ""policy_safe"": 0, ""total"": 1}, ""helper"": {""behaviorally_validated"": 0, ""candidate_safe"": 0, ""compile_passed"": 0, ""generated"": 0, ""implemented_support"": 0, ""policy_safe"": 0, ""total"": 0}, ""other"": {""behaviorally_validated"": 0, ""candidate_safe"": 0, ""compile_passed"": 0, ""generated"": 0, ""implemented_support"": 0, ""policy_safe"": 0, ""total"": 0}}",False,False,"{""error_code_return"": {""accepted"": 0, ""planned"": 1}, ""output_parameter"": {""accepted"": 0, ""planned"": 1}}","{""validation_failed"": 1}",0,5,,False,,,failed,,failed,,failed,,failed,Could not build translated Rust program,passed,,"{""failed"": 4, ""passed"": 1, ""skipped"": 1}",,0,,0,,skipped,Disabled,,,,,0,0,0,0
safemap.benchmark_results.v3,2026-07-27T16:00:34Z,361f548f6a773f261ea92c2484d58ae8fdd5a98e,True,error_code_product,safemap_without_safe_signatures,completed,,/mnt/data/college/research/SafeMAP/reports/development-component-ablations/safemap_without_safe_signatures/.safemap/runs/20260727T160114Z-error_code_product-a1bfce81,14,2,3,1,0.333,3,1.5,0,0,{},libclang,,multiply_checked,safe_translatable_with_api_change,planned,True,False,not_accepted,multiply_checked,1,0,0.0,"{""not_accepted"": 1}",2,2,2,1,1,0,0,0,0,0.0,"{""safe_translatable"": 1, ""safe_translatable_with_api_change"": 1}","{""candidate_safe"": 2}","{""implemented_support"": 1, ""not_implemented"": 1}","{""declared_target"": {""behaviorally_validated"": 0, ""candidate_safe"": 1, ""compile_passed"": 0, ""generated"": 1, ""implemented_support"": 1, ""policy_safe"": 0, ""total"": 1}, ""entry_point"": {""behaviorally_validated"": 0, ""candidate_safe"": 1, ""compile_passed"": 0, ""generated"": 0, ""implemented_support"": 0, ""policy_safe"": 0, ""total"": 1}, ""helper"": {""behaviorally_validated"": 0, ""candidate_safe"": 0, ""compile_passed"": 0, ""generated"": 0, ""implemented_support"": 0, ""policy_safe"": 0, ""total"": 0}, ""other"": {""behaviorally_validated"": 0, ""candidate_safe"": 0, ""compile_passed"": 0, ""generated"": 0, ""implemented_support"": 0, ""policy_safe"": 0, ""total"": 0}}",False,False,"{""error_code_return"": {""accepted"": 0, ""planned"": 1}, ""output_parameter"": {""accepted"": 0, ""planned"": 1}}","{""validation_failed"": 1}",0,8,,False,,,failed,,failed,,failed,,failed,Could not build translated Rust program,passed,,"{""failed"": 4, ""passed"": 1, ""skipped"": 1}",,0,,1,,skipped,Disabled,,,,,0,0,0,0
safemap.benchmark_results.v3,2026-07-27T16:00:34Z,361f548f6a773f261ea92c2484d58ae8fdd5a98e,True,error_code_product,safemap_without_dependency_grouping,completed,,/mnt/data/college/research/SafeMAP/reports/development-component-ablations/safemap_without_dependency_grouping/.safemap/runs/20260727T160115Z-error_code_product-2d55b305,14,2,3,1,0.333,3,1.5,0,0,{},libclang,,multiply_checked,safe_translatable_with_api_change,planned,True,True,accepted,multiply_checked,1,1,1.0,"{""accepted"": 1}",2,2,2,1,1,1,1,1,1,0.5,"{""safe_translatable"": 1, ""safe_translatable_with_api_change"": 1}","{""candidate_safe"": 2}","{""implemented_support"": 1, ""not_implemented"": 1}","{""declared_target"": {""behaviorally_validated"": 1, ""candidate_safe"": 1, ""compile_passed"": 1, ""generated"": 1, ""implemented_support"": 1, ""policy_safe"": 1, ""total"": 1}, ""entry_point"": {""behaviorally_validated"": 0, ""candidate_safe"": 1, ""compile_passed"": 0, ""generated"": 0, ""implemented_support"": 0, ""policy_safe"": 0, ""total"": 1}, ""helper"": {""behaviorally_validated"": 0, ""candidate_safe"": 0, ""compile_passed"": 0, ""generated"": 0, ""implemented_support"": 0, ""policy_safe"": 0, ""total"": 0}, ""other"": {""behaviorally_validated"": 0, ""candidate_safe"": 0, ""compile_passed"": 0, ""generated"": 0, ""implemented_support"": 0, ""policy_safe"": 0, ""total"": 0}}",False,False,"{""error_code_return"": {""accepted"": 1, ""planned"": 1}, ""output_parameter"": {""accepted"": 1, ""planned"": 1}}",{},0,8,,True,,,passed,,passed,,passed,,passed,,passed,,"{""passed"": 5, ""skipped"": 1}",,0,,0,,skipped,Disabled,,,,1.0,0,0,0,0
safemap.benchmark_results.v3,2026-07-27T16:00:34Z,361f548f6a773f261ea92c2484d58ae8fdd5a98e,True,error_code_product,safemap_without_idiom_plans,no_supported_synthesis,No output remained when the idiom plans component was disabled.,/mnt/data/college/research/SafeMAP/reports/development-component-ablations/safemap_without_idiom_plans/.safemap/runs/20260727T160116Z-error_code_product-d958de4f,14,2,3,1,0.333,3,1.5,0,0,{},libclang,,multiply_checked,safe_translatable_with_api_change,rejected,True,False,safe_translatable_with_api_change,multiply_checked,1,0,0.0,"{""safe_translatable_with_api_change"": 1}",2,2,2,0,0,0,0,0,0,0.0,"{""safe_translatable"": 1, ""safe_translatable_with_api_change"": 1}","{""candidate_safe"": 2}","{""not_implemented"": 2}","{""declared_target"": {""behaviorally_validated"": 0, ""candidate_safe"": 1, ""compile_passed"": 0, ""generated"": 0, ""implemented_support"": 0, ""policy_safe"": 0, ""total"": 1}, ""entry_point"": {""behaviorally_validated"": 0, ""candidate_safe"": 1, ""compile_passed"": 0, ""generated"": 0, ""implemented_support"": 0, ""policy_safe"": 0, ""total"": 1}, ""helper"": {""behaviorally_validated"": 0, ""candidate_safe"": 0, ""compile_passed"": 0, ""generated"": 0, ""implemented_support"": 0, ""policy_safe"": 0, ""total"": 0}, ""other"": {""behaviorally_validated"": 0, ""candidate_safe"": 0, ""compile_passed"": 0, ""generated"": 0, ""implemented_support"": 0, ""policy_safe"": 0, ""total"": 0}}",False,False,{},{},0,0,,,,,,,,,,,,,,,{},,,,,,,,,,,,0,0,0,0
safemap.benchmark_results.v3,2026-07-27T16:00:34Z,361f548f6a773f261ea92c2484d58ae8fdd5a98e,True,error_code_product,safemap_without_validation_feedback,completed,,/mnt/data/college/research/SafeMAP/reports/development-component-ablations/safemap_without_validation_feedback/.safemap/runs/20260727T160116Z-error_code_product-c2079029,14,2,3,1,0.333,3,1.5,0,0,{},libclang,,multiply_checked,safe_translatable_with_api_change,planned,True,True,accepted,multiply_checked,1,1,1.0,"{""accepted"": 1}",2,2,2,1,1,1,1,1,1,0.5,"{""safe_translatable"": 1, ""safe_translatable_with_api_change"": 1}","{""candidate_safe"": 2}","{""implemented_support"": 1, ""not_implemented"": 1}","{""declared_target"": {""behaviorally_validated"": 1, ""candidate_safe"": 1, ""compile_passed"": 1, ""generated"": 1, ""implemented_support"": 1, ""policy_safe"": 1, ""total"": 1}, ""entry_point"": {""behaviorally_validated"": 0, ""candidate_safe"": 1, ""compile_passed"": 0, ""generated"": 0, ""implemented_support"": 0, ""policy_safe"": 0, ""total"": 1}, ""helper"": {""behaviorally_validated"": 0, ""candidate_safe"": 0, ""compile_passed"": 0, ""generated"": 0, ""implemented_support"": 0, ""policy_safe"": 0, ""total"": 0}, ""other"": {""behaviorally_validated"": 0, ""candidate_safe"": 0, ""compile_passed"": 0, ""generated"": 0, ""implemented_support"": 0, ""policy_safe"": 0, ""total"": 0}}",False,False,"{""error_code_return"": {""accepted"": 1, ""planned"": 1}, ""output_parameter"": {""accepted"": 1, ""planned"": 1}}",{},0,8,,True,,,passed,,passed,,passed,,passed,,passed,,"{""passed"": 5, ""skipped"": 1}",,0,,0,,skipped,Disabled,,,,1.0,0,0,0,0
safemap.benchmark_results.v3,2026-07-27T16:00:34Z,361f548f6a773f261ea92c2484d58ae8fdd5a98e,True,malloc_free,safemap_deterministic,completed,,/mnt/data/college/research/SafeMAP/reports/development-component-ablations/safemap_deterministic/.safemap/runs/20260727T160117Z-malloc_free-4b9f4a88,18,2,1,0,0.0,4,2.0,0,0,{},libclang,,make_value,safe_translatable_with_api_change,planned,True,True,accepted,make_value,1,1,1.0,"{""accepted"": 1}",2,2,2,1,1,1,1,1,1,0.5,"{""safe_translatable_with_api_change"": 2}","{""candidate_safe"": 2}","{""implemented_support"": 1, ""not_implemented"": 1}","{""declared_target"": {""behaviorally_validated"": 1, ""candidate_safe"": 1, ""compile_passed"": 1, ""generated"": 1, ""implemented_support"": 1, ""policy_safe"": 1, ""total"": 1}, ""entry_point"": {""behaviorally_validated"": 0, ""candidate_safe"": 1, ""compile_passed"": 0, ""generated"": 0, ""implemented_support"": 0, ""policy_safe"": 0, ""total"": 1}, ""helper"": {""behaviorally_validated"": 0, ""candidate_safe"": 0, ""compile_passed"": 0, ""generated"": 0, ""implemented_support"": 0, ""policy_safe"": 0, ""total"": 0}, ""other"": {""behaviorally_validated"": 0, ""candidate_safe"": 0, ""compile_passed"": 0, ""generated"": 0, ""implemented_support"": 0, ""policy_safe"": 0, ""total"": 0}}",False,False,"{""manual_allocation"": {""accepted"": 1, ""planned"": 2}}",{},0,5,,True,,,passed,,passed,,passed,,passed,,passed,,"{""passed"": 5, ""skipped"": 1}",,0,,0,,skipped,Disabled,,,,1.0,0,0,0,0
safemap.benchmark_results.v3,2026-07-27T16:00:34Z,361f548f6a773f261ea92c2484d58ae8fdd5a98e,True,malloc_free,safemap_without_pointer_roles,completed,,/mnt/data/college/research/SafeMAP/reports/development-component-ablations/safemap_without_pointer_roles/.safemap/runs/20260727T160118Z-malloc_free-9c1c4455,18,2,1,0,0.0,4,2.0,0,0,{},libclang,,make_value,safe_translatable_with_api_change,planned,True,True,accepted,make_value,1,1,1.0,"{""accepted"": 1}",2,2,2,1,1,1,1,1,1,0.5,"{""safe_translatable_with_api_change"": 2}","{""candidate_safe"": 2}","{""implemented_support"": 1, ""not_implemented"": 1}","{""declared_target"": {""behaviorally_validated"": 1, ""candidate_safe"": 1, ""compile_passed"": 1, ""generated"": 1, ""implemented_support"": 1, ""policy_safe"": 1, ""total"": 1}, ""entry_point"": {""behaviorally_validated"": 0, ""candidate_safe"": 1, ""compile_passed"": 0, ""generated"": 0, ""implemented_support"": 0, ""policy_safe"": 0, ""total"": 1}, ""helper"": {""behaviorally_validated"": 0, ""candidate_safe"": 0, ""compile_passed"": 0, ""generated"": 0, ""implemented_support"": 0, ""policy_safe"": 0, ""total"": 0}, ""other"": {""behaviorally_validated"": 0, ""candidate_safe"": 0, ""compile_passed"": 0, ""generated"": 0, ""implemented_support"": 0, ""policy_safe"": 0, ""total"": 0}}",False,False,"{""manual_allocation"": {""accepted"": 1, ""planned"": 2}}",{},0,5,,True,,,passed,,passed,,passed,,passed,,passed,,"{""passed"": 5, ""skipped"": 1}",,0,,0,,skipped,Disabled,,,,1.0,0,0,0,0
safemap.benchmark_results.v3,2026-07-27T16:00:34Z,361f548f6a773f261ea92c2484d58ae8fdd5a98e,True,malloc_free,safemap_without_safe_signatures,completed,,/mnt/data/college/research/SafeMAP/reports/development-component-ablations/safemap_without_safe_signatures/.safemap/runs/20260727T160119Z-malloc_free-dafb37d7,18,2,1,0,0.0,4,2.0,0,0,{},libclang,,make_value,safe_translatable_with_api_change,planned,True,False,not_accepted,make_value,1,0,0.0,"{""not_accepted"": 1}",2,2,2,1,1,0,0,0,0,0.0,"{""safe_translatable_with_api_change"": 2}","{""candidate_safe"": 2}","{""implemented_support"": 1, ""not_implemented"": 1}","{""declared_target"": {""behaviorally_validated"": 0, ""candidate_safe"": 1, ""compile_passed"": 0, ""generated"": 1, ""implemented_support"": 1, ""policy_safe"": 0, ""total"": 1}, ""entry_point"": {""behaviorally_validated"": 0, ""candidate_safe"": 1, ""compile_passed"": 0, ""generated"": 0, ""implemented_support"": 0, ""policy_safe"": 0, ""total"": 1}, ""helper"": {""behaviorally_validated"": 0, ""candidate_safe"": 0, ""compile_passed"": 0, ""generated"": 0, ""implemented_support"": 0, ""policy_safe"": 0, ""total"": 0}, ""other"": {""behaviorally_validated"": 0, ""candidate_safe"": 0, ""compile_passed"": 0, ""generated"": 0, ""implemented_support"": 0, ""policy_safe"": 0, ""total"": 0}}",False,False,"{""manual_allocation"": {""accepted"": 0, ""planned"": 2}}","{""validation_failed"": 1}",0,5,,False,,,failed,,failed,,failed,,failed,Could not build translated Rust program,passed,,"{""failed"": 4, ""passed"": 1, ""skipped"": 1}",,0,,1,,skipped,Disabled,,,,,0,0,0,0
safemap.benchmark_results.v3,2026-07-27T16:00:34Z,361f548f6a773f261ea92c2484d58ae8fdd5a98e,True,malloc_free,safemap_without_dependency_grouping,completed,,/mnt/data/college/research/SafeMAP/reports/development-component-ablations/safemap_without_dependency_grouping/.safemap/runs/20260727T160120Z-malloc_free-fb17c608,18,2,1,0,0.0,4,2.0,0,0,{},libclang,,make_value,safe_translatable_with_api_change,planned,True,True,accepted,make_value,1,1,1.0,"{""accepted"": 1}",2,2,2,1,1,1,1,1,1,0.5,"{""safe_translatable_with_api_change"": 2}","{""candidate_safe"": 2}","{""implemented_support"": 1, ""not_implemented"": 1}","{""declared_target"": {""behaviorally_validated"": 1, ""candidate_safe"": 1, ""compile_passed"": 1, ""generated"": 1, ""implemented_support"": 1, ""policy_safe"": 1, ""total"": 1}, ""entry_point"": {""behaviorally_validated"": 0, ""candidate_safe"": 1, ""compile_passed"": 0, ""generated"": 0, ""implemented_support"": 0, ""policy_safe"": 0, ""total"": 1}, ""helper"": {""behaviorally_validated"": 0, ""candidate_safe"": 0, ""compile_passed"": 0, ""generated"": 0, ""implemented_support"": 0, ""policy_safe"": 0, ""total"": 0}, ""other"": {""behaviorally_validated"": 0, ""candidate_safe"": 0, ""compile_passed"": 0, ""generated"": 0, ""implemented_support"": 0, ""policy_safe"": 0, ""total"": 0}}",False,False,"{""manual_allocation"": {""accepted"": 1, ""planned"": 2}}",{},0,5,,True,,,passed,,passed,,passed,,passed,,passed,,"{""passed"": 5, ""skipped"": 1}",,0,,0,,skipped,Disabled,,,,1.0,0,0,0,0
safemap.benchmark_results.v3,2026-07-27T16:00:34Z,361f548f6a773f261ea92c2484d58ae8fdd5a98e,True,malloc_free,safemap_without_idiom_plans,no_supported_synthesis,No output remained when the idiom plans component was disabled.,/mnt/data/college/research/SafeMAP/reports/development-component-ablations/safemap_without_idiom_plans/.safemap/runs/20260727T160121Z-malloc_free-af72fe71,18,2,1,0,0.0,4,2.0,0,0,{},libclang,,make_value,safe_translatable_with_api_change,rejected,True,False,safe_translatable_with_api_change,make_value,1,0,0.0,"{""safe_translatable_with_api_change"": 1}",2,2,2,0,0,0,0,0,0,0.0,"{""safe_translatable_with_api_change"": 2}","{""candidate_safe"": 2}","{""not_implemented"": 2}","{""declared_target"": {""behaviorally_validated"": 0, ""candidate_safe"": 1, ""compile_passed"": 0, ""generated"": 0, ""implemented_support"": 0, ""policy_safe"": 0, ""total"": 1}, ""entry_point"": {""behaviorally_validated"": 0, ""candidate_safe"": 1, ""compile_passed"": 0, ""generated"": 0, ""implemented_support"": 0, ""policy_safe"": 0, ""total"": 1}, ""helper"": {""behaviorally_validated"": 0, ""candidate_safe"": 0, ""compile_passed"": 0, ""generated"": 0, ""implemented_support"": 0, ""policy_safe"": 0, ""total"": 0}, ""other"": {""behaviorally_validated"": 0, ""candidate_safe"": 0, ""compile_passed"": 0, ""generated"": 0, ""implemented_support"": 0, ""policy_safe"": 0, ""total"": 0}}",False,False,{},{},0,0,,,,,,,,,,,,,,,{},,,,,,,,,,,,0,0,0,0
safemap.benchmark_results.v3,2026-07-27T16:00:34Z,361f548f6a773f261ea92c2484d58ae8fdd5a98e,True,malloc_free,safemap_without_validation_feedback,completed,,/mnt/data/college/research/SafeMAP/reports/development-component-ablations/safemap_without_validation_feedback/.safemap/runs/20260727T160121Z-malloc_free-4a0e0530,18,2,1,0,0.0,4,2.0,0,0,{},libclang,,make_value,safe_translatable_with_api_change,planned,True,True,accepted,make_value,1,1,1.0,"{""accepted"": 1}",2,2,2,1,1,1,1,1,1,0.5,"{""safe_translatable_with_api_change"": 2}","{""candidate_safe"": 2}","{""implemented_support"": 1, ""not_implemented"": 1}","{""declared_target"": {""behaviorally_validated"": 1, ""candidate_safe"": 1, ""compile_passed"": 1, ""generated"": 1, ""implemented_support"": 1, ""policy_safe"": 1, ""total"": 1}, ""entry_point"": {""behaviorally_validated"": 0, ""candidate_safe"": 1, ""compile_passed"": 0, ""generated"": 0, ""implemented_support"": 0, ""policy_safe"": 0, ""total"": 1}, ""helper"": {""behaviorally_validated"": 0, ""candidate_safe"": 0, ""compile_passed"": 0, ""generated"": 0, ""implemented_support"": 0, ""policy_safe"": 0, ""total"": 0}, ""other"": {""behaviorally_validated"": 0, ""candidate_safe"": 0, ""compile_passed"": 0, ""generated"": 0, ""implemented_support"": 0, ""policy_safe"": 0, ""total"": 0}}",False,False,"{""manual_allocation"": {""accepted"": 1, ""planned"": 2}}",{},0,5,,True,,,passed,,passed,,passed,,passed,,passed,,"{""passed"": 5, ""skipped"": 1}",,0,,0,,skipped,Disabled,,,,1.0,0,0,0,0
safemap.benchmark_results.v3,2026-07-27T16:00:34Z,361f548f6a773f261ea92c2484d58ae8fdd5a98e,True,malloc_free_constant,safemap_deterministic,completed,,/mnt/data/college/research/SafeMAP/reports/development-component-ablations/safemap_deterministic/.safemap/runs/20260727T160122Z-malloc_free_constant-cefa36f4,15,2,0,0,0.0,2,1.0,0,0,{},libclang,,make_answer,safe_translatable_with_api_change,planned,True,True,accepted,make_answer,1,1,1.0,"{""accepted"": 1}",2,2,2,1,1,1,1,1,1,0.5,"{""safe_translatable_with_api_change"": 2}","{""candidate_safe"": 2}","{""implemented_support"": 1, ""not_implemented"": 1}","{""declared_target"": {""behaviorally_validated"": 1, ""candidate_safe"": 1, ""compile_passed"": 1, ""generated"": 1, ""implemented_support"": 1, ""policy_safe"": 1, ""total"": 1}, ""entry_point"": {""behaviorally_validated"": 0, ""candidate_safe"": 1, ""compile_passed"": 0, ""generated"": 0, ""implemented_support"": 0, ""policy_safe"": 0, ""total"": 1}, ""helper"": {""behaviorally_validated"": 0, ""candidate_safe"": 0, ""compile_passed"": 0, ""generated"": 0, ""implemented_support"": 0, ""policy_safe"": 0, ""total"": 0}, ""other"": {""behaviorally_validated"": 0, ""candidate_safe"": 0, ""compile_passed"": 0, ""generated"": 0, ""implemented_support"": 0, ""policy_safe"": 0, ""total"": 0}}",False,False,"{""manual_allocation"": {""accepted"": 1, ""planned"": 2}}",{},0,5,,True,,,passed,,passed,,passed,,passed,,passed,,"{""passed"": 5, ""skipped"": 1}",,0,,0,,skipped,Disabled,,,,1.0,0,0,0,0
safemap.benchmark_results.v3,2026-07-27T16:00:34Z,361f548f6a773f261ea92c2484d58ae8fdd5a98e,True,malloc_free_constant,safemap_without_pointer_roles,completed,,/mnt/data/college/research/SafeMAP/reports/development-component-ablations/safemap_without_pointer_roles/.safemap/runs/20260727T160123Z-malloc_free_constant-479be2e6,15,2,0,0,0.0,2,1.0,0,0,{},libclang,,make_answer,safe_translatable_with_api_change,planned,True,True,accepted,make_answer,1,1,1.0,"{""accepted"": 1}",2,2,2,1,1,1,1,1,1,0.5,"{""safe_translatable_with_api_change"": 2}","{""candidate_safe"": 2}","{""implemented_support"": 1, ""not_implemented"": 1}","{""declared_target"": {""behaviorally_validated"": 1, ""candidate_safe"": 1, ""compile_passed"": 1, ""generated"": 1, ""implemented_support"": 1, ""policy_safe"": 1, ""total"": 1}, ""entry_point"": {""behaviorally_validated"": 0, ""candidate_safe"": 1, ""compile_passed"": 0, ""generated"": 0, ""implemented_support"": 0, ""policy_safe"": 0, ""total"": 1}, ""helper"": {""behaviorally_validated"": 0, ""candidate_safe"": 0, ""compile_passed"": 0, ""generated"": 0, ""implemented_support"": 0, ""policy_safe"": 0, ""total"": 0}, ""other"": {""behaviorally_validated"": 0, ""candidate_safe"": 0, ""compile_passed"": 0, ""generated"": 0, ""implemented_support"": 0, ""policy_safe"": 0, ""total"": 0}}",False,False,"{""manual_allocation"": {""accepted"": 1, ""planned"": 2}}",{},0,5,,True,,,passed,,passed,,passed,,passed,,passed,,"{""passed"": 5, ""skipped"": 1}",,0,,0,,skipped,Disabled,,,,1.0,0,0,0,0
safemap.benchmark_results.v3,2026-07-27T16:00:34Z,361f548f6a773f261ea92c2484d58ae8fdd5a98e,True,malloc_free_constant,safemap_without_safe_signatures,completed,,/mnt/data/college/research/SafeMAP/reports/development-component-ablations/safemap_without_safe_signatures/.safemap/runs/20260727T160124Z-malloc_free_constant-b66fb159,15,2,0,0,0.0,2,1.0,0,0,{},libclang,,make_answer,safe_translatable_with_api_change,planned,True,False,not_accepted,make_answer,1,0,0.0,"{""not_accepted"": 1}",2,2,2,1,1,0,0,0,0,0.0,"{""safe_translatable_with_api_change"": 2}","{""candidate_safe"": 2}","{""implemented_support"": 1, ""not_implemented"": 1}","{""declared_target"": {""behaviorally_validated"": 0, ""candidate_safe"": 1, ""compile_passed"": 0, ""generated"": 1, ""implemented_support"": 1, ""policy_safe"": 0, ""total"": 1}, ""entry_point"": {""behaviorally_validated"": 0, ""candidate_safe"": 1, ""compile_passed"": 0, ""generated"": 0, ""implemented_support"": 0, ""policy_safe"": 0, ""total"": 1}, ""helper"": {""behaviorally_validated"": 0, ""candidate_safe"": 0, ""compile_passed"": 0, ""generated"": 0, ""implemented_support"": 0, ""policy_safe"": 0, ""total"": 0}, ""other"": {""behaviorally_validated"": 0, ""candidate_safe"": 0, ""compile_passed"": 0, ""generated"": 0, ""implemented_support"": 0, ""policy_safe"": 0, ""total"": 0}}",False,False,"{""manual_allocation"": {""accepted"": 0, ""planned"": 2}}","{""validation_failed"": 1}",0,5,,False,,,failed,,failed,,failed,,failed,Could not build translated Rust program,passed,,"{""failed"": 4, ""passed"": 1, ""skipped"": 1}",,0,,1,,skipped,Disabled,,,,,0,0,0,0
safemap.benchmark_results.v3,2026-07-27T16:00:34Z,361f548f6a773f261ea92c2484d58ae8fdd5a98e,True,malloc_free_constant,safemap_without_dependency_grouping,completed,,/mnt/data/college/research/SafeMAP/reports/development-component-ablations/safemap_without_dependency_grouping/.safemap/runs/20260727T160125Z-malloc_free_constant-c2408385,15,2,0,0,0.0,2,1.0,0,0,{},libclang,,make_answer,safe_translatable_with_api_change,planned,True,True,accepted,make_answer,1,1,1.0,"{""accepted"": 1}",2,2,2,1,1,1,1,1,1,0.5,"{""safe_translatable_with_api_change"": 2}","{""candidate_safe"": 2}","{""implemented_support"": 1, ""not_implemented"": 1}","{""declared_target"": {""behaviorally_validated"": 1, ""candidate_safe"": 1, ""compile_passed"": 1, ""generated"": 1, ""implemented_support"": 1, ""policy_safe"": 1, ""total"": 1}, ""entry_point"": {""behaviorally_validated"": 0, ""candidate_safe"": 1, ""compile_passed"": 0, ""generated"": 0, ""implemented_support"": 0, ""policy_safe"": 0, ""total"": 1}, ""helper"": {""behaviorally_validated"": 0, ""candidate_safe"": 0, ""compile_passed"": 0, ""generated"": 0, ""implemented_support"": 0, ""policy_safe"": 0, ""total"": 0}, ""other"": {""behaviorally_validated"": 0, ""candidate_safe"": 0, ""compile_passed"": 0, ""generated"": 0, ""implemented_support"": 0, ""policy_safe"": 0, ""total"": 0}}",False,False,"{""manual_allocation"": {""accepted"": 1, ""planned"": 2}}",{},0,5,,True,,,passed,,passed,,passed,,passed,,passed,,"{""passed"": 5, ""skipped"": 1}",,0,,0,,skipped,Disabled,,,,1.0,0,0,0,0
safemap.benchmark_results.v3,2026-07-27T16:00:34Z,361f548f6a773f261ea92c2484d58ae8fdd5a98e,True,malloc_free_constant,safemap_without_idiom_plans,no_supported_synthesis,No output remained when the idiom plans component was disabled.,/mnt/data/college/research/SafeMAP/reports/development-component-ablations/safemap_without_idiom_plans/.safemap/runs/20260727T160126Z-malloc_free_constant-4278ecf0,15,2,0,0,0.0,2,1.0,0,0,{},libclang,,make_answer,safe_translatable_with_api_change,rejected,True,False,safe_translatable_with_api_change,make_answer,1,0,0.0,"{""safe_translatable_with_api_change"": 1}",2,2,2,0,0,0,0,0,0,0.0,"{""safe_translatable_with_api_change"": 2}","{""candidate_safe"": 2}","{""not_implemented"": 2}","{""declared_target"": {""behaviorally_validated"": 0, ""candidate_safe"": 1, ""compile_passed"": 0, ""generated"": 0, ""implemented_support"": 0, ""policy_safe"": 0, ""total"": 1}, ""entry_point"": {""behaviorally_validated"": 0, ""candidate_safe"": 1, ""compile_passed"": 0, ""generated"": 0, ""implemented_support"": 0, ""policy_safe"": 0, ""total"": 1}, ""helper"": {""behaviorally_validated"": 0, ""candidate_safe"": 0, ""compile_passed"": 0, ""generated"": 0, ""implemented_support"": 0, ""policy_safe"": 0, ""total"": 0}, ""other"": {""behaviorally_validated"": 0, ""candidate_safe"": 0, ""compile_passed"": 0, ""generated"": 0, ""implemented_support"": 0, ""policy_safe"": 0, ""total"": 0}}",False,False,{},{},0,0,,,,,,,,,,,,,,,{},,,,,,,,,,,,0,0,0,0
safemap.benchmark_results.v3,2026-07-27T16:00:34Z,361f548f6a773f261ea92c2484d58ae8fdd5a98e,True,malloc_free_constant,safemap_without_validation_feedback,completed,,/mnt/data/college/research/SafeMAP/reports/development-component-ablations/safemap_without_validation_feedback/.safemap/runs/20260727T160126Z-malloc_free_constant-4894de45,15,2,0,0,0.0,2,1.0,0,0,{},libclang,,make_answer,safe_translatable_with_api_change,planned,True,True,accepted,make_answer,1,1,1.0,"{""accepted"": 1}",2,2,2,1,1,1,1,1,1,0.5,"{""safe_translatable_with_api_change"": 2}","{""candidate_safe"": 2}","{""implemented_support"": 1, ""not_implemented"": 1}","{""declared_target"": {""behaviorally_validated"": 1, ""candidate_safe"": 1, ""compile_passed"": 1, ""generated"": 1, ""implemented_support"": 1, ""policy_safe"": 1, ""total"": 1}, ""entry_point"": {""behaviorally_validated"": 0, ""candidate_safe"": 1, ""compile_passed"": 0, ""generated"": 0, ""implemented_support"": 0, ""policy_safe"": 0, ""total"": 1}, ""helper"": {""behaviorally_validated"": 0, ""candidate_safe"": 0, ""compile_passed"": 0, ""generated"": 0, ""implemented_support"": 0, ""policy_safe"": 0, ""total"": 0}, ""other"": {""behaviorally_validated"": 0, ""candidate_safe"": 0, ""compile_passed"": 0, ""generated"": 0, ""implemented_support"": 0, ""policy_safe"": 0, ""total"": 0}}",False,False,"{""manual_allocation"": {""accepted"": 1, ""planned"": 2}}",{},0,5,,True,,,passed,,passed,,passed,,passed,,passed,,"{""passed"": 5, ""skipped"": 1}",,0,,0,,skipped,Disabled,,,,1.0,0,0,0,0
safemap.benchmark_results.v3,2026-07-27T16:00:34Z,361f548f6a773f261ea92c2484d58ae8fdd5a98e,True,malloc_vec,safemap_deterministic,completed,,/mnt/data/college/research/SafeMAP/reports/development-component-ablations/safemap_deterministic/.safemap/runs/20260727T160127Z-malloc_vec-e0de5953,20,2,1,0,0.0,5,2.5,0,0,{},libclang,,make_sequence,safe_translatable_with_api_change,planned,True,True,accepted,make_sequence,1,1,1.0,"{""accepted"": 1}",2,2,2,1,1,1,1,1,1,0.5,"{""safe_translatable_with_api_change"": 2}","{""candidate_safe"": 2}","{""implemented_support"": 1, ""not_implemented"": 1}","{""declared_target"": {""behaviorally_validated"": 1, ""candidate_safe"": 1, ""compile_passed"": 1, ""generated"": 1, ""implemented_support"": 1, ""policy_safe"": 1, ""total"": 1}, ""entry_point"": {""behaviorally_validated"": 0, ""candidate_safe"": 1, ""compile_passed"": 0, ""generated"": 0, ""implemented_support"": 0, ""policy_safe"": 0, ""total"": 1}, ""helper"": {""behaviorally_validated"": 0, ""candidate_safe"": 0, ""compile_passed"": 0, ""generated"": 0, ""implemented_support"": 0, ""policy_safe"": 0, ""total"": 0}, ""other"": {""behaviorally_validated"": 0, ""candidate_safe"": 0, ""compile_passed"": 0, ""generated"": 0, ""implemented_support"": 0, ""policy_safe"": 0, ""total"": 0}}",False,False,"{""manual_allocation"": {""accepted"": 1, ""planned"": 2}}",{},0,6,,True,,,passed,,passed,,passed,,passed,,passed,,"{""passed"": 5, ""skipped"": 1}",,0,,0,,skipped,Disabled,,,,1.0,0,0,0,0
safemap.benchmark_results.v3,2026-07-27T16:00:34Z,361f548f6a773f261ea92c2484d58ae8fdd5a98e,True,malloc_vec,safemap_without_pointer_roles,completed,,/mnt/data/college/research/SafeMAP/reports/development-component-ablations/safemap_without_pointer_roles/.safemap/runs/20260727T160128Z-malloc_vec-e291d226,20,2,1,0,0.0,5,2.5,0,0,{},libclang,,make_sequence,safe_translatable_with_api_change,planned,True,True,accepted,make_sequence,1,1,1.0,"{""accepted"": 1}",2,2,2,1,1,1,1,1,1,0.5,"{""safe_translatable_with_api_change"": 2}","{""candidate_safe"": 2}","{""implemented_support"": 1, ""not_implemented"": 1}","{""declared_target"": {""behaviorally_validated"": 1, ""candidate_safe"": 1, ""compile_passed"": 1, ""generated"": 1, ""implemented_support"": 1, ""policy_safe"": 1, ""total"": 1}, ""entry_point"": {""behaviorally_validated"": 0, ""candidate_safe"": 1, ""compile_passed"": 0, ""generated"": 0, ""implemented_support"": 0, ""policy_safe"": 0, ""total"": 1}, ""helper"": {""behaviorally_validated"": 0, ""candidate_safe"": 0, ""compile_passed"": 0, ""generated"": 0, ""implemented_support"": 0, ""policy_safe"": 0, ""total"": 0}, ""other"": {""behaviorally_validated"": 0, ""candidate_safe"": 0, ""compile_passed"": 0, ""generated"": 0, ""implemented_support"": 0, ""policy_safe"": 0, ""total"": 0}}",False,False,"{""manual_allocation"": {""accepted"": 1, ""planned"": 2}}",{},0,6,,True,,,passed,,passed,,passed,,passed,,passed,,"{""passed"": 5, ""skipped"": 1}",,0,,0,,skipped,Disabled,,,,1.0,0,0,0,0
safemap.benchmark_results.v3,2026-07-27T16:00:34Z,361f548f6a773f261ea92c2484d58ae8fdd5a98e,True,malloc_vec,safemap_without_safe_signatures,no_supported_synthesis,No output remained when the safe signatures component was disabled.,/mnt/data/college/research/SafeMAP/reports/development-component-ablations/safemap_without_safe_signatures/.safemap/runs/20260727T160129Z-malloc_vec-43833e2f,20,2,1,0,0.0,5,2.5,0,0,{},libclang,,make_sequence,safe_translatable_with_api_change,planned,True,False,not_accepted,make_sequence,1,0,0.0,"{""not_accepted"": 1}",2,2,2,0,0,0,0,0,0,0.0,"{""safe_translatable_with_api_change"": 2}","{""candidate_safe"": 2}","{""not_implemented"": 2}","{""declared_target"": {""behaviorally_validated"": 0, ""candidate_safe"": 1, ""compile_passed"": 0, ""generated"": 0, ""implemented_support"": 0, ""policy_safe"": 0, ""total"": 1}, ""entry_point"": {""behaviorally_validated"": 0, ""candidate_safe"": 1, ""compile_passed"": 0, ""generated"": 0, ""implemented_support"": 0, ""policy_safe"": 0, ""total"": 1}, ""helper"": {""behaviorally_validated"": 0, ""candidate_safe"": 0, ""compile_passed"": 0, ""generated"": 0, ""implemented_support"": 0, ""policy_safe"": 0, ""total"": 0}, ""other"": {""behaviorally_validated"": 0, ""candidate_safe"": 0, ""compile_passed"": 0, ""generated"": 0, ""implemented_support"": 0, ""policy_safe"": 0, ""total"": 0}}",False,False,"{""manual_allocation"": {""accepted"": 0, ""planned"": 2}}",{},0,0,,,,,,,,,,,,,,,{},,,,,,,,,,,,0,0,0,0
safemap.benchmark_results.v3,2026-07-27T16:00:34Z,361f548f6a773f261ea92c2484d58ae8fdd5a98e,True,malloc_vec,safemap_without_dependency_grouping,completed,,/mnt/data/college/research/SafeMAP/reports/development-component-ablations/safemap_without_dependency_grouping/.safemap/runs/20260727T160129Z-malloc_vec-ec98ca54,20,2,1,0,0.0,5,2.5,0,0,{},libclang,,make_sequence,safe_translatable_with_api_change,planned,True,True,accepted,make_sequence,1,1,1.0,"{""accepted"": 1}",2,2,2,1,1,1,1,1,1,0.5,"{""safe_translatable_with_api_change"": 2}","{""candidate_safe"": 2}","{""implemented_support"": 1, ""not_implemented"": 1}","{""declared_target"": {""behaviorally_validated"": 1, ""candidate_safe"": 1, ""compile_passed"": 1, ""generated"": 1, ""implemented_support"": 1, ""policy_safe"": 1, ""total"": 1}, ""entry_point"": {""behaviorally_validated"": 0, ""candidate_safe"": 1, ""compile_passed"": 0, ""generated"": 0, ""implemented_support"": 0, ""policy_safe"": 0, ""total"": 1}, ""helper"": {""behaviorally_validated"": 0, ""candidate_safe"": 0, ""compile_passed"": 0, ""generated"": 0, ""implemented_support"": 0, ""policy_safe"": 0, ""total"": 0}, ""other"": {""behaviorally_validated"": 0, ""candidate_safe"": 0, ""compile_passed"": 0, ""generated"": 0, ""implemented_support"": 0, ""policy_safe"": 0, ""total"": 0}}",False,False,"{""manual_allocation"": {""accepted"": 1, ""planned"": 2}}",{},0,6,,True,,,passed,,passed,,passed,,passed,,passed,,"{""passed"": 5, ""skipped"": 1}",,0,,0,,skipped,Disabled,,,,1.0,0,0,0,0
safemap.benchmark_results.v3,2026-07-27T16:00:34Z,361f548f6a773f261ea92c2484d58ae8fdd5a98e,True,malloc_vec,safemap_without_idiom_plans,no_supported_synthesis,No output remained when the idiom plans component was disabled.,/mnt/data/college/research/SafeMAP/reports/development-component-ablations/safemap_without_idiom_plans/.safemap/runs/20260727T160130Z-malloc_vec-3d5d5403,20,2,1,0,0.0,5,2.5,0,0,{},libclang,,make_sequence,safe_translatable_with_api_change,rejected,True,False,safe_translatable_with_api_change,make_sequence,1,0,0.0,"{""safe_translatable_with_api_change"": 1}",2,2,2,0,0,0,0,0,0,0.0,"{""safe_translatable_with_api_change"": 2}","{""candidate_safe"": 2}","{""not_implemented"": 2}","{""declared_target"": {""behaviorally_validated"": 0, ""candidate_safe"": 1, ""compile_passed"": 0, ""generated"": 0, ""implemented_support"": 0, ""policy_safe"": 0, ""total"": 1}, ""entry_point"": {""behaviorally_validated"": 0, ""candidate_safe"": 1, ""compile_passed"": 0, ""generated"": 0, ""implemented_support"": 0, ""policy_safe"": 0, ""total"": 1}, ""helper"": {""behaviorally_validated"": 0, ""candidate_safe"": 0, ""compile_passed"": 0, ""generated"": 0, ""implemented_support"": 0, ""policy_safe"": 0, ""total"": 0}, ""other"": {""behaviorally_validated"": 0, ""candidate_safe"": 0, ""compile_passed"": 0, ""generated"": 0, ""implemented_support"": 0, ""policy_safe"": 0, ""total"": 0}}",False,False,{},{},0,0,,,,,,,,,,,,,,,{},,,,,,,,,,,,0,0,0,0
safemap.benchmark_results.v3,2026-07-27T16:00:34Z,361f548f6a773f261ea92c2484d58ae8fdd5a98e,True,malloc_vec,safemap_without_validation_feedback,completed,,/mnt/data/college/research/SafeMAP/reports/development-component-ablations/safemap_without_validation_feedback/.safemap/runs/20260727T160131Z-malloc_vec-531d64d0,20,2,1,0,0.0,5,2.5,0,0,{},libclang,,make_sequence,safe_translatable_with_api_change,planned,True,True,accepted,make_sequence,1,1,1.0,"{""accepted"": 1}",2,2,2,1,1,1,1,1,1,0.5,"{""safe_translatable_with_api_change"": 2}","{""candidate_safe"": 2}","{""implemented_support"": 1, ""not_implemented"": 1}","{""declared_target"": {""behaviorally_validated"": 1, ""candidate_safe"": 1, ""compile_passed"": 1, ""generated"": 1, ""implemented_support"": 1, ""policy_safe"": 1, ""total"": 1}, ""entry_point"": {""behaviorally_validated"": 0, ""candidate_safe"": 1, ""compile_passed"": 0, ""generated"": 0, ""implemented_support"": 0, ""policy_safe"": 0, ""total"": 1}, ""helper"": {""behaviorally_validated"": 0, ""candidate_safe"": 0, ""compile_passed"": 0, ""generated"": 0, ""implemented_support"": 0, ""policy_safe"": 0, ""total"": 0}, ""other"": {""behaviorally_validated"": 0, ""candidate_safe"": 0, ""compile_passed"": 0, ""generated"": 0, ""implemented_support"": 0, ""policy_safe"": 0, ""total"": 0}}",False,False,"{""manual_allocation"": {""accepted"": 1, ""planned"": 2}}",{},0,6,,True,,,passed,,passed,,passed,,passed,,passed,,"{""passed"": 5, ""skipped"": 1}",,0,,0,,skipped,Disabled,,,,1.0,0,0,0,0
safemap.benchmark_results.v3,2026-07-27T16:00:34Z,361f548f6a773f261ea92c2484d58ae8fdd5a98e,True,min_max_outputs,safemap_deterministic,completed,,/mnt/data/college/research/SafeMAP/reports/development-component-ablations/safemap_deterministic/.safemap/runs/20260727T160132Z-min_max_outputs-fb26eb41,14,2,4,2,0.5,4,2.0,0,0,{},libclang,,min_max_pair,safe_translatable_with_api_change,planned,True,True,accepted,min_max_pair,1,1,1.0,"{""accepted"": 1}",2,2,2,1,1,1,1,1,1,0.5,"{""safe_translatable"": 1, ""safe_translatable_with_api_change"": 1}","{""candidate_safe"": 2}","{""implemented_support"": 1, ""not_implemented"": 1}","{""declared_target"": {""behaviorally_validated"": 1, ""candidate_safe"": 1, ""compile_passed"": 1, ""generated"": 1, ""implemented_support"": 1, ""policy_safe"": 1, ""total"": 1}, ""entry_point"": {""behaviorally_validated"": 0, ""candidate_safe"": 1, ""compile_passed"": 0, ""generated"": 0, ""implemented_support"": 0, ""policy_safe"": 0, ""total"": 1}, ""helper"": {""behaviorally_validated"": 0, ""candidate_safe"": 0, ""compile_passed"": 0, ""generated"": 0, ""implemented_support"": 0, ""policy_safe"": 0, ""total"": 0}, ""other"": {""behaviorally_validated"": 0, ""candidate_safe"": 0, ""compile_passed"": 0, ""generated"": 0, ""implemented_support"": 0, ""policy_safe"": 0, ""total"": 0}}",False,False,"{""output_parameter"": {""accepted"": 1, ""planned"": 1}}",{},0,5,,True,,,passed,,passed,,passed,,passed,,passed,,"{""passed"": 5, ""skipped"": 1}",,0,,0,,skipped,Disabled,,,,1.0,0,0,0,0
safemap.benchmark_results.v3,2026-07-27T16:00:34Z,361f548f6a773f261ea92c2484d58ae8fdd5a98e,True,min_max_outputs,safemap_without_pointer_roles,no_supported_synthesis,No output remained when the pointer roles component was disabled.,/mnt/data/college/research/SafeMAP/reports/development-component-ablations/safemap_without_pointer_roles/.safemap/runs/20260727T160133Z-min_max_outputs-5c24a825,14,2,4,2,0.5,4,2.0,0,0,{},libclang,,min_max_pair,safe_translatable_with_api_change,rejected,False,False,requires_manual_refactor,min_max_pair,1,0,0.0,"{""requires_manual_refactor"": 1}",2,1,1,0,0,0,0,0,0,0.0,"{""requires_manual_refactor"": 1, ""safe_translatable"": 1}","{""candidate_safe"": 1, ""manual_refactor_required"": 1}","{""not_applicable"": 1, ""not_implemented"": 1}","{""declared_target"": {""behaviorally_validated"": 0, ""candidate_safe"": 0, ""compile_passed"": 0, ""generated"": 0, ""implemented_support"": 0, ""policy_safe"": 0, ""total"": 1}, ""entry_point"": {""behaviorally_validated"": 0, ""candidate_safe"": 1, ""compile_passed"": 0, ""generated"": 0, ""implemented_support"": 0, ""policy_safe"": 0, ""total"": 1}, ""helper"": {""behaviorally_validated"": 0, ""candidate_safe"": 0, ""compile_passed"": 0, ""generated"": 0, ""implemented_support"": 0, ""policy_safe"": 0, ""total"": 0}, ""other"": {""behaviorally_validated"": 0, ""candidate_safe"": 0, ""compile_passed"": 0, ""generated"": 0, ""implemented_support"": 0, ""policy_safe"": 0, ""total"": 0}}",False,False,{},"{""requires_manual_refactor"": 1}",0,0,,,,,,,,,,,,,,,{},,,,,,,,,,,,0,0,0,0
safemap.benchmark_results.v3,2026-07-27T16:00:34Z,361f548f6a773f261ea92c2484d58ae8fdd5a98e,True,min_max_outputs,safemap_without_safe_signatures,completed,,/mnt/data/college/research/SafeMAP/reports/development-component-ablations/safemap_without_safe_signatures/.safemap/runs/20260727T160133Z-min_max_outputs-96cde9b1,14,2,4,2,0.5,4,2.0,0,0,{},libclang,,min_max_pair,safe_translatable_with_api_change,planned,True,False,not_accepted,min_max_pair,1,0,0.0,"{""not_accepted"": 1}",2,2,2,1,1,0,0,0,0,0.0,"{""safe_translatable"": 1, ""safe_translatable_with_api_change"": 1}","{""candidate_safe"": 2}","{""implemented_support"": 1, ""not_implemented"": 1}","{""declared_target"": {""behaviorally_validated"": 0, ""candidate_safe"": 1, ""compile_passed"": 0, ""generated"": 1, ""implemented_support"": 1, ""policy_safe"": 0, ""total"": 1}, ""entry_point"": {""behaviorally_validated"": 0, ""candidate_safe"": 1, ""compile_passed"": 0, ""generated"": 0, ""implemented_support"": 0, ""policy_safe"": 0, ""total"": 1}, ""helper"": {""behaviorally_validated"": 0, ""candidate_safe"": 0, ""compile_passed"": 0, ""generated"": 0, ""implemented_support"": 0, ""policy_safe"": 0, ""total"": 0}, ""other"": {""behaviorally_validated"": 0, ""candidate_safe"": 0, ""compile_passed"": 0, ""generated"": 0, ""implemented_support"": 0, ""policy_safe"": 0, ""total"": 0}}",False,False,"{""output_parameter"": {""accepted"": 0, ""planned"": 1}}","{""validation_failed"": 1}",0,5,,False,,,failed,,failed,,failed,,failed,Could not build translated Rust program,passed,,"{""failed"": 4, ""passed"": 1, ""skipped"": 1}",,0,,2,,skipped,Disabled,,,,,0,0,0,0
safemap.benchmark_results.v3,2026-07-27T16:00:34Z,361f548f6a773f261ea92c2484d58ae8fdd5a98e,True,min_max_outputs,safemap_without_dependency_grouping,completed,,/mnt/data/college/research/SafeMAP/reports/development-component-ablations/safemap_without_dependency_grouping/.safemap/runs/20260727T160133Z-min_max_outputs-8edd6295,14,2,4,2,0.5,4,2.0,0,0,{},libclang,,min_max_pair,safe_translatable_with_api_change,planned,True,True,accepted,min_max_pair,1,1,1.0,"{""accepted"": 1}",2,2,2,1,1,1,1,1,1,0.5,"{""safe_translatable"": 1, ""safe_translatable_with_api_change"": 1}","{""candidate_safe"": 2}","{""implemented_support"": 1, ""not_implemented"": 1}","{""declared_target"": {""behaviorally_validated"": 1, ""candidate_safe"": 1, ""compile_passed"": 1, ""generated"": 1, ""implemented_support"": 1, ""policy_safe"": 1, ""total"": 1}, ""entry_point"": {""behaviorally_validated"": 0, ""candidate_safe"": 1, ""compile_passed"": 0, ""generated"": 0, ""implemented_support"": 0, ""policy_safe"": 0, ""total"": 1}, ""helper"": {""behaviorally_validated"": 0, ""candidate_safe"": 0, ""compile_passed"": 0, ""generated"": 0, ""implemented_support"": 0, ""policy_safe"": 0, ""total"": 0}, ""other"": {""behaviorally_validated"": 0, ""candidate_safe"": 0, ""compile_passed"": 0, ""generated"": 0, ""implemented_support"": 0, ""policy_safe"": 0, ""total"": 0}}",False,False,"{""output_parameter"": {""accepted"": 1, ""planned"": 1}}",{},0,5,,True,,,passed,,passed,,passed,,passed,,passed,,"{""passed"": 5, ""skipped"": 1}",,0,,0,,skipped,Disabled,,,,1.0,0,0,0,0
safemap.benchmark_results.v3,2026-07-27T16:00:34Z,361f548f6a773f261ea92c2484d58ae8fdd5a98e,True,min_max_outputs,safemap_without_idiom_plans,no_supported_synthesis,No output remained when the idiom plans component was disabled.,/mnt/data/college/research/SafeMAP/reports/development-component-ablations/safemap_without_idiom_plans/.safemap/runs/20260727T160134Z-min_max_outputs-51252840,14,2,4,2,0.5,4,2.0,0,0,{},libclang,,min_max_pair,safe_translatable_with_api_change,rejected,True,False,safe_translatable_with_api_change,min_max_pair,1,0,0.0,"{""safe_translatable_with_api_change"": 1}",2,2,2,0,0,0,0,0,0,0.0,"{""safe_translatable"": 1, ""safe_translatable_with_api_change"": 1}","{""candidate_safe"": 2}","{""not_implemented"": 2}","{""declared_target"": {""behaviorally_validated"": 0, ""candidate_safe"": 1, ""compile_passed"": 0, ""generated"": 0, ""implemented_support"": 0, ""policy_safe"": 0, ""total"": 1}, ""entry_point"": {""behaviorally_validated"": 0, ""candidate_safe"": 1, ""compile_passed"": 0, ""generated"": 0, ""implemented_support"": 0, ""policy_safe"": 0, ""total"": 1}, ""helper"": {""behaviorally_validated"": 0, ""candidate_safe"": 0, ""compile_passed"": 0, ""generated"": 0, ""implemented_support"": 0, ""policy_safe"": 0, ""total"": 0}, ""other"": {""behaviorally_validated"": 0, ""candidate_safe"": 0, ""compile_passed"": 0, ""generated"": 0, ""implemented_support"": 0, ""policy_safe"": 0, ""total"": 0}}",False,False,{},{},0,0,,,,,,,,,,,,,,,{},,,,,,,,,,,,0,0,0,0
safemap.benchmark_results.v3,2026-07-27T16:00:34Z,361f548f6a773f261ea92c2484d58ae8fdd5a98e,True,min_max_outputs,safemap_without_validation_feedback,completed,,/mnt/data/college/research/SafeMAP/reports/development-component-ablations/safemap_without_validation_feedback/.safemap/runs/20260727T160134Z-min_max_outputs-a467db94,14,2,4,2,0.5,4,2.0,0,0,{},libclang,,min_max_pair,safe_translatable_with_api_change,planned,True,True,accepted,min_max_pair,1,1,1.0,"{""accepted"": 1}",2,2,2,1,1,1,1,1,1,0.5,"{""safe_translatable"": 1, ""safe_translatable_with_api_change"": 1}","{""candidate_safe"": 2}","{""implemented_support"": 1, ""not_implemented"": 1}","{""declared_target"": {""behaviorally_validated"": 1, ""candidate_safe"": 1, ""compile_passed"": 1, ""generated"": 1, ""implemented_support"": 1, ""policy_safe"": 1, ""total"": 1}, ""entry_point"": {""behaviorally_validated"": 0, ""candidate_safe"": 1, ""compile_passed"": 0, ""generated"": 0, ""implemented_support"": 0, ""policy_safe"": 0, ""total"": 1}, ""helper"": {""behaviorally_validated"": 0, ""candidate_safe"": 0, ""compile_passed"": 0, ""generated"": 0, ""implemented_support"": 0, ""policy_safe"": 0, ""total"": 0}, ""other"": {""behaviorally_validated"": 0, ""candidate_safe"": 0, ""compile_passed"": 0, ""generated"": 0, ""implemented_support"": 0, ""policy_safe"": 0, ""total"": 0}}",False,False,"{""output_parameter"": {""accepted"": 1, ""planned"": 1}}",{},0,5,,True,,,passed,,passed,,passed,,passed,,passed,,"{""passed"": 5, ""skipped"": 1}",,0,,0,,skipped,Disabled,,,,1.0,0,0,0,0
safemap.benchmark_results.v3,2026-07-27T16:00:34Z,361f548f6a773f261ea92c2484d58ae8fdd5a98e,True,multiple_outputs,safemap_deterministic,completed,,/mnt/data/college/research/SafeMAP/reports/development-component-ablations/safemap_deterministic/.safemap/runs/20260727T160135Z-multiple_outputs-4a170856,14,2,4,2,0.5,2,1.0,0,0,{},libclang,,divmod_pair,safe_translatable_with_api_change,planned,True,True,accepted,divmod_pair,1,1,1.0,"{""accepted"": 1}",2,2,2,1,1,1,1,1,1,0.5,"{""safe_translatable"": 1, ""safe_translatable_with_api_change"": 1}","{""candidate_safe"": 2}","{""implemented_support"": 1, ""not_implemented"": 1}","{""declared_target"": {""behaviorally_validated"": 1, ""candidate_safe"": 1, ""compile_passed"": 1, ""generated"": 1, ""implemented_support"": 1, ""policy_safe"": 1, ""total"": 1}, ""entry_point"": {""behaviorally_validated"": 0, ""candidate_safe"": 1, ""compile_passed"": 0, ""generated"": 0, ""implemented_support"": 0, ""policy_safe"": 0, ""total"": 1}, ""helper"": {""behaviorally_validated"": 0, ""candidate_safe"": 0, ""compile_passed"": 0, ""generated"": 0, ""implemented_support"": 0, ""policy_safe"": 0, ""total"": 0}, ""other"": {""behaviorally_validated"": 0, ""candidate_safe"": 0, ""compile_passed"": 0, ""generated"": 0, ""implemented_support"": 0, ""policy_safe"": 0, ""total"": 0}}",False,False,"{""output_parameter"": {""accepted"": 1, ""planned"": 1}}",{},0,5,,True,,,passed,,passed,,passed,,passed,,passed,,"{""passed"": 5, ""skipped"": 1}",,0,,0,,skipped,Disabled,,,,1.0,0,0,0,0
safemap.benchmark_results.v3,2026-07-27T16:00:34Z,361f548f6a773f261ea92c2484d58ae8fdd5a98e,True,multiple_outputs,safemap_without_pointer_roles,no_supported_synthesis,No output remained when the pointer roles component was disabled.,/mnt/data/college/research/SafeMAP/reports/development-component-ablations/safemap_without_pointer_roles/.safemap/runs/20260727T160137Z-multiple_outputs-b6342661,14,2,4,2,0.5,2,1.0,0,0,{},libclang,,divmod_pair,safe_translatable_with_api_change,rejected,False,False,requires_manual_refactor,divmod_pair,1,0,0.0,"{""requires_manual_refactor"": 1}",2,1,1,0,0,0,0,0,0,0.0,"{""requires_manual_refactor"": 1, ""safe_translatable"": 1}","{""candidate_safe"": 1, ""manual_refactor_required"": 1}","{""not_applicable"": 1, ""not_implemented"": 1}","{""declared_target"": {""behaviorally_validated"": 0, ""candidate_safe"": 0, ""compile_passed"": 0, ""generated"": 0, ""implemented_support"": 0, ""policy_safe"": 0, ""total"": 1}, ""entry_point"": {""behaviorally_validated"": 0, ""candidate_safe"": 1, ""compile_passed"": 0, ""generated"": 0, ""implemented_support"": 0, ""policy_safe"": 0, ""total"": 1}, ""helper"": {""behaviorally_validated"": 0, ""candidate_safe"": 0, ""compile_passed"": 0, ""generated"": 0, ""implemented_support"": 0, ""policy_safe"": 0, ""total"": 0}, ""other"": {""behaviorally_validated"": 0, ""candidate_safe"": 0, ""compile_passed"": 0, ""generated"": 0, ""implemented_support"": 0, ""policy_safe"": 0, ""total"": 0}}",False,False,{},"{""requires_manual_refactor"": 1}",0,0,,,,,,,,,,,,,,,{},,,,,,,,,,,,0,0,0,0
safemap.benchmark_results.v3,2026-07-27T16:00:34Z,361f548f6a773f261ea92c2484d58ae8fdd5a98e,True,multiple_outputs,safemap_without_safe_signatures,completed,,/mnt/data/college/research/SafeMAP/reports/development-component-ablations/safemap_without_safe_signatures/.safemap/runs/20260727T160137Z-multiple_outputs-b2d4cb90,14,2,4,2,0.5,2,1.0,0,0,{},libclang,,divmod_pair,safe_translatable_with_api_change,planned,True,False,not_accepted,divmod_pair,1,0,0.0,"{""not_accepted"": 1}",2,2,2,1,1,0,0,0,0,0.0,"{""safe_translatable"": 1, ""safe_translatable_with_api_change"": 1}","{""candidate_safe"": 2}","{""implemented_support"": 1, ""not_implemented"": 1}","{""declared_target"": {""behaviorally_validated"": 0, ""candidate_safe"": 1, ""compile_passed"": 0, ""generated"": 1, ""implemented_support"": 1, ""policy_safe"": 0, ""total"": 1}, ""entry_point"": {""behaviorally_validated"": 0, ""candidate_safe"": 1, ""compile_passed"": 0, ""generated"": 0, ""implemented_support"": 0, ""policy_safe"": 0, ""total"": 1}, ""helper"": {""behaviorally_validated"": 0, ""candidate_safe"": 0, ""compile_passed"": 0, ""generated"": 0, ""implemented_support"": 0, ""policy_safe"": 0, ""total"": 0}, ""other"": {""behaviorally_validated"": 0, ""candidate_safe"": 0, ""compile_passed"": 0, ""generated"": 0, ""implemented_support"": 0, ""policy_safe"": 0, ""total"": 0}}",False,False,"{""output_parameter"": {""accepted"": 0, ""planned"": 1}}","{""validation_failed"": 1}",0,5,,False,,,failed,,failed,,failed,,failed,Could not build translated Rust program,passed,,"{""failed"": 4, ""passed"": 1, ""skipped"": 1}",,0,,2,,skipped,Disabled,,,,,0,0,0,0
safemap.benchmark_results.v3,2026-07-27T16:00:34Z,361f548f6a773f261ea92c2484d58ae8fdd5a98e,True,multiple_outputs,safemap_without_dependency_grouping,completed,,/mnt/data/college/research/SafeMAP/reports/development-component-ablations/safemap_without_dependency_grouping/.safemap/runs/20260727T160137Z-multiple_outputs-bc4e0157,14,2,4,2,0.5,2,1.0,0,0,{},libclang,,divmod_pair,safe_translatable_with_api_change,planned,True,True,accepted,divmod_pair,1,1,1.0,"{""accepted"": 1}",2,2,2,1,1,1,1,1,1,0.5,"{""safe_translatable"": 1, ""safe_translatable_with_api_change"": 1}","{""candidate_safe"": 2}","{""implemented_support"": 1, ""not_implemented"": 1}","{""declared_target"": {""behaviorally_validated"": 1, ""candidate_safe"": 1, ""compile_passed"": 1, ""generated"": 1, ""implemented_support"": 1, ""policy_safe"": 1, ""total"": 1}, ""entry_point"": {""behaviorally_validated"": 0, ""candidate_safe"": 1, ""compile_passed"": 0, ""generated"": 0, ""implemented_support"": 0, ""policy_safe"": 0, ""total"": 1}, ""helper"": {""behaviorally_validated"": 0, ""candidate_safe"": 0, ""compile_passed"": 0, ""generated"": 0, ""implemented_support"": 0, ""policy_safe"": 0, ""total"": 0}, ""other"": {""behaviorally_validated"": 0, ""candidate_safe"": 0, ""compile_passed"": 0, ""generated"": 0, ""implemented_support"": 0, ""policy_safe"": 0, ""total"": 0}}",False,False,"{""output_parameter"": {""accepted"": 1, ""planned"": 1}}",{},0,5,,True,,,passed,,passed,,passed,,passed,,passed,,"{""passed"": 5, ""skipped"": 1}",,0,,0,,skipped,Disabled,,,,1.0,0,0,0,0
safemap.benchmark_results.v3,2026-07-27T16:00:34Z,361f548f6a773f261ea92c2484d58ae8fdd5a98e,True,multiple_outputs,safemap_without_idiom_plans,no_supported_synthesis,No output remained when the idiom plans component was disabled.,/mnt/data/college/research/SafeMAP/reports/development-component-ablations/safemap_without_idiom_plans/.safemap/runs/20260727T160138Z-multiple_outputs-5bf1914a,14,2,4,2,0.5,2,1.0,0,0,{},libclang,,divmod_pair,safe_translatable_with_api_change,rejected,True,False,safe_translatable_with_api_change,divmod_pair,1,0,0.0,"{""safe_translatable_with_api_change"": 1}",2,2,2,0,0,0,0,0,0,0.0,"{""safe_translatable"": 1, ""safe_translatable_with_api_change"": 1}","{""candidate_safe"": 2}","{""not_implemented"": 2}","{""declared_target"": {""behaviorally_validated"": 0, ""candidate_safe"": 1, ""compile_passed"": 0, ""generated"": 0, ""implemented_support"": 0, ""policy_safe"": 0, ""total"": 1}, ""entry_point"": {""behaviorally_validated"": 0, ""candidate_safe"": 1, ""compile_passed"": 0, ""generated"": 0, ""implemented_support"": 0, ""policy_safe"": 0, ""total"": 1}, ""helper"": {""behaviorally_validated"": 0, ""candidate_safe"": 0, ""compile_passed"": 0, ""generated"": 0, ""implemented_support"": 0, ""policy_safe"": 0, ""total"": 0}, ""other"": {""behaviorally_validated"": 0, ""candidate_safe"": 0, ""compile_passed"": 0, ""generated"": 0, ""implemented_support"": 0, ""policy_safe"": 0, ""total"": 0}}",False,False,{},{},0,0,,,,,,,,,,,,,,,{},,,,,,,,,,,,0,0,0,0
safemap.benchmark_results.v3,2026-07-27T16:00:34Z,361f548f6a773f261ea92c2484d58ae8fdd5a98e,True,multiple_outputs,safemap_without_validation_feedback,completed,,/mnt/data/college/research/SafeMAP/reports/development-component-ablations/safemap_without_validation_feedback/.safemap/runs/20260727T160138Z-multiple_outputs-a4d30d84,14,2,4,2,0.5,2,1.0,0,0,{},libclang,,divmod_pair,safe_translatable_with_api_change,planned,True,True,accepted,divmod_pair,1,1,1.0,"{""accepted"": 1}",2,2,2,1,1,1,1,1,1,0.5,"{""safe_translatable"": 1, ""safe_translatable_with_api_change"": 1}","{""candidate_safe"": 2}","{""implemented_support"": 1, ""not_implemented"": 1}","{""declared_target"": {""behaviorally_validated"": 1, ""candidate_safe"": 1, ""compile_passed"": 1, ""generated"": 1, ""implemented_support"": 1, ""policy_safe"": 1, ""total"": 1}, ""entry_point"": {""behaviorally_validated"": 0, ""candidate_safe"": 1, ""compile_passed"": 0, ""generated"": 0, ""implemented_support"": 0, ""policy_safe"": 0, ""total"": 1}, ""helper"": {""behaviorally_validated"": 0, ""candidate_safe"": 0, ""compile_passed"": 0, ""generated"": 0, ""implemented_support"": 0, ""policy_safe"": 0, ""total"": 0}, ""other"": {""behaviorally_validated"": 0, ""candidate_safe"": 0, ""compile_passed"": 0, ""generated"": 0, ""implemented_support"": 0, ""policy_safe"": 0, ""total"": 0}}",False,False,"{""output_parameter"": {""accepted"": 1, ""planned"": 1}}",{},0,5,,True,,,passed,,passed,,passed,,passed,,passed,,"{""passed"": 5, ""skipped"": 1}",,0,,0,,skipped,Disabled,,,,1.0,0,0,0,0
safemap.benchmark_results.v3,2026-07-27T16:00:34Z,361f548f6a773f261ea92c2484d58ae8fdd5a98e,True,mutable_buffer,safemap_deterministic,completed,,/mnt/data/college/research/SafeMAP/reports/development-component-ablations/safemap_deterministic/.safemap/runs/20260727T160139Z-mutable_buffer-2fa886fb,14,2,2,1,0.5,3,1.5,0,0,{},libclang,,increment_all,safe_translatable_with_api_change,planned,True,True,accepted,increment_all,1,1,1.0,"{""accepted"": 1}",2,2,2,1,1,1,1,1,1,0.5,"{""safe_translatable"": 1, ""safe_translatable_with_api_change"": 1}","{""candidate_safe"": 2}","{""implemented_support"": 1, ""not_implemented"": 1}","{""declared_target"": {""behaviorally_validated"": 1, ""candidate_safe"": 1, ""compile_passed"": 1, ""generated"": 1, ""implemented_support"": 1, ""policy_safe"": 1, ""total"": 1}, ""entry_point"": {""behaviorally_validated"": 0, ""candidate_safe"": 1, ""compile_passed"": 0, ""generated"": 0, ""implemented_support"": 0, ""policy_safe"": 0, ""total"": 1}, ""helper"": {""behaviorally_validated"": 0, ""candidate_safe"": 0, ""compile_passed"": 0, ""generated"": 0, ""implemented_support"": 0, ""policy_safe"": 0, ""total"": 0}, ""other"": {""behaviorally_validated"": 0, ""candidate_safe"": 0, ""compile_passed"": 0, ""generated"": 0, ""implemented_support"": 0, ""policy_safe"": 0, ""total"": 0}}",False,False,"{""pointer_length_array"": {""accepted"": 1, ""planned"": 1}}",{},0,7,,True,,,passed,,passed,,passed,,passed,,passed,,"{""passed"": 5, ""skipped"": 1}",,0,,0,,skipped,Disabled,,,,1.0,0,0,0,0
safemap.benchmark_results.v3,2026-07-27T16:00:34Z,361f548f6a773f261ea92c2484d58ae8fdd5a98e,True,mutable_buffer,safemap_without_pointer_roles,no_supported_synthesis,No output remained when the pointer roles component was disabled.,/mnt/data/college/research/SafeMAP/reports/development-component-ablations/safemap_without_pointer_roles/.safemap/runs/20260727T160141Z-mutable_buffer-bef3fce0,14,2,2,1,0.5,3,1.5,0,0,{},libclang,,increment_all,safe_translatable_with_api_change,planned,True,False,not_accepted,increment_all,1,0,0.0,"{""not_accepted"": 1}",2,2,2,0,0,0,0,0,0,0.0,"{""safe_translatable"": 1, ""safe_translatable_with_api_change"": 1}","{""candidate_safe"": 2}","{""not_implemented"": 2}","{""declared_target"": {""behaviorally_validated"": 0, ""candidate_safe"": 1, ""compile_passed"": 0, ""generated"": 0, ""implemented_support"": 0, ""policy_safe"": 0, ""total"": 1}, ""entry_point"": {""behaviorally_validated"": 0, ""candidate_safe"": 1, ""compile_passed"": 0, ""generated"": 0, ""implemented_support"": 0, ""policy_safe"": 0, ""total"": 1}, ""helper"": {""behaviorally_validated"": 0, ""candidate_safe"": 0, ""compile_passed"": 0, ""generated"": 0, ""implemented_support"": 0, ""policy_safe"": 0, ""total"": 0}, ""other"": {""behaviorally_validated"": 0, ""candidate_safe"": 0, ""compile_passed"": 0, ""generated"": 0, ""implemented_support"": 0, ""policy_safe"": 0, ""total"": 0}}",False,False,"{""pointer_length_array"": {""accepted"": 0, ""planned"": 1}}",{},0,0,,,,,,,,,,,,,,,{},,,,,,,,,,,,0,0,0,0
safemap.benchmark_results.v3,2026-07-27T16:00:34Z,361f548f6a773f261ea92c2484d58ae8fdd5a98e,True,mutable_buffer,safemap_without_safe_signatures,completed,,/mnt/data/college/research/SafeMAP/reports/development-component-ablations/safemap_without_safe_signatures/.safemap/runs/20260727T160141Z-mutable_buffer-235e914e,14,2,2,1,0.5,3,1.5,0,0,{},libclang,,increment_all,safe_translatable_with_api_change,planned,True,False,not_accepted,increment_all,1,0,0.0,"{""not_accepted"": 1}",2,2,2,1,1,0,0,0,0,0.0,"{""safe_translatable"": 1, ""safe_translatable_with_api_change"": 1}","{""candidate_safe"": 2}","{""implemented_support"": 1, ""not_implemented"": 1}","{""declared_target"": {""behaviorally_validated"": 0, ""candidate_safe"": 1, ""compile_passed"": 0, ""generated"": 1, ""implemented_support"": 1, ""policy_safe"": 0, ""total"": 1}, ""entry_point"": {""behaviorally_validated"": 0, ""candidate_safe"": 1, ""compile_passed"": 0, ""generated"": 0, ""implemented_support"": 0, ""policy_safe"": 0, ""total"": 1}, ""helper"": {""behaviorally_validated"": 0, ""candidate_safe"": 0, ""compile_passed"": 0, ""generated"": 0, ""implemented_support"": 0, ""policy_safe"": 0, ""total"": 0}, ""other"": {""behaviorally_validated"": 0, ""candidate_safe"": 0, ""compile_passed"": 0, ""generated"": 0, ""implemented_support"": 0, ""policy_safe"": 0, ""total"": 0}}",False,False,"{""pointer_length_array"": {""accepted"": 0, ""planned"": 1}}","{""validation_failed"": 1}",0,7,,False,,,failed,,failed,,failed,,failed,Could not build translated Rust program,passed,,"{""failed"": 4, ""passed"": 1, ""skipped"": 1}",,0,,1,,skipped,Disabled,,,,,0,0,0,0
safemap.benchmark_results.v3,2026-07-27T16:00:34Z,361f548f6a773f261ea92c2484d58ae8fdd5a98e,True,mutable_buffer,safemap_without_dependency_grouping,completed,,/mnt/data/college/research/SafeMAP/reports/development-component-ablations/safemap_without_dependency_grouping/.safemap/runs/20260727T160141Z-mutable_buffer-e4b9a1ee,14,2,2,1,0.5,3,1.5,0,0,{},libclang,,increment_all,safe_translatable_with_api_change,planned,True,True,accepted,increment_all,1,1,1.0,"{""accepted"": 1}",2,2,2,1,1,1,1,1,1,0.5,"{""safe_translatable"": 1, ""safe_translatable_with_api_change"": 1}","{""candidate_safe"": 2}","{""implemented_support"": 1, ""not_implemented"": 1}","{""declared_target"": {""behaviorally_validated"": 1, ""candidate_safe"": 1, ""compile_passed"": 1, ""generated"": 1, ""implemented_support"": 1, ""policy_safe"": 1, ""total"": 1}, ""entry_point"": {""behaviorally_validated"": 0, ""candidate_safe"": 1, ""compile_passed"": 0, ""generated"": 0, ""implemented_support"": 0, ""policy_safe"": 0, ""total"": 1}, ""helper"": {""behaviorally_validated"": 0, ""candidate_safe"": 0, ""compile_passed"": 0, ""generated"": 0, ""implemented_support"": 0, ""policy_safe"": 0, ""total"": 0}, ""other"": {""behaviorally_validated"": 0, ""candidate_safe"": 0, ""compile_passed"": 0, ""generated"": 0, ""implemented_support"": 0, ""policy_safe"": 0, ""total"": 0}}",False,False,"{""pointer_length_array"": {""accepted"": 1, ""planned"": 1}}",{},0,7,,True,,,passed,,passed,,passed,,passed,,passed,,"{""passed"": 5, ""skipped"": 1}",,0,,0,,skipped,Disabled,,,,1.0,0,0,0,0
safemap.benchmark_results.v3,2026-07-27T16:00:34Z,361f548f6a773f261ea92c2484d58ae8fdd5a98e,True,mutable_buffer,safemap_without_idiom_plans,no_supported_synthesis,No output remained when the idiom plans component was disabled.,/mnt/data/college/research/SafeMAP/reports/development-component-ablations/safemap_without_idiom_plans/.safemap/runs/20260727T160142Z-mutable_buffer-c61578bc,14,2,2,1,0.5,3,1.5,0,0,{},libclang,,increment_all,safe_translatable_with_api_change,rejected,True,False,safe_translatable_with_api_change,increment_all,1,0,0.0,"{""safe_translatable_with_api_change"": 1}",2,2,2,0,0,0,0,0,0,0.0,"{""safe_translatable"": 1, ""safe_translatable_with_api_change"": 1}","{""candidate_safe"": 2}","{""not_implemented"": 2}","{""declared_target"": {""behaviorally_validated"": 0, ""candidate_safe"": 1, ""compile_passed"": 0, ""generated"": 0, ""implemented_support"": 0, ""policy_safe"": 0, ""total"": 1}, ""entry_point"": {""behaviorally_validated"": 0, ""candidate_safe"": 1, ""compile_passed"": 0, ""generated"": 0, ""implemented_support"": 0, ""policy_safe"": 0, ""total"": 1}, ""helper"": {""behaviorally_validated"": 0, ""candidate_safe"": 0, ""compile_passed"": 0, ""generated"": 0, ""implemented_support"": 0, ""policy_safe"": 0, ""total"": 0}, ""other"": {""behaviorally_validated"": 0, ""candidate_safe"": 0, ""compile_passed"": 0, ""generated"": 0, ""implemented_support"": 0, ""policy_safe"": 0, ""total"": 0}}",False,False,{},{},0,0,,,,,,,,,,,,,,,{},,,,,,,,,,,,0,0,0,0
safemap.benchmark_results.v3,2026-07-27T16:00:34Z,361f548f6a773f261ea92c2484d58ae8fdd5a98e,True,mutable_buffer,safemap_without_validation_feedback,completed,,/mnt/data/college/research/SafeMAP/reports/development-component-ablations/safemap_without_validation_feedback/.safemap/runs/20260727T160143Z-mutable_buffer-40bebf0f,14,2,2,1,0.5,3,1.5,0,0,{},libclang,,increment_all,safe_translatable_with_api_change,planned,True,True,accepted,increment_all,1,1,1.0,"{""accepted"": 1}",2,2,2,1,1,1,1,1,1,0.5,"{""safe_translatable"": 1, ""safe_translatable_with_api_change"": 1}","{""candidate_safe"": 2}","{""implemented_support"": 1, ""not_implemented"": 1}","{""declared_target"": {""behaviorally_validated"": 1, ""candidate_safe"": 1, ""compile_passed"": 1, ""generated"": 1, ""implemented_support"": 1, ""policy_safe"": 1, ""total"": 1}, ""entry_point"": {""behaviorally_validated"": 0, ""candidate_safe"": 1, ""compile_passed"": 0, ""generated"": 0, ""implemented_support"": 0, ""policy_safe"": 0, ""total"": 1}, ""helper"": {""behaviorally_validated"": 0, ""candidate_safe"": 0, ""compile_passed"": 0, ""generated"": 0, ""implemented_support"": 0, ""policy_safe"": 0, ""total"": 0}, ""other"": {""behaviorally_validated"": 0, ""candidate_safe"": 0, ""compile_passed"": 0, ""generated"": 0, ""implemented_support"": 0, ""policy_safe"": 0, ""total"": 0}}",False,False,"{""pointer_length_array"": {""accepted"": 1, ""planned"": 1}}",{},0,7,,True,,,passed,,passed,,passed,,passed,,passed,,"{""passed"": 5, ""skipped"": 1}",,0,,0,,skipped,Disabled,,,,1.0,0,0,0,0
safemap.benchmark_results.v3,2026-07-27T16:00:34Z,361f548f6a773f261ea92c2484d58ae8fdd5a98e,True,mutable_buffer_add_two,safemap_deterministic,completed,,/mnt/data/college/research/SafeMAP/reports/development-component-ablations/safemap_deterministic/.safemap/runs/20260727T160144Z-mutable_buffer_add_two-c040dec9,14,2,2,1,0.5,3,1.5,0,0,{},libclang,,add_two_all,safe_translatable_with_api_change,planned,True,True,accepted,add_two_all,1,1,1.0,"{""accepted"": 1}",2,2,2,1,1,1,1,1,1,0.5,"{""safe_translatable"": 1, ""safe_translatable_with_api_change"": 1}","{""candidate_safe"": 2}","{""implemented_support"": 1, ""not_implemented"": 1}","{""declared_target"": {""behaviorally_validated"": 1, ""candidate_safe"": 1, ""compile_passed"": 1, ""generated"": 1, ""implemented_support"": 1, ""policy_safe"": 1, ""total"": 1}, ""entry_point"": {""behaviorally_validated"": 0, ""candidate_safe"": 1, ""compile_passed"": 0, ""generated"": 0, ""implemented_support"": 0, ""policy_safe"": 0, ""total"": 1}, ""helper"": {""behaviorally_validated"": 0, ""candidate_safe"": 0, ""compile_passed"": 0, ""generated"": 0, ""implemented_support"": 0, ""policy_safe"": 0, ""total"": 0}, ""other"": {""behaviorally_validated"": 0, ""candidate_safe"": 0, ""compile_passed"": 0, ""generated"": 0, ""implemented_support"": 0, ""policy_safe"": 0, ""total"": 0}}",False,False,"{""pointer_length_array"": {""accepted"": 1, ""planned"": 1}}",{},0,7,,True,,,passed,,passed,,passed,,passed,,passed,,"{""passed"": 5, ""skipped"": 1}",,0,,0,,skipped,Disabled,,,,1.0,0,0,0,0
safemap.benchmark_results.v3,2026-07-27T16:00:34Z,361f548f6a773f261ea92c2484d58ae8fdd5a98e,True,mutable_buffer_add_two,safemap_without_pointer_roles,no_supported_synthesis,No output remained when the pointer roles component was disabled.,/mnt/data/college/research/SafeMAP/reports/development-component-ablations/safemap_without_pointer_roles/.safemap/runs/20260727T160145Z-mutable_buffer_add_two-afb76467,14,2,2,1,0.5,3,1.5,0,0,{},libclang,,add_two_all,safe_translatable_with_api_change,planned,True,False,not_accepted,add_two_all,1,0,0.0,"{""not_accepted"": 1}",2,2,2,0,0,0,0,0,0,0.0,"{""safe_translatable"": 1, ""safe_translatable_with_api_change"": 1}","{""candidate_safe"": 2}","{""not_implemented"": 2}","{""declared_target"": {""behaviorally_validated"": 0, ""candidate_safe"": 1, ""compile_passed"": 0, ""generated"": 0, ""implemented_support"": 0, ""policy_safe"": 0, ""total"": 1}, ""entry_point"": {""behaviorally_validated"": 0, ""candidate_safe"": 1, ""compile_passed"": 0, ""generated"": 0, ""implemented_support"": 0, ""policy_safe"": 0, ""total"": 1}, ""helper"": {""behaviorally_validated"": 0, ""candidate_safe"": 0, ""compile_passed"": 0, ""generated"": 0, ""implemented_support"": 0, ""policy_safe"": 0, ""total"": 0}, ""other"": {""behaviorally_validated"": 0, ""candidate_safe"": 0, ""compile_passed"": 0, ""generated"": 0, ""implemented_support"": 0, ""policy_safe"": 0, ""total"": 0}}",False,False,"{""pointer_length_array"": {""accepted"": 0, ""planned"": 1}}",{},0,0,,,,,,,,,,,,,,,{},,,,,,,,,,,,0,0,0,0
safemap.benchmark_results.v3,2026-07-27T16:00:34Z,361f548f6a773f261ea92c2484d58ae8fdd5a98e,True,mutable_buffer_add_two,safemap_without_safe_signatures,completed,,/mnt/data/college/research/SafeMAP/reports/development-component-ablations/safemap_without_safe_signatures/.safemap/runs/20260727T160145Z-mutable_buffer_add_two-7a3cc820,14,2,2,1,0.5,3,1.5,0,0,{},libclang,,add_two_all,safe_translatable_with_api_change,planned,True,False,not_accepted,add_two_all,1,0,0.0,"{""not_accepted"": 1}",2,2,2,1,1,0,0,0,0,0.0,"{""safe_translatable"": 1, ""safe_translatable_with_api_change"": 1}","{""candidate_safe"": 2}","{""implemented_support"": 1, ""not_implemented"": 1}","{""declared_target"": {""behaviorally_validated"": 0, ""candidate_safe"": 1, ""compile_passed"": 0, ""generated"": 1, ""implemented_support"": 1, ""policy_safe"": 0, ""total"": 1}, ""entry_point"": {""behaviorally_validated"": 0, ""candidate_safe"": 1, ""compile_passed"": 0, ""generated"": 0, ""implemented_support"": 0, ""policy_safe"": 0, ""total"": 1}, ""helper"": {""behaviorally_validated"": 0, ""candidate_safe"": 0, ""compile_passed"": 0, ""generated"": 0, ""implemented_support"": 0, ""policy_safe"": 0, ""total"": 0}, ""other"": {""behaviorally_validated"": 0, ""candidate_safe"": 0, ""compile_passed"": 0, ""generated"": 0, ""implemented_support"": 0, ""policy_safe"": 0, ""total"": 0}}",False,False,"{""pointer_length_array"": {""accepted"": 0, ""planned"": 1}}","{""validation_failed"": 1}",0,7,,False,,,failed,,failed,,failed,,failed,Could not build translated Rust program,passed,,"{""failed"": 4, ""passed"": 1, ""skipped"": 1}",,0,,1,,skipped,Disabled,,,,,0,0,0,0
safemap.benchmark_results.v3,2026-07-27T16:00:34Z,361f548f6a773f261ea92c2484d58ae8fdd5a98e,True,mutable_buffer_add_two,safemap_without_dependency_grouping,completed,,/mnt/data/college/research/SafeMAP/reports/development-component-ablations/safemap_without_dependency_grouping/.safemap/runs/20260727T160145Z-mutable_buffer_add_two-3a9b1419,14,2,2,1,0.5,3,1.5,0,0,{},libclang,,add_two_all,safe_translatable_with_api_change,planned,True,True,accepted,add_two_all,1,1,1.0,"{""accepted"": 1}",2,2,2,1,1,1,1,1,1,0.5,"{""safe_translatable"": 1, ""safe_translatable_with_api_change"": 1}","{""candidate_safe"": 2}","{""implemented_support"": 1, ""not_implemented"": 1}","{""declared_target"": {""behaviorally_validated"": 1, ""candidate_safe"": 1, ""compile_passed"": 1, ""generated"": 1, ""implemented_support"": 1, ""policy_safe"": 1, ""total"": 1}, ""entry_point"": {""behaviorally_validated"": 0, ""candidate_safe"": 1, ""compile_passed"": 0, ""generated"": 0, ""implemented_support"": 0, ""policy_safe"": 0, ""total"": 1}, ""helper"": {""behaviorally_validated"": 0, ""candidate_safe"": 0, ""compile_passed"": 0, ""generated"": 0, ""implemented_support"": 0, ""policy_safe"": 0, ""total"": 0}, ""other"": {""behaviorally_validated"": 0, ""candidate_safe"": 0, ""compile_passed"": 0, ""generated"": 0, ""implemented_support"": 0, ""policy_safe"": 0, ""total"": 0}}",False,False,"{""pointer_length_array"": {""accepted"": 1, ""planned"": 1}}",{},0,7,,True,,,passed,,passed,,passed,,passed,,passed,,"{""passed"": 5, ""skipped"": 1}",,0,,0,,skipped,Disabled,,,,1.0,0,0,0,0
safemap.benchmark_results.v3,2026-07-27T16:00:34Z,361f548f6a773f261ea92c2484d58ae8fdd5a98e,True,mutable_buffer_add_two,safemap_without_idiom_plans,no_supported_synthesis,No output remained when the idiom plans component was disabled.,/mnt/data/college/research/SafeMAP/reports/development-component-ablations/safemap_without_idiom_plans/.safemap/runs/20260727T160146Z-mutable_buffer_add_two-1b33d2f8,14,2,2,1,0.5,3,1.5,0,0,{},libclang,,add_two_all,safe_translatable_with_api_change,rejected,True,False,safe_translatable_with_api_change,add_two_all,1,0,0.0,"{""safe_translatable_with_api_change"": 1}",2,2,2,0,0,0,0,0,0,0.0,"{""safe_translatable"": 1, ""safe_translatable_with_api_change"": 1}","{""candidate_safe"": 2}","{""not_implemented"": 2}","{""declared_target"": {""behaviorally_validated"": 0, ""candidate_safe"": 1, ""compile_passed"": 0, ""generated"": 0, ""implemented_support"": 0, ""policy_safe"": 0, ""total"": 1}, ""entry_point"": {""behaviorally_validated"": 0, ""candidate_safe"": 1, ""compile_passed"": 0, ""generated"": 0, ""implemented_support"": 0, ""policy_safe"": 0, ""total"": 1}, ""helper"": {""behaviorally_validated"": 0, ""candidate_safe"": 0, ""compile_passed"": 0, ""generated"": 0, ""implemented_support"": 0, ""policy_safe"": 0, ""total"": 0}, ""other"": {""behaviorally_validated"": 0, ""candidate_safe"": 0, ""compile_passed"": 0, ""generated"": 0, ""implemented_support"": 0, ""policy_safe"": 0, ""total"": 0}}",False,False,{},{},0,0,,,,,,,,,,,,,,,{},,,,,,,,,,,,0,0,0,0
safemap.benchmark_results.v3,2026-07-27T16:00:34Z,361f548f6a773f261ea92c2484d58ae8fdd5a98e,True,mutable_buffer_add_two,safemap_without_validation_feedback,completed,,/mnt/data/college/research/SafeMAP/reports/development-component-ablations/safemap_without_validation_feedback/.safemap/runs/20260727T160147Z-mutable_buffer_add_two-b7f8a321,14,2,2,1,0.5,3,1.5,0,0,{},libclang,,add_two_all,safe_translatable_with_api_change,planned,True,True,accepted,add_two_all,1,1,1.0,"{""accepted"": 1}",2,2,2,1,1,1,1,1,1,0.5,"{""safe_translatable"": 1, ""safe_translatable_with_api_change"": 1}","{""candidate_safe"": 2}","{""implemented_support"": 1, ""not_implemented"": 1}","{""declared_target"": {""behaviorally_validated"": 1, ""candidate_safe"": 1, ""compile_passed"": 1, ""generated"": 1, ""implemented_support"": 1, ""policy_safe"": 1, ""total"": 1}, ""entry_point"": {""behaviorally_validated"": 0, ""candidate_safe"": 1, ""compile_passed"": 0, ""generated"": 0, ""implemented_support"": 0, ""policy_safe"": 0, ""total"": 1}, ""helper"": {""behaviorally_validated"": 0, ""candidate_safe"": 0, ""compile_passed"": 0, ""generated"": 0, ""implemented_support"": 0, ""policy_safe"": 0, ""total"": 0}, ""other"": {""behaviorally_validated"": 0, ""candidate_safe"": 0, ""compile_passed"": 0, ""generated"": 0, ""implemented_support"": 0, ""policy_safe"": 0, ""total"": 0}}",False,False,"{""pointer_length_array"": {""accepted"": 1, ""planned"": 1}}",{},0,7,,True,,,passed,,passed,,passed,,passed,,passed,,"{""passed"": 5, ""skipped"": 1}",,0,,0,,skipped,Disabled,,,,1.0,0,0,0,0
safemap.benchmark_results.v3,2026-07-27T16:00:34Z,361f548f6a773f261ea92c2484d58ae8fdd5a98e,True,mutable_buffer_decrement,safemap_deterministic,completed,,/mnt/data/college/research/SafeMAP/reports/development-component-ablations/safemap_deterministic/.safemap/runs/20260727T160148Z-mutable_buffer_decrement-c0126023,14,2,2,1,0.5,3,1.5,0,0,{},libclang,,decrement_all,safe_translatable_with_api_change,planned,True,True,accepted,decrement_all,1,1,1.0,"{""accepted"": 1}",2,2,2,1,1,1,1,1,1,0.5,"{""safe_translatable"": 1, ""safe_translatable_with_api_change"": 1}","{""candidate_safe"": 2}","{""implemented_support"": 1, ""not_implemented"": 1}","{""declared_target"": {""behaviorally_validated"": 1, ""candidate_safe"": 1, ""compile_passed"": 1, ""generated"": 1, ""implemented_support"": 1, ""policy_safe"": 1, ""total"": 1}, ""entry_point"": {""behaviorally_validated"": 0, ""candidate_safe"": 1, ""compile_passed"": 0, ""generated"": 0, ""implemented_support"": 0, ""policy_safe"": 0, ""total"": 1}, ""helper"": {""behaviorally_validated"": 0, ""candidate_safe"": 0, ""compile_passed"": 0, ""generated"": 0, ""implemented_support"": 0, ""policy_safe"": 0, ""total"": 0}, ""other"": {""behaviorally_validated"": 0, ""candidate_safe"": 0, ""compile_passed"": 0, ""generated"": 0, ""implemented_support"": 0, ""policy_safe"": 0, ""total"": 0}}",False,False,"{""pointer_length_array"": {""accepted"": 1, ""planned"": 1}}",{},0,7,,True,,,passed,,passed,,passed,,passed,,passed,,"{""passed"": 5, ""skipped"": 1}",,0,,0,,skipped,Disabled,,,,1.0,0,0,0,0
safemap.benchmark_results.v3,2026-07-27T16:00:34Z,361f548f6a773f261ea92c2484d58ae8fdd5a98e,True,mutable_buffer_decrement,safemap_without_pointer_roles,no_supported_synthesis,No output remained when the pointer roles component was disabled.,/mnt/data/college/research/SafeMAP/reports/development-component-ablations/safemap_without_pointer_roles/.safemap/runs/20260727T160149Z-mutable_buffer_decrement-d0377b37,14,2,2,1,0.5,3,1.5,0,0,{},libclang,,decrement_all,safe_translatable_with_api_change,planned,True,False,not_accepted,decrement_all,1,0,0.0,"{""not_accepted"": 1}",2,2,2,0,0,0,0,0,0,0.0,"{""safe_translatable"": 1, ""safe_translatable_with_api_change"": 1}","{""candidate_safe"": 2}","{""not_implemented"": 2}","{""declared_target"": {""behaviorally_validated"": 0, ""candidate_safe"": 1, ""compile_passed"": 0, ""generated"": 0, ""implemented_support"": 0, ""policy_safe"": 0, ""total"": 1}, ""entry_point"": {""behaviorally_validated"": 0, ""candidate_safe"": 1, ""compile_passed"": 0, ""generated"": 0, ""implemented_support"": 0, ""policy_safe"": 0, ""total"": 1}, ""helper"": {""behaviorally_validated"": 0, ""candidate_safe"": 0, ""compile_passed"": 0, ""generated"": 0, ""implemented_support"": 0, ""policy_safe"": 0, ""total"": 0}, ""other"": {""behaviorally_validated"": 0, ""candidate_safe"": 0, ""compile_passed"": 0, ""generated"": 0, ""implemented_support"": 0, ""policy_safe"": 0, ""total"": 0}}",False,False,"{""pointer_length_array"": {""accepted"": 0, ""planned"": 1}}",{},0,0,,,,,,,,,,,,,,,{},,,,,,,,,,,,0,0,0,0
safemap.benchmark_results.v3,2026-07-27T16:00:34Z,361f548f6a773f261ea92c2484d58ae8fdd5a98e,True,mutable_buffer_decrement,safemap_without_safe_signatures,completed,,/mnt/data/college/research/SafeMAP/reports/development-component-ablations/safemap_without_safe_signatures/.safemap/runs/20260727T160149Z-mutable_buffer_decrement-6750e15c,14,2,2,1,0.5,3,1.5,0,0,{},libclang,,decrement_all,safe_translatable_with_api_change,planned,True,False,not_accepted,decrement_all,1,0,0.0,"{""not_accepted"": 1}",2,2,2,1,1,0,0,0,0,0.0,"{""safe_translatable"": 1, ""safe_translatable_with_api_change"": 1}","{""candidate_safe"": 2}","{""implemented_support"": 1, ""not_implemented"": 1}","{""declared_target"": {""behaviorally_validated"": 0, ""candidate_safe"": 1, ""compile_passed"": 0, ""generated"": 1, ""implemented_support"": 1, ""policy_safe"": 0, ""total"": 1}, ""entry_point"": {""behaviorally_validated"": 0, ""candidate_safe"": 1, ""compile_passed"": 0, ""generated"": 0, ""implemented_support"": 0, ""policy_safe"": 0, ""total"": 1}, ""helper"": {""behaviorally_validated"": 0, ""candidate_safe"": 0, ""compile_passed"": 0, ""generated"": 0, ""implemented_support"": 0, ""policy_safe"": 0, ""total"": 0}, ""other"": {""behaviorally_validated"": 0, ""candidate_safe"": 0, ""compile_passed"": 0, ""generated"": 0, ""implemented_support"": 0, ""policy_safe"": 0, ""total"": 0}}",False,False,"{""pointer_length_array"": {""accepted"": 0, ""planned"": 1}}","{""validation_failed"": 1}",0,7,,False,,,failed,,failed,,failed,,failed,Could not build translated Rust program,passed,,"{""failed"": 4, ""passed"": 1, ""skipped"": 1}",,0,,1,,skipped,Disabled,,,,,0,0,0,0
safemap.benchmark_results.v3,2026-07-27T16:00:34Z,361f548f6a773f261ea92c2484d58ae8fdd5a98e,True,mutable_buffer_decrement,safemap_without_dependency_grouping,completed,,/mnt/data/college/research/SafeMAP/reports/development-component-ablations/safemap_without_dependency_grouping/.safemap/runs/20260727T160150Z-mutable_buffer_decrement-10cc58a0,14,2,2,1,0.5,3,1.5,0,0,{},libclang,,decrement_all,safe_translatable_with_api_change,planned,True,True,accepted,decrement_all,1,1,1.0,"{""accepted"": 1}",2,2,2,1,1,1,1,1,1,0.5,"{""safe_translatable"": 1, ""safe_translatable_with_api_change"": 1}","{""candidate_safe"": 2}","{""implemented_support"": 1, ""not_implemented"": 1}","{""declared_target"": {""behaviorally_validated"": 1, ""candidate_safe"": 1, ""compile_passed"": 1, ""generated"": 1, ""implemented_support"": 1, ""policy_safe"": 1, ""total"": 1}, ""entry_point"": {""behaviorally_validated"": 0, ""candidate_safe"": 1, ""compile_passed"": 0, ""generated"": 0, ""implemented_support"": 0, ""policy_safe"": 0, ""total"": 1}, ""helper"": {""behaviorally_validated"": 0, ""candidate_safe"": 0, ""compile_passed"": 0, ""generated"": 0, ""implemented_support"": 0, ""policy_safe"": 0, ""total"": 0}, ""other"": {""behaviorally_validated"": 0, ""candidate_safe"": 0, ""compile_passed"": 0, ""generated"": 0, ""implemented_support"": 0, ""policy_safe"": 0, ""total"": 0}}",False,False,"{""pointer_length_array"": {""accepted"": 1, ""planned"": 1}}",{},0,7,,True,,,passed,,passed,,passed,,passed,,passed,,"{""passed"": 5, ""skipped"": 1}",,0,,0,,skipped,Disabled,,,,1.0,0,0,0,0
safemap.benchmark_results.v3,2026-07-27T16:00:34Z,361f548f6a773f261ea92c2484d58ae8fdd5a98e,True,mutable_buffer_decrement,safemap_without_idiom_plans,no_supported_synthesis,No output remained when the idiom plans component was disabled.,/mnt/data/college/research/SafeMAP/reports/development-component-ablations/safemap_without_idiom_plans/.safemap/runs/20260727T160151Z-mutable_buffer_decrement-3452c01b,14,2,2,1,0.5,3,1.5,0,0,{},libclang,,decrement_all,safe_translatable_with_api_change,rejected,True,False,safe_translatable_with_api_change,decrement_all,1,0,0.0,"{""safe_translatable_with_api_change"": 1}",2,2,2,0,0,0,0,0,0,0.0,"{""safe_translatable"": 1, ""safe_translatable_with_api_change"": 1}","{""candidate_safe"": 2}","{""not_implemented"": 2}","{""declared_target"": {""behaviorally_validated"": 0, ""candidate_safe"": 1, ""compile_passed"": 0, ""generated"": 0, ""implemented_support"": 0, ""policy_safe"": 0, ""total"": 1}, ""entry_point"": {""behaviorally_validated"": 0, ""candidate_safe"": 1, ""compile_passed"": 0, ""generated"": 0, ""implemented_support"": 0, ""policy_safe"": 0, ""total"": 1}, ""helper"": {""behaviorally_validated"": 0, ""candidate_safe"": 0, ""compile_passed"": 0, ""generated"": 0, ""implemented_support"": 0, ""policy_safe"": 0, ""total"": 0}, ""other"": {""behaviorally_validated"": 0, ""candidate_safe"": 0, ""compile_passed"": 0, ""generated"": 0, ""implemented_support"": 0, ""policy_safe"": 0, ""total"": 0}}",False,False,{},{},0,0,,,,,,,,,,,,,,,{},,,,,,,,,,,,0,0,0,0
safemap.benchmark_results.v3,2026-07-27T16:00:34Z,361f548f6a773f261ea92c2484d58ae8fdd5a98e,True,mutable_buffer_decrement,safemap_without_validation_feedback,completed,,/mnt/data/college/research/SafeMAP/reports/development-component-ablations/safemap_without_validation_feedback/.safemap/runs/20260727T160151Z-mutable_buffer_decrement-121b0a10,14,2,2,1,0.5,3,1.5,0,0,{},libclang,,decrement_all,safe_translatable_with_api_change,planned,True,True,accepted,decrement_all,1,1,1.0,"{""accepted"": 1}",2,2,2,1,1,1,1,1,1,0.5,"{""safe_translatable"": 1, ""safe_translatable_with_api_change"": 1}","{""candidate_safe"": 2}","{""implemented_support"": 1, ""not_implemented"": 1}","{""declared_target"": {""behaviorally_validated"": 1, ""candidate_safe"": 1, ""compile_passed"": 1, ""generated"": 1, ""implemented_support"": 1, ""policy_safe"": 1, ""total"": 1}, ""entry_point"": {""behaviorally_validated"": 0, ""candidate_safe"": 1, ""compile_passed"": 0, ""generated"": 0, ""implemented_support"": 0, ""policy_safe"": 0, ""total"": 1}, ""helper"": {""behaviorally_validated"": 0, ""candidate_safe"": 0, ""compile_passed"": 0, ""generated"": 0, ""implemented_support"": 0, ""policy_safe"": 0, ""total"": 0}, ""other"": {""behaviorally_validated"": 0, ""candidate_safe"": 0, ""compile_passed"": 0, ""generated"": 0, ""implemented_support"": 0, ""policy_safe"": 0, ""total"": 0}}",False,False,"{""pointer_length_array"": {""accepted"": 1, ""planned"": 1}}",{},0,7,,True,,,passed,,passed,,passed,,passed,,passed,,"{""passed"": 5, ""skipped"": 1}",,0,,0,,skipped,Disabled,,,,1.0,0,0,0,0
safemap.benchmark_results.v3,2026-07-27T16:00:34Z,361f548f6a773f261ea92c2484d58ae8fdd5a98e,True,mutable_buffer_subtract_two,safemap_deterministic,completed,,/mnt/data/college/research/SafeMAP/reports/development-component-ablations/safemap_deterministic/.safemap/runs/20260727T160152Z-mutable_buffer_subtract_two-15276794,14,2,2,1,0.5,3,1.5,0,0,{},libclang,,subtract_two_all,safe_translatable_with_api_change,planned,True,True,accepted,subtract_two_all,1,1,1.0,"{""accepted"": 1}",2,2,2,1,1,1,1,1,1,0.5,"{""safe_translatable"": 1, ""safe_translatable_with_api_change"": 1}","{""candidate_safe"": 2}","{""implemented_support"": 1, ""not_implemented"": 1}","{""declared_target"": {""behaviorally_validated"": 1, ""candidate_safe"": 1, ""compile_passed"": 1, ""generated"": 1, ""implemented_support"": 1, ""policy_safe"": 1, ""total"": 1}, ""entry_point"": {""behaviorally_validated"": 0, ""candidate_safe"": 1, ""compile_passed"": 0, ""generated"": 0, ""implemented_support"": 0, ""policy_safe"": 0, ""total"": 1}, ""helper"": {""behaviorally_validated"": 0, ""candidate_safe"": 0, ""compile_passed"": 0, ""generated"": 0, ""implemented_support"": 0, ""policy_safe"": 0, ""total"": 0}, ""other"": {""behaviorally_validated"": 0, ""candidate_safe"": 0, ""compile_passed"": 0, ""generated"": 0, ""implemented_support"": 0, ""policy_safe"": 0, ""total"": 0}}",False,False,"{""pointer_length_array"": {""accepted"": 1, ""planned"": 1}}",{},0,7,,True,,,passed,,passed,,passed,,passed,,passed,,"{""passed"": 5, ""skipped"": 1}",,0,,0,,skipped,Disabled,,,,1.0,0,0,0,0
safemap.benchmark_results.v3,2026-07-27T16:00:34Z,361f548f6a773f261ea92c2484d58ae8fdd5a98e,True,mutable_buffer_subtract_two,safemap_without_pointer_roles,no_supported_synthesis,No output remained when the pointer roles component was disabled.,/mnt/data/college/research/SafeMAP/reports/development-component-ablations/safemap_without_pointer_roles/.safemap/runs/20260727T160153Z-mutable_buffer_subtract_two-61d79715,14,2,2,1,0.5,3,1.5,0,0,{},libclang,,subtract_two_all,safe_translatable_with_api_change,planned,True,False,not_accepted,subtract_two_all,1,0,0.0,"{""not_accepted"": 1}",2,2,2,0,0,0,0,0,0,0.0,"{""safe_translatable"": 1, ""safe_translatable_with_api_change"": 1}","{""candidate_safe"": 2}","{""not_implemented"": 2}","{""declared_target"": {""behaviorally_validated"": 0, ""candidate_safe"": 1, ""compile_passed"": 0, ""generated"": 0, ""implemented_support"": 0, ""policy_safe"": 0, ""total"": 1}, ""entry_point"": {""behaviorally_validated"": 0, ""candidate_safe"": 1, ""compile_passed"": 0, ""generated"": 0, ""implemented_support"": 0, ""policy_safe"": 0, ""total"": 1}, ""helper"": {""behaviorally_validated"": 0, ""candidate_safe"": 0, ""compile_passed"": 0, ""generated"": 0, ""implemented_support"": 0, ""policy_safe"": 0, ""total"": 0}, ""other"": {""behaviorally_validated"": 0, ""candidate_safe"": 0, ""compile_passed"": 0, ""generated"": 0, ""implemented_support"": 0, ""policy_safe"": 0, ""total"": 0}}",False,False,"{""pointer_length_array"": {""accepted"": 0, ""planned"": 1}}",{},0,0,,,,,,,,,,,,,,,{},,,,,,,,,,,,0,0,0,0
safemap.benchmark_results.v3,2026-07-27T16:00:34Z,361f548f6a773f261ea92c2484d58ae8fdd5a98e,True,mutable_buffer_subtract_two,safemap_without_safe_signatures,completed,,/mnt/data/college/research/SafeMAP/reports/development-component-ablations/safemap_without_safe_signatures/.safemap/runs/20260727T160153Z-mutable_buffer_subtract_two-b5f52033,14,2,2,1,0.5,3,1.5,0,0,{},libclang,,subtract_two_all,safe_translatable_with_api_change,planned,True,False,not_accepted,subtract_two_all,1,0,0.0,"{""not_accepted"": 1}",2,2,2,1,1,0,0,0,0,0.0,"{""safe_translatable"": 1, ""safe_translatable_with_api_change"": 1}","{""candidate_safe"": 2}","{""implemented_support"": 1, ""not_implemented"": 1}","{""declared_target"": {""behaviorally_validated"": 0, ""candidate_safe"": 1, ""compile_passed"": 0, ""generated"": 1, ""implemented_support"": 1, ""policy_safe"": 0, ""total"": 1}, ""entry_point"": {""behaviorally_validated"": 0, ""candidate_safe"": 1, ""compile_passed"": 0, ""generated"": 0, ""implemented_support"": 0, ""policy_safe"": 0, ""total"": 1}, ""helper"": {""behaviorally_validated"": 0, ""candidate_safe"": 0, ""compile_passed"": 0, ""generated"": 0, ""implemented_support"": 0, ""policy_safe"": 0, ""total"": 0}, ""other"": {""behaviorally_validated"": 0, ""candidate_safe"": 0, ""compile_passed"": 0, ""generated"": 0, ""implemented_support"": 0, ""policy_safe"": 0, ""total"": 0}}",False,False,"{""pointer_length_array"": {""accepted"": 0, ""planned"": 1}}","{""validation_failed"": 1}",0,7,,False,,,failed,,failed,,failed,,failed,Could not build translated Rust program,passed,,"{""failed"": 4, ""passed"": 1, ""skipped"": 1}",,0,,1,,skipped,Disabled,,,,,0,0,0,0
safemap.benchmark_results.v3,2026-07-27T16:00:34Z,361f548f6a773f261ea92c2484d58ae8fdd5a98e,True,mutable_buffer_subtract_two,safemap_without_dependency_grouping,completed,,/mnt/data/college/research/SafeMAP/reports/development-component-ablations/safemap_without_dependency_grouping/.safemap/runs/20260727T160154Z-mutable_buffer_subtract_two-536c3bfa,14,2,2,1,0.5,3,1.5,0,0,{},libclang,,subtract_two_all,safe_translatable_with_api_change,planned,True,True,accepted,subtract_two_all,1,1,1.0,"{""accepted"": 1}",2,2,2,1,1,1,1,1,1,0.5,"{""safe_translatable"": 1, ""safe_translatable_with_api_change"": 1}","{""candidate_safe"": 2}","{""implemented_support"": 1, ""not_implemented"": 1}","{""declared_target"": {""behaviorally_validated"": 1, ""candidate_safe"": 1, ""compile_passed"": 1, ""generated"": 1, ""implemented_support"": 1, ""policy_safe"": 1, ""total"": 1}, ""entry_point"": {""behaviorally_validated"": 0, ""candidate_safe"": 1, ""compile_passed"": 0, ""generated"": 0, ""implemented_support"": 0, ""policy_safe"": 0, ""total"": 1}, ""helper"": {""behaviorally_validated"": 0, ""candidate_safe"": 0, ""compile_passed"": 0, ""generated"": 0, ""implemented_support"": 0, ""policy_safe"": 0, ""total"": 0}, ""other"": {""behaviorally_validated"": 0, ""candidate_safe"": 0, ""compile_passed"": 0, ""generated"": 0, ""implemented_support"": 0, ""policy_safe"": 0, ""total"": 0}}",False,False,"{""pointer_length_array"": {""accepted"": 1, ""planned"": 1}}",{},0,7,,True,,,passed,,passed,,passed,,passed,,passed,,"{""passed"": 5, ""skipped"": 1}",,0,,0,,skipped,Disabled,,,,1.0,0,0,0,0
safemap.benchmark_results.v3,2026-07-27T16:00:34Z,361f548f6a773f261ea92c2484d58ae8fdd5a98e,True,mutable_buffer_subtract_two,safemap_without_idiom_plans,no_supported_synthesis,No output remained when the idiom plans component was disabled.,/mnt/data/college/research/SafeMAP/reports/development-component-ablations/safemap_without_idiom_plans/.safemap/runs/20260727T160155Z-mutable_buffer_subtract_two-02fdd0c1,14,2,2,1,0.5,3,1.5,0,0,{},libclang,,subtract_two_all,safe_translatable_with_api_change,rejected,True,False,safe_translatable_with_api_change,subtract_two_all,1,0,0.0,"{""safe_translatable_with_api_change"": 1}",2,2,2,0,0,0,0,0,0,0.0,"{""safe_translatable"": 1, ""safe_translatable_with_api_change"": 1}","{""candidate_safe"": 2}","{""not_implemented"": 2}","{""declared_target"": {""behaviorally_validated"": 0, ""candidate_safe"": 1, ""compile_passed"": 0, ""generated"": 0, ""implemented_support"": 0, ""policy_safe"": 0, ""total"": 1}, ""entry_point"": {""behaviorally_validated"": 0, ""candidate_safe"": 1, ""compile_passed"": 0, ""generated"": 0, ""implemented_support"": 0, ""policy_safe"": 0, ""total"": 1}, ""helper"": {""behaviorally_validated"": 0, ""candidate_safe"": 0, ""compile_passed"": 0, ""generated"": 0, ""implemented_support"": 0, ""policy_safe"": 0, ""total"": 0}, ""other"": {""behaviorally_validated"": 0, ""candidate_safe"": 0, ""compile_passed"": 0, ""generated"": 0, ""implemented_support"": 0, ""policy_safe"": 0, ""total"": 0}}",False,False,{},{},0,0,,,,,,,,,,,,,,,{},,,,,,,,,,,,0,0,0,0
safemap.benchmark_results.v3,2026-07-27T16:00:34Z,361f548f6a773f261ea92c2484d58ae8fdd5a98e,True,mutable_buffer_subtract_two,safemap_without_validation_feedback,completed,,/mnt/data/college/research/SafeMAP/reports/development-component-ablations/safemap_without_validation_feedback/.safemap/runs/20260727T160155Z-mutable_buffer_subtract_two-d923fec3,14,2,2,1,0.5,3,1.5,0,0,{},libclang,,subtract_two_all,safe_translatable_with_api_change,planned,True,True,accepted,subtract_two_all,1,1,1.0,"{""accepted"": 1}",2,2,2,1,1,1,1,1,1,0.5,"{""safe_translatable"": 1, ""safe_translatable_with_api_change"": 1}","{""candidate_safe"": 2}","{""implemented_support"": 1, ""not_implemented"": 1}","{""declared_target"": {""behaviorally_validated"": 1, ""candidate_safe"": 1, ""compile_passed"": 1, ""generated"": 1, ""implemented_support"": 1, ""policy_safe"": 1, ""total"": 1}, ""entry_point"": {""behaviorally_validated"": 0, ""candidate_safe"": 1, ""compile_passed"": 0, ""generated"": 0, ""implemented_support"": 0, ""policy_safe"": 0, ""total"": 1}, ""helper"": {""behaviorally_validated"": 0, ""candidate_safe"": 0, ""compile_passed"": 0, ""generated"": 0, ""implemented_support"": 0, ""policy_safe"": 0, ""total"": 0}, ""other"": {""behaviorally_validated"": 0, ""candidate_safe"": 0, ""compile_passed"": 0, ""generated"": 0, ""implemented_support"": 0, ""policy_safe"": 0, ""total"": 0}}",False,False,"{""pointer_length_array"": {""accepted"": 1, ""planned"": 1}}",{},0,7,,True,,,passed,,passed,,passed,,passed,,passed,,"{""passed"": 5, ""skipped"": 1}",,0,,0,,skipped,Disabled,,,,1.0,0,0,0,0
safemap.benchmark_results.v3,2026-07-27T16:00:34Z,361f548f6a773f261ea92c2484d58ae8fdd5a98e,True,nullable_pointer,safemap_deterministic,completed,,/mnt/data/college/research/SafeMAP/reports/development-component-ablations/safemap_deterministic/.safemap/runs/20260727T160156Z-nullable_pointer-b340c6fa,14,2,1,1,1.0,3,1.5,0,0,{},libclang,,read_value,safe_translatable_with_api_change,planned,True,True,accepted,read_value,1,1,1.0,"{""accepted"": 1}",2,2,2,1,1,1,1,1,1,0.5,"{""safe_translatable"": 1, ""safe_translatable_with_api_change"": 1}","{""candidate_safe"": 2}","{""implemented_support"": 1, ""not_implemented"": 1}","{""declared_target"": {""behaviorally_validated"": 1, ""candidate_safe"": 1, ""compile_passed"": 1, ""generated"": 1, ""implemented_support"": 1, ""policy_safe"": 1, ""total"": 1}, ""entry_point"": {""behaviorally_validated"": 0, ""candidate_safe"": 1, ""compile_passed"": 0, ""generated"": 0, ""implemented_support"": 0, ""policy_safe"": 0, ""total"": 1}, ""helper"": {""behaviorally_validated"": 0, ""candidate_safe"": 0, ""compile_passed"": 0, ""generated"": 0, ""implemented_support"": 0, ""policy_safe"": 0, ""total"": 0}, ""other"": {""behaviorally_validated"": 0, ""candidate_safe"": 0, ""compile_passed"": 0, ""generated"": 0, ""implemented_support"": 0, ""policy_safe"": 0, ""total"": 0}}",False,False,"{""error_code_return"": {""accepted"": 1, ""planned"": 1}, ""nullable_pointer"": {""accepted"": 1, ""planned"": 1}}",{},0,8,,True,,,passed,,passed,,passed,,passed,,passed,,"{""passed"": 5, ""skipped"": 1}",,0,,0,,skipped,Disabled,,,,1.0,0,0,0,0
safemap.benchmark_results.v3,2026-07-27T16:00:34Z,361f548f6a773f261ea92c2484d58ae8fdd5a98e,True,nullable_pointer,safemap_without_pointer_roles,completed,,/mnt/data/college/research/SafeMAP/reports/development-component-ablations/safemap_without_pointer_roles/.safemap/runs/20260727T160157Z-nullable_pointer-a17a22ce,14,2,1,1,1.0,3,1.5,0,0,{},libclang,,read_value,safe_translatable_with_api_change,planned,True,False,not_accepted,read_value,1,0,0.0,"{""not_accepted"": 1}",2,2,2,1,1,0,0,0,0,0.0,"{""safe_translatable"": 1, ""safe_translatable_with_api_change"": 1}","{""candidate_safe"": 2}","{""implemented_support"": 1, ""not_implemented"": 1}","{""declared_target"": {""behaviorally_validated"": 0, ""candidate_safe"": 1, ""compile_passed"": 0, ""generated"": 1, ""implemented_support"": 1, ""policy_safe"": 0, ""total"": 1}, ""entry_point"": {""behaviorally_validated"": 0, ""candidate_safe"": 1, ""compile_passed"": 0, ""generated"": 0, ""implemented_support"": 0, ""policy_safe"": 0, ""total"": 1}, ""helper"": {""behaviorally_validated"": 0, ""candidate_safe"": 0, ""compile_passed"": 0, ""generated"": 0, ""implemented_support"": 0, ""policy_safe"": 0, ""total"": 0}, ""other"": {""behaviorally_validated"": 0, ""candidate_safe"": 0, ""compile_passed"": 0, ""generated"": 0, ""implemented_support"": 0, ""policy_safe"": 0, ""total"": 0}}",False,False,"{""error_code_return"": {""accepted"": 0, ""planned"": 1}, ""nullable_pointer"": {""accepted"": 0, ""planned"": 1}}","{""validation_failed"": 1}",0,5,,False,,,failed,,failed,,failed,,failed,Could not build translated Rust program,passed,,"{""failed"": 4, ""passed"": 1, ""skipped"": 1}",,0,,0,,skipped,Disabled,,,,,0,0,0,0
safemap.benchmark_results.v3,2026-07-27T16:00:34Z,361f548f6a773f261ea92c2484d58ae8fdd5a98e,True,nullable_pointer,safemap_without_safe_signatures,completed,,/mnt/data/college/research/SafeMAP/reports/development-component-ablations/safemap_without_safe_signatures/.safemap/runs/20260727T160157Z-nullable_pointer-6e40cab6,14,2,1,1,1.0,3,1.5,0,0,{},libclang,,read_value,safe_translatable_with_api_change,planned,True,False,not_accepted,read_value,1,0,0.0,"{""not_accepted"": 1}",2,2,2,1,1,0,0,0,0,0.0,"{""safe_translatable"": 1, ""safe_translatable_with_api_change"": 1}","{""candidate_safe"": 2}","{""implemented_support"": 1, ""not_implemented"": 1}","{""declared_target"": {""behaviorally_validated"": 0, ""candidate_safe"": 1, ""compile_passed"": 0, ""generated"": 1, ""implemented_support"": 1, ""policy_safe"": 0, ""total"": 1}, ""entry_point"": {""behaviorally_validated"": 0, ""candidate_safe"": 1, ""compile_passed"": 0, ""generated"": 0, ""implemented_support"": 0, ""policy_safe"": 0, ""total"": 1}, ""helper"": {""behaviorally_validated"": 0, ""candidate_safe"": 0, ""compile_passed"": 0, ""generated"": 0, ""implemented_support"": 0, ""policy_safe"": 0, ""total"": 0}, ""other"": {""behaviorally_validated"": 0, ""candidate_safe"": 0, ""compile_passed"": 0, ""generated"": 0, ""implemented_support"": 0, ""policy_safe"": 0, ""total"": 0}}",False,False,"{""error_code_return"": {""accepted"": 0, ""planned"": 1}, ""nullable_pointer"": {""accepted"": 0, ""planned"": 1}}","{""validation_failed"": 1}",0,8,,False,,,failed,,failed,,failed,,failed,Could not build translated Rust program,passed,,"{""failed"": 4, ""passed"": 1, ""skipped"": 1}",,0,,1,,skipped,Disabled,,,,,0,0,0,0
safemap.benchmark_results.v3,2026-07-27T16:00:34Z,361f548f6a773f261ea92c2484d58ae8fdd5a98e,True,nullable_pointer,safemap_without_dependency_grouping,completed,,/mnt/data/college/research/SafeMAP/reports/development-component-ablations/safemap_without_dependency_grouping/.safemap/runs/20260727T160158Z-nullable_pointer-96ee7183,14,2,1,1,1.0,3,1.5,0,0,{},libclang,,read_value,safe_translatable_with_api_change,planned,True,True,accepted,read_value,1,1,1.0,"{""accepted"": 1}",2,2,2,1,1,1,1,1,1,0.5,"{""safe_translatable"": 1, ""safe_translatable_with_api_change"": 1}","{""candidate_safe"": 2}","{""implemented_support"": 1, ""not_implemented"": 1}","{""declared_target"": {""behaviorally_validated"": 1, ""candidate_safe"": 1, ""compile_passed"": 1, ""generated"": 1, ""implemented_support"": 1, ""policy_safe"": 1, ""total"": 1}, ""entry_point"": {""behaviorally_validated"": 0, ""candidate_safe"": 1, ""compile_passed"": 0, ""generated"": 0, ""implemented_support"": 0, ""policy_safe"": 0, ""total"": 1}, ""helper"": {""behaviorally_validated"": 0, ""candidate_safe"": 0, ""compile_passed"": 0, ""generated"": 0, ""implemented_support"": 0, ""policy_safe"": 0, ""total"": 0}, ""other"": {""behaviorally_validated"": 0, ""candidate_safe"": 0, ""compile_passed"": 0, ""generated"": 0, ""implemented_support"": 0, ""policy_safe"": 0, ""total"": 0}}",False,False,"{""error_code_return"": {""accepted"": 1, ""planned"": 1}, ""nullable_pointer"": {""accepted"": 1, ""planned"": 1}}",{},0,8,,True,,,passed,,passed,,passed,,passed,,passed,,"{""passed"": 5, ""skipped"": 1}",,0,,0,,skipped,Disabled,,,,1.0,0,0,0,0
safemap.benchmark_results.v3,2026-07-27T16:00:34Z,361f548f6a773f261ea92c2484d58ae8fdd5a98e,True,nullable_pointer,safemap_without_idiom_plans,no_supported_synthesis,No output remained when the idiom plans component was disabled.,/mnt/data/college/research/SafeMAP/reports/development-component-ablations/safemap_without_idiom_plans/.safemap/runs/20260727T160159Z-nullable_pointer-d83fe6a4,14,2,1,1,1.0,3,1.5,0,0,{},libclang,,read_value,safe_translatable_with_api_change,rejected,True,False,safe_translatable_with_api_change,read_value,1,0,0.0,"{""safe_translatable_with_api_change"": 1}",2,2,2,0,0,0,0,0,0,0.0,"{""safe_translatable"": 1, ""safe_translatable_with_api_change"": 1}","{""candidate_safe"": 2}","{""not_implemented"": 2}","{""declared_target"": {""behaviorally_validated"": 0, ""candidate_safe"": 1, ""compile_passed"": 0, ""generated"": 0, ""implemented_support"": 0, ""policy_safe"": 0, ""total"": 1}, ""entry_point"": {""behaviorally_validated"": 0, ""candidate_safe"": 1, ""compile_passed"": 0, ""generated"": 0, ""implemented_support"": 0, ""policy_safe"": 0, ""total"": 1}, ""helper"": {""behaviorally_validated"": 0, ""candidate_safe"": 0, ""compile_passed"": 0, ""generated"": 0, ""implemented_support"": 0, ""policy_safe"": 0, ""total"": 0}, ""other"": {""behaviorally_validated"": 0, ""candidate_safe"": 0, ""compile_passed"": 0, ""generated"": 0, ""implemented_support"": 0, ""policy_safe"": 0, ""total"": 0}}",False,False,{},{},0,0,,,,,,,,,,,,,,,{},,,,,,,,,,,,0,0,0,0
safemap.benchmark_results.v3,2026-07-27T16:00:34Z,361f548f6a773f261ea92c2484d58ae8fdd5a98e,True,nullable_pointer,safemap_without_validation_feedback,completed,,/mnt/data/college/research/SafeMAP/reports/development-component-ablations/safemap_without_validation_feedback/.safemap/runs/20260727T160159Z-nullable_pointer-2ad29539,14,2,1,1,1.0,3,1.5,0,0,{},libclang,,read_value,safe_translatable_with_api_change,planned,True,True,accepted,read_value,1,1,1.0,"{""accepted"": 1}",2,2,2,1,1,1,1,1,1,0.5,"{""safe_translatable"": 1, ""safe_translatable_with_api_change"": 1}","{""candidate_safe"": 2}","{""implemented_support"": 1, ""not_implemented"": 1}","{""declared_target"": {""behaviorally_validated"": 1, ""candidate_safe"": 1, ""compile_passed"": 1, ""generated"": 1, ""implemented_support"": 1, ""policy_safe"": 1, ""total"": 1}, ""entry_point"": {""behaviorally_validated"": 0, ""candidate_safe"": 1, ""compile_passed"": 0, ""generated"": 0, ""implemented_support"": 0, ""policy_safe"": 0, ""total"": 1}, ""helper"": {""behaviorally_validated"": 0, ""candidate_safe"": 0, ""compile_passed"": 0, ""generated"": 0, ""implemented_support"": 0, ""policy_safe"": 0, ""total"": 0}, ""other"": {""behaviorally_validated"": 0, ""candidate_safe"": 0, ""compile_passed"": 0, ""generated"": 0, ""implemented_support"": 0, ""policy_safe"": 0, ""total"": 0}}",False,False,"{""error_code_return"": {""accepted"": 1, ""planned"": 1}, ""nullable_pointer"": {""accepted"": 1, ""planned"": 1}}",{},0,8,,True,,,passed,,passed,,passed,,passed,,passed,,"{""passed"": 5, ""skipped"": 1}",,0,,0,,skipped,Disabled,,,,1.0,0,0,0,0
safemap.benchmark_results.v3,2026-07-27T16:00:34Z,361f548f6a773f261ea92c2484d58ae8fdd5a98e,True,nullable_pointer_zero,safemap_deterministic,completed,,/mnt/data/college/research/SafeMAP/reports/development-component-ablations/safemap_deterministic/.safemap/runs/20260727T160200Z-nullable_pointer_zero-4ec0ae31,13,2,1,1,1.0,3,1.5,0,0,{},libclang,,read_or_zero,safe_translatable_with_api_change,planned,True,True,accepted,read_or_zero,1,1,1.0,"{""accepted"": 1}",2,2,2,1,1,1,1,1,1,0.5,"{""safe_translatable"": 1, ""safe_translatable_with_api_change"": 1}","{""candidate_safe"": 2}","{""implemented_support"": 1, ""not_implemented"": 1}","{""declared_target"": {""behaviorally_validated"": 1, ""candidate_safe"": 1, ""compile_passed"": 1, ""generated"": 1, ""implemented_support"": 1, ""policy_safe"": 1, ""total"": 1}, ""entry_point"": {""behaviorally_validated"": 0, ""candidate_safe"": 1, ""compile_passed"": 0, ""generated"": 0, ""implemented_support"": 0, ""policy_safe"": 0, ""total"": 1}, ""helper"": {""behaviorally_validated"": 0, ""candidate_safe"": 0, ""compile_passed"": 0, ""generated"": 0, ""implemented_support"": 0, ""policy_safe"": 0, ""total"": 0}, ""other"": {""behaviorally_validated"": 0, ""candidate_safe"": 0, ""compile_passed"": 0, ""generated"": 0, ""implemented_support"": 0, ""policy_safe"": 0, ""total"": 0}}",False,False,"{""nullable_pointer"": {""accepted"": 1, ""planned"": 1}}",{},0,8,,True,,,passed,,passed,,passed,,passed,,passed,,"{""passed"": 5, ""skipped"": 1}",,0,,0,,skipped,Disabled,,,,1.0,0,0,0,0
safemap.benchmark_results.v3,2026-07-27T16:00:34Z,361f548f6a773f261ea92c2484d58ae8fdd5a98e,True,nullable_pointer_zero,safemap_without_pointer_roles,completed,,/mnt/data/college/research/SafeMAP/reports/development-component-ablations/safemap_without_pointer_roles/.safemap/runs/20260727T160201Z-nullable_pointer_zero-faff5311,13,2,1,1,1.0,3,1.5,0,0,{},libclang,,read_or_zero,safe_translatable_with_api_change,planned,True,False,not_accepted,read_or_zero,1,0,0.0,"{""not_accepted"": 1}",2,2,2,1,1,1,1,0,0,0.0,"{""safe_translatable"": 1, ""safe_translatable_with_api_change"": 1}","{""candidate_safe"": 2}","{""implemented_support"": 1, ""not_implemented"": 1}","{""declared_target"": {""behaviorally_validated"": 0, ""candidate_safe"": 1, ""compile_passed"": 1, ""generated"": 1, ""implemented_support"": 1, ""policy_safe"": 1, ""total"": 1}, ""entry_point"": {""behaviorally_validated"": 0, ""candidate_safe"": 1, ""compile_passed"": 0, ""generated"": 0, ""implemented_support"": 0, ""policy_safe"": 0, ""total"": 1}, ""helper"": {""behaviorally_validated"": 0, ""candidate_safe"": 0, ""compile_passed"": 0, ""generated"": 0, ""implemented_support"": 0, ""policy_safe"": 0, ""total"": 0}, ""other"": {""behaviorally_validated"": 0, ""candidate_safe"": 0, ""compile_passed"": 0, ""generated"": 0, ""implemented_support"": 0, ""policy_safe"": 0, ""total"": 0}}",False,False,"{""nullable_pointer"": {""accepted"": 0, ""planned"": 1}}","{""behavioral_validation_missing_or_failed"": 1}",0,5,,True,,,passed,,passed,,passed,,not_applicable,Translated project does not produce a comparable executable,passed,,"{""not_applicable"": 1, ""passed"": 4, ""skipped"": 1}",,0,,0,,skipped,Disabled,,,,,0,0,0,0
safemap.benchmark_results.v3,2026-07-27T16:00:34Z,361f548f6a773f261ea92c2484d58ae8fdd5a98e,True,nullable_pointer_zero,safemap_without_safe_signatures,completed,,/mnt/data/college/research/SafeMAP/reports/development-component-ablations/safemap_without_safe_signatures/.safemap/runs/20260727T160202Z-nullable_pointer_zero-6027401d,13,2,1,1,1.0,3,1.5,0,0,{},libclang,,read_or_zero,safe_translatable_with_api_change,planned,True,False,not_accepted,read_or_zero,1,0,0.0,"{""not_accepted"": 1}",2,2,2,1,1,0,0,0,0,0.0,"{""safe_translatable"": 1, ""safe_translatable_with_api_change"": 1}","{""candidate_safe"": 2}","{""implemented_support"": 1, ""not_implemented"": 1}","{""declared_target"": {""behaviorally_validated"": 0, ""candidate_safe"": 1, ""compile_passed"": 0, ""generated"": 1, ""implemented_support"": 1, ""policy_safe"": 0, ""total"": 1}, ""entry_point"": {""behaviorally_validated"": 0, ""candidate_safe"": 1, ""compile_passed"": 0, ""generated"": 0, ""implemented_support"": 0, ""policy_safe"": 0, ""total"": 1}, ""helper"": {""behaviorally_validated"": 0, ""candidate_safe"": 0, ""compile_passed"": 0, ""generated"": 0, ""implemented_support"": 0, ""policy_safe"": 0, ""total"": 0}, ""other"": {""behaviorally_validated"": 0, ""candidate_safe"": 0, ""compile_passed"": 0, ""generated"": 0, ""implemented_support"": 0, ""policy_safe"": 0, ""total"": 0}}",False,False,"{""nullable_pointer"": {""accepted"": 0, ""planned"": 1}}","{""validation_failed"": 1}",0,8,,False,,,failed,,failed,,failed,,failed,Could not build translated Rust program,passed,,"{""failed"": 4, ""passed"": 1, ""skipped"": 1}",,0,,1,,skipped,Disabled,,,,,0,0,0,0
safemap.benchmark_results.v3,2026-07-27T16:00:34Z,361f548f6a773f261ea92c2484d58ae8fdd5a98e,True,nullable_pointer_zero,safemap_without_dependency_grouping,completed,,/mnt/data/college/research/SafeMAP/reports/development-component-ablations/safemap_without_dependency_grouping/.safemap/runs/20260727T160203Z-nullable_pointer_zero-e7d2afef,13,2,1,1,1.0,3,1.5,0,0,{},libclang,,read_or_zero,safe_translatable_with_api_change,planned,True,True,accepted,read_or_zero,1,1,1.0,"{""accepted"": 1}",2,2,2,1,1,1,1,1,1,0.5,"{""safe_translatable"": 1, ""safe_translatable_with_api_change"": 1}","{""candidate_safe"": 2}","{""implemented_support"": 1, ""not_implemented"": 1}","{""declared_target"": {""behaviorally_validated"": 1, ""candidate_safe"": 1, ""compile_passed"": 1, ""generated"": 1, ""implemented_support"": 1, ""policy_safe"": 1, ""total"": 1}, ""entry_point"": {""behaviorally_validated"": 0, ""candidate_safe"": 1, ""compile_passed"": 0, ""generated"": 0, ""implemented_support"": 0, ""policy_safe"": 0, ""total"": 1}, ""helper"": {""behaviorally_validated"": 0, ""candidate_safe"": 0, ""compile_passed"": 0, ""generated"": 0, ""implemented_support"": 0, ""policy_safe"": 0, ""total"": 0}, ""other"": {""behaviorally_validated"": 0, ""candidate_safe"": 0, ""compile_passed"": 0, ""generated"": 0, ""implemented_support"": 0, ""policy_safe"": 0, ""total"": 0}}",False,False,"{""nullable_pointer"": {""accepted"": 1, ""planned"": 1}}",{},0,8,,True,,,passed,,passed,,passed,,passed,,passed,,"{""passed"": 5, ""skipped"": 1}",,0,,0,,skipped,Disabled,,,,1.0,0,0,0,0
safemap.benchmark_results.v3,2026-07-27T16:00:34Z,361f548f6a773f261ea92c2484d58ae8fdd5a98e,True,nullable_pointer_zero,safemap_without_idiom_plans,no_supported_synthesis,No output remained when the idiom plans component was disabled.,/mnt/data/college/research/SafeMAP/reports/development-component-ablations/safemap_without_idiom_plans/.safemap/runs/20260727T160204Z-nullable_pointer_zero-3b3ccc17,13,2,1,1,1.0,3,1.5,0,0,{},libclang,,read_or_zero,safe_translatable_with_api_change,rejected,True,False,safe_translatable_with_api_change,read_or_zero,1,0,0.0,"{""safe_translatable_with_api_change"": 1}",2,2,2,0,0,0,0,0,0,0.0,"{""safe_translatable"": 1, ""safe_translatable_with_api_change"": 1}","{""candidate_safe"": 2}","{""not_implemented"": 2}","{""declared_target"": {""behaviorally_validated"": 0, ""candidate_safe"": 1, ""compile_passed"": 0, ""generated"": 0, ""implemented_support"": 0, ""policy_safe"": 0, ""total"": 1}, ""entry_point"": {""behaviorally_validated"": 0, ""candidate_safe"": 1, ""compile_passed"": 0, ""generated"": 0, ""implemented_support"": 0, ""policy_safe"": 0, ""total"": 1}, ""helper"": {""behaviorally_validated"": 0, ""candidate_safe"": 0, ""compile_passed"": 0, ""generated"": 0, ""implemented_support"": 0, ""policy_safe"": 0, ""total"": 0}, ""other"": {""behaviorally_validated"": 0, ""candidate_safe"": 0, ""compile_passed"": 0, ""generated"": 0, ""implemented_support"": 0, ""policy_safe"": 0, ""total"": 0}}",False,False,{},{},0,0,,,,,,,,,,,,,,,{},,,,,,,,,,,,0,0,0,0
safemap.benchmark_results.v3,2026-07-27T16:00:34Z,361f548f6a773f261ea92c2484d58ae8fdd5a98e,True,nullable_pointer_zero,safemap_without_validation_feedback,completed,,/mnt/data/college/research/SafeMAP/reports/development-component-ablations/safemap_without_validation_feedback/.safemap/runs/20260727T160204Z-nullable_pointer_zero-0f946724,13,2,1,1,1.0,3,1.5,0,0,{},libclang,,read_or_zero,safe_translatable_with_api_change,planned,True,True,accepted,read_or_zero,1,1,1.0,"{""accepted"": 1}",2,2,2,1,1,1,1,1,1,0.5,"{""safe_translatable"": 1, ""safe_translatable_with_api_change"": 1}","{""candidate_safe"": 2}","{""implemented_support"": 1, ""not_implemented"": 1}","{""declared_target"": {""behaviorally_validated"": 1, ""candidate_safe"": 1, ""compile_passed"": 1, ""generated"": 1, ""implemented_support"": 1, ""policy_safe"": 1, ""total"": 1}, ""entry_point"": {""behaviorally_validated"": 0, ""candidate_safe"": 1, ""compile_passed"": 0, ""generated"": 0, ""implemented_support"": 0, ""policy_safe"": 0, ""total"": 1}, ""helper"": {""behaviorally_validated"": 0, ""candidate_safe"": 0, ""compile_passed"": 0, ""generated"": 0, ""implemented_support"": 0, ""policy_safe"": 0, ""total"": 0}, ""other"": {""behaviorally_validated"": 0, ""candidate_safe"": 0, ""compile_passed"": 0, ""generated"": 0, ""implemented_support"": 0, ""policy_safe"": 0, ""total"": 0}}",False,False,"{""nullable_pointer"": {""accepted"": 1, ""planned"": 1}}",{},0,8,,True,,,passed,,passed,,passed,,passed,,passed,,"{""passed"": 5, ""skipped"": 1}",,0,,0,,skipped,Disabled,,,,1.0,0,0,0,0
safemap.benchmark_results.v3,2026-07-27T16:00:34Z,361f548f6a773f261ea92c2484d58ae8fdd5a98e,True,output_double,safemap_deterministic,completed,,/mnt/data/college/research/SafeMAP/reports/development-component-ablations/safemap_deterministic/.safemap/runs/20260727T160205Z-output_double-35a3a736,12,2,2,1,0.5,2,1.0,0,0,{},libclang,,double_value,safe_translatable_with_api_change,planned,True,True,accepted,double_value,1,1,1.0,"{""accepted"": 1}",2,2,2,1,1,1,1,1,1,0.5,"{""safe_translatable"": 1, ""safe_translatable_with_api_change"": 1}","{""candidate_safe"": 2}","{""implemented_support"": 1, ""not_implemented"": 1}","{""declared_target"": {""behaviorally_validated"": 1, ""candidate_safe"": 1, ""compile_passed"": 1, ""generated"": 1, ""implemented_support"": 1, ""policy_safe"": 1, ""total"": 1}, ""entry_point"": {""behaviorally_validated"": 0, ""candidate_safe"": 1, ""compile_passed"": 0, ""generated"": 0, ""implemented_support"": 0, ""policy_safe"": 0, ""total"": 1}, ""helper"": {""behaviorally_validated"": 0, ""candidate_safe"": 0, ""compile_passed"": 0, ""generated"": 0, ""implemented_support"": 0, ""policy_safe"": 0, ""total"": 0}, ""other"": {""behaviorally_validated"": 0, ""candidate_safe"": 0, ""compile_passed"": 0, ""generated"": 0, ""implemented_support"": 0, ""policy_safe"": 0, ""total"": 0}}",False,False,"{""output_parameter"": {""accepted"": 1, ""planned"": 1}}",{},0,5,,True,,,passed,,passed,,passed,,passed,,passed,,"{""passed"": 5, ""skipped"": 1}",,0,,0,,skipped,Disabled,,,,1.0,0,0,0,0
safemap.benchmark_results.v3,2026-07-27T16:00:34Z,361f548f6a773f261ea92c2484d58ae8fdd5a98e,True,output_double,safemap_without_pointer_roles,no_supported_synthesis,No output remained when the pointer roles component was disabled.,/mnt/data/college/research/SafeMAP/reports/development-component-ablations/safemap_without_pointer_roles/.safemap/runs/20260727T160206Z-output_double-2c3b9221,12,2,2,1,0.5,2,1.0,0,0,{},libclang,,double_value,safe_translatable_with_api_change,planned,True,False,not_accepted,double_value,1,0,0.0,"{""not_accepted"": 1}",2,2,2,0,0,0,0,0,0,0.0,"{""safe_translatable"": 1, ""safe_translatable_with_api_change"": 1}","{""candidate_safe"": 2}","{""not_implemented"": 2}","{""declared_target"": {""behaviorally_validated"": 0, ""candidate_safe"": 1, ""compile_passed"": 0, ""generated"": 0, ""implemented_support"": 0, ""policy_safe"": 0, ""total"": 1}, ""entry_point"": {""behaviorally_validated"": 0, ""candidate_safe"": 1, ""compile_passed"": 0, ""generated"": 0, ""implemented_support"": 0, ""policy_safe"": 0, ""total"": 1}, ""helper"": {""behaviorally_validated"": 0, ""candidate_safe"": 0, ""compile_passed"": 0, ""generated"": 0, ""implemented_support"": 0, ""policy_safe"": 0, ""total"": 0}, ""other"": {""behaviorally_validated"": 0, ""candidate_safe"": 0, ""compile_passed"": 0, ""generated"": 0, ""implemented_support"": 0, ""policy_safe"": 0, ""total"": 0}}",False,False,"{""output_parameter"": {""accepted"": 0, ""planned"": 1}}",{},0,0,,,,,,,,,,,,,,,{},,,,,,,,,,,,0,0,0,0
safemap.benchmark_results.v3,2026-07-27T16:00:34Z,361f548f6a773f261ea92c2484d58ae8fdd5a98e,True,output_double,safemap_without_safe_signatures,completed,,/mnt/data/college/research/SafeMAP/reports/development-component-ablations/safemap_without_safe_signatures/.safemap/runs/20260727T160206Z-output_double-7d60548f,12,2,2,1,0.5,2,1.0,0,0,{},libclang,,double_value,safe_translatable_with_api_change,planned,True,False,not_accepted,double_value,1,0,0.0,"{""not_accepted"": 1}",2,2,2,1,1,0,0,0,0,0.0,"{""safe_translatable"": 1, ""safe_translatable_with_api_change"": 1}","{""candidate_safe"": 2}","{""implemented_support"": 1, ""not_implemented"": 1}","{""declared_target"": {""behaviorally_validated"": 0, ""candidate_safe"": 1, ""compile_passed"": 0, ""generated"": 1, ""implemented_support"": 1, ""policy_safe"": 0, ""total"": 1}, ""entry_point"": {""behaviorally_validated"": 0, ""candidate_safe"": 1, ""compile_passed"": 0, ""generated"": 0, ""implemented_support"": 0, ""policy_safe"": 0, ""total"": 1}, ""helper"": {""behaviorally_validated"": 0, ""candidate_safe"": 0, ""compile_passed"": 0, ""generated"": 0, ""implemented_support"": 0, ""policy_safe"": 0, ""total"": 0}, ""other"": {""behaviorally_validated"": 0, ""candidate_safe"": 0, ""compile_passed"": 0, ""generated"": 0, ""implemented_support"": 0, ""policy_safe"": 0, ""total"": 0}}",False,False,"{""output_parameter"": {""accepted"": 0, ""planned"": 1}}","{""validation_failed"": 1}",0,5,,False,,,failed,,failed,,failed,,failed,Could not build translated Rust program,passed,,"{""failed"": 4, ""passed"": 1, ""skipped"": 1}",,0,,1,,skipped,Disabled,,,,,0,0,0,0
safemap.benchmark_results.v3,2026-07-27T16:00:34Z,361f548f6a773f261ea92c2484d58ae8fdd5a98e,True,output_double,safemap_without_dependency_grouping,completed,,/mnt/data/college/research/SafeMAP/reports/development-component-ablations/safemap_without_dependency_grouping/.safemap/runs/20260727T160207Z-output_double-3d8b8c94,12,2,2,1,0.5,2,1.0,0,0,{},libclang,,double_value,safe_translatable_with_api_change,planned,True,True,accepted,double_value,1,1,1.0,"{""accepted"": 1}",2,2,2,1,1,1,1,1,1,0.5,"{""safe_translatable"": 1, ""safe_translatable_with_api_change"": 1}","{""candidate_safe"": 2}","{""implemented_support"": 1, ""not_implemented"": 1}","{""declared_target"": {""behaviorally_validated"": 1, ""candidate_safe"": 1, ""compile_passed"": 1, ""generated"": 1, ""implemented_support"": 1, ""policy_safe"": 1, ""total"": 1}, ""entry_point"": {""behaviorally_validated"": 0, ""candidate_safe"": 1, ""compile_passed"": 0, ""generated"": 0, ""implemented_support"": 0, ""policy_safe"": 0, ""total"": 1}, ""helper"": {""behaviorally_validated"": 0, ""candidate_safe"": 0, ""compile_passed"": 0, ""generated"": 0, ""implemented_support"": 0, ""policy_safe"": 0, ""total"": 0}, ""other"": {""behaviorally_validated"": 0, ""candidate_safe"": 0, ""compile_passed"": 0, ""generated"": 0, ""implemented_support"": 0, ""policy_safe"": 0, ""total"": 0}}",False,False,"{""output_parameter"": {""accepted"": 1, ""planned"": 1}}",{},0,5,,True,,,passed,,passed,,passed,,passed,,passed,,"{""passed"": 5, ""skipped"": 1}",,0,,0,,skipped,Disabled,,,,1.0,0,0,0,0
safemap.benchmark_results.v3,2026-07-27T16:00:34Z,361f548f6a773f261ea92c2484d58ae8fdd5a98e,True,output_double,safemap_without_idiom_plans,no_supported_synthesis,No output remained when the idiom plans component was disabled.,/mnt/data/college/research/SafeMAP/reports/development-component-ablations/safemap_without_idiom_plans/.safemap/runs/20260727T160208Z-output_double-735f6534,12,2,2,1,0.5,2,1.0,0,0,{},libclang,,double_value,safe_translatable_with_api_change,rejected,True,False,safe_translatable_with_api_change,double_value,1,0,0.0,"{""safe_translatable_with_api_change"": 1}",2,2,2,0,0,0,0,0,0,0.0,"{""safe_translatable"": 1, ""safe_translatable_with_api_change"": 1}","{""candidate_safe"": 2}","{""not_implemented"": 2}","{""declared_target"": {""behaviorally_validated"": 0, ""candidate_safe"": 1, ""compile_passed"": 0, ""generated"": 0, ""implemented_support"": 0, ""policy_safe"": 0, ""total"": 1}, ""entry_point"": {""behaviorally_validated"": 0, ""candidate_safe"": 1, ""compile_passed"": 0, ""generated"": 0, ""implemented_support"": 0, ""policy_safe"": 0, ""total"": 1}, ""helper"": {""behaviorally_validated"": 0, ""candidate_safe"": 0, ""compile_passed"": 0, ""generated"": 0, ""implemented_support"": 0, ""policy_safe"": 0, ""total"": 0}, ""other"": {""behaviorally_validated"": 0, ""candidate_safe"": 0, ""compile_passed"": 0, ""generated"": 0, ""implemented_support"": 0, ""policy_safe"": 0, ""total"": 0}}",False,False,{},{},0,0,,,,,,,,,,,,,,,{},,,,,,,,,,,,0,0,0,0
safemap.benchmark_results.v3,2026-07-27T16:00:34Z,361f548f6a773f261ea92c2484d58ae8fdd5a98e,True,output_double,safemap_without_validation_feedback,completed,,/mnt/data/college/research/SafeMAP/reports/development-component-ablations/safemap_without_validation_feedback/.safemap/runs/20260727T160208Z-output_double-385c5272,12,2,2,1,0.5,2,1.0,0,0,{},libclang,,double_value,safe_translatable_with_api_change,planned,True,True,accepted,double_value,1,1,1.0,"{""accepted"": 1}",2,2,2,1,1,1,1,1,1,0.5,"{""safe_translatable"": 1, ""safe_translatable_with_api_change"": 1}","{""candidate_safe"": 2}","{""implemented_support"": 1, ""not_implemented"": 1}","{""declared_target"": {""behaviorally_validated"": 1, ""candidate_safe"": 1, ""compile_passed"": 1, ""generated"": 1, ""implemented_support"": 1, ""policy_safe"": 1, ""total"": 1}, ""entry_point"": {""behaviorally_validated"": 0, ""candidate_safe"": 1, ""compile_passed"": 0, ""generated"": 0, ""implemented_support"": 0, ""policy_safe"": 0, ""total"": 1}, ""helper"": {""behaviorally_validated"": 0, ""candidate_safe"": 0, ""compile_passed"": 0, ""generated"": 0, ""implemented_support"": 0, ""policy_safe"": 0, ""total"": 0}, ""other"": {""behaviorally_validated"": 0, ""candidate_safe"": 0, ""compile_passed"": 0, ""generated"": 0, ""implemented_support"": 0, ""policy_safe"": 0, ""total"": 0}}",False,False,"{""output_parameter"": {""accepted"": 1, ""planned"": 1}}",{},0,5,,True,,,passed,,passed,,passed,,passed,,passed,,"{""passed"": 5, ""skipped"": 1}",,0,,0,,skipped,Disabled,,,,1.0,0,0,0,0
safemap.benchmark_results.v3,2026-07-27T16:00:34Z,361f548f6a773f261ea92c2484d58ae8fdd5a98e,True,output_parameter,safemap_deterministic,completed,,/mnt/data/college/research/SafeMAP/reports/development-component-ablations/safemap_deterministic/.safemap/runs/20260727T160209Z-output_parameter-c2701f56,18,2,3,2,0.667,5,2.5,0,0,{},libclang,,get_max,safe_translatable_with_api_change,planned,True,True,accepted,get_max,1,1,1.0,"{""accepted"": 1}",2,2,2,1,1,1,1,1,1,0.5,"{""safe_translatable"": 1, ""safe_translatable_with_api_change"": 1}","{""candidate_safe"": 2}","{""implemented_support"": 1, ""not_implemented"": 1}","{""declared_target"": {""behaviorally_validated"": 1, ""candidate_safe"": 1, ""compile_passed"": 1, ""generated"": 1, ""implemented_support"": 1, ""policy_safe"": 1, ""total"": 1}, ""entry_point"": {""behaviorally_validated"": 0, ""candidate_safe"": 1, ""compile_passed"": 0, ""generated"": 0, ""implemented_support"": 0, ""policy_safe"": 0, ""total"": 1}, ""helper"": {""behaviorally_validated"": 0, ""candidate_safe"": 0, ""compile_passed"": 0, ""generated"": 0, ""implemented_support"": 0, ""policy_safe"": 0, ""total"": 0}, ""other"": {""behaviorally_validated"": 0, ""candidate_safe"": 0, ""compile_passed"": 0, ""generated"": 0, ""implemented_support"": 0, ""policy_safe"": 0, ""total"": 0}}",False,False,"{""error_code_return"": {""accepted"": 1, ""planned"": 1}, ""output_parameter"": {""accepted"": 1, ""planned"": 1}, ""pointer_length_array"": {""accepted"": 1, ""planned"": 1}}",{},0,8,,True,,,passed,,passed,,passed,,passed,,passed,,"{""passed"": 5, ""skipped"": 1}",,0,,0,,skipped,Disabled,,,,1.0,0,0,0,0
safemap.benchmark_results.v3,2026-07-27T16:00:34Z,361f548f6a773f261ea92c2484d58ae8fdd5a98e,True,output_parameter,safemap_without_pointer_roles,completed,,/mnt/data/college/research/SafeMAP/reports/development-component-ablations/safemap_without_pointer_roles/.safemap/runs/20260727T160210Z-output_parameter-ec1bedb8,18,2,3,2,0.667,5,2.5,0,0,{},libclang,,get_max,safe_translatable_with_api_change,planned,True,False,not_accepted,get_max,1,0,0.0,"{""not_accepted"": 1}",2,2,2,1,1,0,0,0,0,0.0,"{""safe_translatable"": 1, ""safe_translatable_with_api_change"": 1}","{""candidate_safe"": 2}","{""implemented_support"": 1, ""not_implemented"": 1}","{""declared_target"": {""behaviorally_validated"": 0, ""candidate_safe"": 1, ""compile_passed"": 0, ""generated"": 1, ""implemented_support"": 1, ""policy_safe"": 0, ""total"": 1}, ""entry_point"": {""behaviorally_validated"": 0, ""candidate_safe"": 1, ""compile_passed"": 0, ""generated"": 0, ""implemented_support"": 0, ""policy_safe"": 0, ""total"": 1}, ""helper"": {""behaviorally_validated"": 0, ""candidate_safe"": 0, ""compile_passed"": 0, ""generated"": 0, ""implemented_support"": 0, ""policy_safe"": 0, ""total"": 0}, ""other"": {""behaviorally_validated"": 0, ""candidate_safe"": 0, ""compile_passed"": 0, ""generated"": 0, ""implemented_support"": 0, ""policy_safe"": 0, ""total"": 0}}",False,False,"{""error_code_return"": {""accepted"": 0, ""planned"": 1}, ""output_parameter"": {""accepted"": 0, ""planned"": 1}, ""pointer_length_array"": {""accepted"": 0, ""planned"": 1}}","{""validation_failed"": 1}",0,5,,False,,,failed,,failed,,failed,,failed,Could not build translated Rust program,passed,,"{""failed"": 4, ""passed"": 1, ""skipped"": 1}",,0,,0,,skipped,Disabled,,,,,0,0,0,0
safemap.benchmark_results.v3,2026-07-27T16:00:34Z,361f548f6a773f261ea92c2484d58ae8fdd5a98e,True,output_parameter,safemap_without_safe_signatures,completed,,/mnt/data/college/research/SafeMAP/reports/development-component-ablations/safemap_without_safe_signatures/.safemap/runs/20260727T160211Z-output_parameter-79c7121e,18,2,3,2,0.667,5,2.5,0,0,{},libclang,,get_max,safe_translatable_with_api_change,planned,True,False,not_accepted,get_max,1,0,0.0,"{""not_accepted"": 1}",2,2,2,1,1,0,0,0,0,0.0,"{""safe_translatable"": 1, ""safe_translatable_with_api_change"": 1}","{""candidate_safe"": 2}","{""implemented_support"": 1, ""not_implemented"": 1}","{""declared_target"": {""behaviorally_validated"": 0, ""candidate_safe"": 1, ""compile_passed"": 0, ""generated"": 1, ""implemented_support"": 1, ""policy_safe"": 0, ""total"": 1}, ""entry_point"": {""behaviorally_validated"": 0, ""candidate_safe"": 1, ""compile_passed"": 0, ""generated"": 0, ""implemented_support"": 0, ""policy_safe"": 0, ""total"": 1}, ""helper"": {""behaviorally_validated"": 0, ""candidate_safe"": 0, ""compile_passed"": 0, ""generated"": 0, ""implemented_support"": 0, ""policy_safe"": 0, ""total"": 0}, ""other"": {""behaviorally_validated"": 0, ""candidate_safe"": 0, ""compile_passed"": 0, ""generated"": 0, ""implemented_support"": 0, ""policy_safe"": 0, ""total"": 0}}",False,False,"{""error_code_return"": {""accepted"": 0, ""planned"": 1}, ""output_parameter"": {""accepted"": 0, ""planned"": 1}, ""pointer_length_array"": {""accepted"": 0, ""planned"": 1}}","{""validation_failed"": 1}",0,8,,False,,,failed,,failed,,failed,,failed,Could not build translated Rust program,passed,,"{""failed"": 4, ""passed"": 1, ""skipped"": 1}",,0,,2,,skipped,Disabled,,,,,0,0,0,0
safemap.benchmark_results.v3,2026-07-27T16:00:34Z,361f548f6a773f261ea92c2484d58ae8fdd5a98e,True,output_parameter,safemap_without_dependency_grouping,completed,,/mnt/data/college/research/SafeMAP/reports/development-component-ablations/safemap_without_dependency_grouping/.safemap/runs/20260727T160212Z-output_parameter-e6a05916,18,2,3,2,0.667,5,2.5,0,0,{},libclang,,get_max,safe_translatable_with_api_change,planned,True,True,accepted,get_max,1,1,1.0,"{""accepted"": 1}",2,2,2,1,1,1,1,1,1,0.5,"{""safe_translatable"": 1, ""safe_translatable_with_api_change"": 1}","{""candidate_safe"": 2}","{""implemented_support"": 1, ""not_implemented"": 1}","{""declared_target"": {""behaviorally_validated"": 1, ""candidate_safe"": 1, ""compile_passed"": 1, ""generated"": 1, ""implemented_support"": 1, ""policy_safe"": 1, ""total"": 1}, ""entry_point"": {""behaviorally_validated"": 0, ""candidate_safe"": 1, ""compile_passed"": 0, ""generated"": 0, ""implemented_support"": 0, ""policy_safe"": 0, ""total"": 1}, ""helper"": {""behaviorally_validated"": 0, ""candidate_safe"": 0, ""compile_passed"": 0, ""generated"": 0, ""implemented_support"": 0, ""policy_safe"": 0, ""total"": 0}, ""other"": {""behaviorally_validated"": 0, ""candidate_safe"": 0, ""compile_passed"": 0, ""generated"": 0, ""implemented_support"": 0, ""policy_safe"": 0, ""total"": 0}}",False,False,"{""error_code_return"": {""accepted"": 1, ""planned"": 1}, ""output_parameter"": {""accepted"": 1, ""planned"": 1}, ""pointer_length_array"": {""accepted"": 1, ""planned"": 1}}",{},0,8,,True,,,passed,,passed,,passed,,passed,,passed,,"{""passed"": 5, ""skipped"": 1}",,0,,0,,skipped,Disabled,,,,1.0,0,0,0,0
safemap.benchmark_results.v3,2026-07-27T16:00:34Z,361f548f6a773f261ea92c2484d58ae8fdd5a98e,True,output_parameter,safemap_without_idiom_plans,no_supported_synthesis,No output remained when the idiom plans component was disabled.,/mnt/data/college/research/SafeMAP/reports/development-component-ablations/safemap_without_idiom_plans/.safemap/runs/20260727T160213Z-output_parameter-680ca61b,18,2,3,2,0.667,5,2.5,0,0,{},libclang,,get_max,safe_translatable_with_api_change,rejected,True,False,safe_translatable_with_api_change,get_max,1,0,0.0,"{""safe_translatable_with_api_change"": 1}",2,2,2,0,0,0,0,0,0,0.0,"{""safe_translatable"": 1, ""safe_translatable_with_api_change"": 1}","{""candidate_safe"": 2}","{""not_implemented"": 2}","{""declared_target"": {""behaviorally_validated"": 0, ""candidate_safe"": 1, ""compile_passed"": 0, ""generated"": 0, ""implemented_support"": 0, ""policy_safe"": 0, ""total"": 1}, ""entry_point"": {""behaviorally_validated"": 0, ""candidate_safe"": 1, ""compile_passed"": 0, ""generated"": 0, ""implemented_support"": 0, ""policy_safe"": 0, ""total"": 1}, ""helper"": {""behaviorally_validated"": 0, ""candidate_safe"": 0, ""compile_passed"": 0, ""generated"": 0, ""implemented_support"": 0, ""policy_safe"": 0, ""total"": 0}, ""other"": {""behaviorally_validated"": 0, ""candidate_safe"": 0, ""compile_passed"": 0, ""generated"": 0, ""implemented_support"": 0, ""policy_safe"": 0, ""total"": 0}}",False,False,{},{},0,0,,,,,,,,,,,,,,,{},,,,,,,,,,,,0,0,0,0
safemap.benchmark_results.v3,2026-07-27T16:00:34Z,361f548f6a773f261ea92c2484d58ae8fdd5a98e,True,output_parameter,safemap_without_validation_feedback,completed,,/mnt/data/college/research/SafeMAP/reports/development-component-ablations/safemap_without_validation_feedback/.safemap/runs/20260727T160213Z-output_parameter-12e81896,18,2,3,2,0.667,5,2.5,0,0,{},libclang,,get_max,safe_translatable_with_api_change,planned,True,True,accepted,get_max,1,1,1.0,"{""accepted"": 1}",2,2,2,1,1,1,1,1,1,0.5,"{""safe_translatable"": 1, ""safe_translatable_with_api_change"": 1}","{""candidate_safe"": 2}","{""implemented_support"": 1, ""not_implemented"": 1}","{""declared_target"": {""behaviorally_validated"": 1, ""candidate_safe"": 1, ""compile_passed"": 1, ""generated"": 1, ""implemented_support"": 1, ""policy_safe"": 1, ""total"": 1}, ""entry_point"": {""behaviorally_validated"": 0, ""candidate_safe"": 1, ""compile_passed"": 0, ""generated"": 0, ""implemented_support"": 0, ""policy_safe"": 0, ""total"": 1}, ""helper"": {""behaviorally_validated"": 0, ""candidate_safe"": 0, ""compile_passed"": 0, ""generated"": 0, ""implemented_support"": 0, ""policy_safe"": 0, ""total"": 0}, ""other"": {""behaviorally_validated"": 0, ""candidate_safe"": 0, ""compile_passed"": 0, ""generated"": 0, ""implemented_support"": 0, ""policy_safe"": 0, ""total"": 0}}",False,False,"{""error_code_return"": {""accepted"": 1, ""planned"": 1}, ""output_parameter"": {""accepted"": 1, ""planned"": 1}, ""pointer_length_array"": {""accepted"": 1, ""planned"": 1}}",{},0,8,,True,,,passed,,passed,,passed,,passed,,passed,,"{""passed"": 5, ""skipped"": 1}",,0,,0,,skipped,Disabled,,,,1.0,0,0,0,0
safemap.benchmark_results.v3,2026-07-27T16:00:34Z,361f548f6a773f261ea92c2484d58ae8fdd5a98e,True,output_square,safemap_deterministic,completed,,/mnt/data/college/research/SafeMAP/reports/development-component-ablations/safemap_deterministic/.safemap/runs/20260727T160214Z-output_square-9fdb6f26,12,2,2,1,0.5,2,1.0,0,0,{},libclang,,square_value,safe_translatable_with_api_change,planned,True,True,accepted,square_value,1,1,1.0,"{""accepted"": 1}",2,2,2,1,1,1,1,1,1,0.5,"{""safe_translatable"": 1, ""safe_translatable_with_api_change"": 1}","{""candidate_safe"": 2}","{""implemented_support"": 1, ""not_implemented"": 1}","{""declared_target"": {""behaviorally_validated"": 1, ""candidate_safe"": 1, ""compile_passed"": 1, ""generated"": 1, ""implemented_support"": 1, ""policy_safe"": 1, ""total"": 1}, ""entry_point"": {""behaviorally_validated"": 0, ""candidate_safe"": 1, ""compile_passed"": 0, ""generated"": 0, ""implemented_support"": 0, ""policy_safe"": 0, ""total"": 1}, ""helper"": {""behaviorally_validated"": 0, ""candidate_safe"": 0, ""compile_passed"": 0, ""generated"": 0, ""implemented_support"": 0, ""policy_safe"": 0, ""total"": 0}, ""other"": {""behaviorally_validated"": 0, ""candidate_safe"": 0, ""compile_passed"": 0, ""generated"": 0, ""implemented_support"": 0, ""policy_safe"": 0, ""total"": 0}}",False,False,"{""output_parameter"": {""accepted"": 1, ""planned"": 1}}",{},0,5,,True,,,passed,,passed,,passed,,passed,,passed,,"{""passed"": 5, ""skipped"": 1}",,0,,0,,skipped,Disabled,,,,1.0,0,0,0,0
safemap.benchmark_results.v3,2026-07-27T16:00:34Z,361f548f6a773f261ea92c2484d58ae8fdd5a98e,True,output_square,safemap_without_pointer_roles,no_supported_synthesis,No output remained when the pointer roles component was disabled.,/mnt/data/college/research/SafeMAP/reports/development-component-ablations/safemap_without_pointer_roles/.safemap/runs/20260727T160215Z-output_square-7ed525af,12,2,2,1,0.5,2,1.0,0,0,{},libclang,,square_value,safe_translatable_with_api_change,planned,True,False,not_accepted,square_value,1,0,0.0,"{""not_accepted"": 1}",2,2,2,0,0,0,0,0,0,0.0,"{""safe_translatable"": 1, ""safe_translatable_with_api_change"": 1}","{""candidate_safe"": 2}","{""not_implemented"": 2}","{""declared_target"": {""behaviorally_validated"": 0, ""candidate_safe"": 1, ""compile_passed"": 0, ""generated"": 0, ""implemented_support"": 0, ""policy_safe"": 0, ""total"": 1}, ""entry_point"": {""behaviorally_validated"": 0, ""candidate_safe"": 1, ""compile_passed"": 0, ""generated"": 0, ""implemented_support"": 0, ""policy_safe"": 0, ""total"": 1}, ""helper"": {""behaviorally_validated"": 0, ""candidate_safe"": 0, ""compile_passed"": 0, ""generated"": 0, ""implemented_support"": 0, ""policy_safe"": 0, ""total"": 0}, ""other"": {""behaviorally_validated"": 0, ""candidate_safe"": 0, ""compile_passed"": 0, ""generated"": 0, ""implemented_support"": 0, ""policy_safe"": 0, ""total"": 0}}",False,False,"{""output_parameter"": {""accepted"": 0, ""planned"": 1}}",{},0,0,,,,,,,,,,,,,,,{},,,,,,,,,,,,0,0,0,0
safemap.benchmark_results.v3,2026-07-27T16:00:34Z,361f548f6a773f261ea92c2484d58ae8fdd5a98e,True,output_square,safemap_without_safe_signatures,completed,,/mnt/data/college/research/SafeMAP/reports/development-component-ablations/safemap_without_safe_signatures/.safemap/runs/20260727T160215Z-output_square-1691a916,12,2,2,1,0.5,2,1.0,0,0,{},libclang,,square_value,safe_translatable_with_api_change,planned,True,False,not_accepted,square_value,1,0,0.0,"{""not_accepted"": 1}",2,2,2,1,1,0,0,0,0,0.0,"{""safe_translatable"": 1, ""safe_translatable_with_api_change"": 1}","{""candidate_safe"": 2}","{""implemented_support"": 1, ""not_implemented"": 1}","{""declared_target"": {""behaviorally_validated"": 0, ""candidate_safe"": 1, ""compile_passed"": 0, ""generated"": 1, ""implemented_support"": 1, ""policy_safe"": 0, ""total"": 1}, ""entry_point"": {""behaviorally_validated"": 0, ""candidate_safe"": 1, ""compile_passed"": 0, ""generated"": 0, ""implemented_support"": 0, ""policy_safe"": 0, ""total"": 1}, ""helper"": {""behaviorally_validated"": 0, ""candidate_safe"": 0, ""compile_passed"": 0, ""generated"": 0, ""implemented_support"": 0, ""policy_safe"": 0, ""total"": 0}, ""other"": {""behaviorally_validated"": 0, ""candidate_safe"": 0, ""compile_passed"": 0, ""generated"": 0, ""implemented_support"": 0, ""policy_safe"": 0, ""total"": 0}}",False,False,"{""output_parameter"": {""accepted"": 0, ""planned"": 1}}","{""validation_failed"": 1}",0,5,,False,,,failed,,failed,,failed,,failed,Could not build translated Rust program,passed,,"{""failed"": 4, ""passed"": 1, ""skipped"": 1}",,0,,1,,skipped,Disabled,,,,,0,0,0,0
safemap.benchmark_results.v3,2026-07-27T16:00:34Z,361f548f6a773f261ea92c2484d58ae8fdd5a98e,True,output_square,safemap_without_dependency_grouping,completed,,/mnt/data/college/research/SafeMAP/reports/development-component-ablations/safemap_without_dependency_grouping/.safemap/runs/20260727T160216Z-output_square-1112f105,12,2,2,1,0.5,2,1.0,0,0,{},libclang,,square_value,safe_translatable_with_api_change,planned,True,True,accepted,square_value,1,1,1.0,"{""accepted"": 1}",2,2,2,1,1,1,1,1,1,0.5,"{""safe_translatable"": 1, ""safe_translatable_with_api_change"": 1}","{""candidate_safe"": 2}","{""implemented_support"": 1, ""not_implemented"": 1}","{""declared_target"": {""behaviorally_validated"": 1, ""candidate_safe"": 1, ""compile_passed"": 1, ""generated"": 1, ""implemented_support"": 1, ""policy_safe"": 1, ""total"": 1}, ""entry_point"": {""behaviorally_validated"": 0, ""candidate_safe"": 1, ""compile_passed"": 0, ""generated"": 0, ""implemented_support"": 0, ""policy_safe"": 0, ""total"": 1}, ""helper"": {""behaviorally_validated"": 0, ""candidate_safe"": 0, ""compile_passed"": 0, ""generated"": 0, ""implemented_support"": 0, ""policy_safe"": 0, ""total"": 0}, ""other"": {""behaviorally_validated"": 0, ""candidate_safe"": 0, ""compile_passed"": 0, ""generated"": 0, ""implemented_support"": 0, ""policy_safe"": 0, ""total"": 0}}",False,False,"{""output_parameter"": {""accepted"": 1, ""planned"": 1}}",{},0,5,,True,,,passed,,passed,,passed,,passed,,passed,,"{""passed"": 5, ""skipped"": 1}",,0,,0,,skipped,Disabled,,,,1.0,0,0,0,0
safemap.benchmark_results.v3,2026-07-27T16:00:34Z,361f548f6a773f261ea92c2484d58ae8fdd5a98e,True,output_square,safemap_without_idiom_plans,no_supported_synthesis,No output remained when the idiom plans component was disabled.,/mnt/data/college/research/SafeMAP/reports/development-component-ablations/safemap_without_idiom_plans/.safemap/runs/20260727T160217Z-output_square-efb6e76f,12,2,2,1,0.5,2,1.0,0,0,{},libclang,,square_value,safe_translatable_with_api_change,rejected,True,False,safe_translatable_with_api_change,square_value,1,0,0.0,"{""safe_translatable_with_api_change"": 1}",2,2,2,0,0,0,0,0,0,0.0,"{""safe_translatable"": 1, ""safe_translatable_with_api_change"": 1}","{""candidate_safe"": 2}","{""not_implemented"": 2}","{""declared_target"": {""behaviorally_validated"": 0, ""candidate_safe"": 1, ""compile_passed"": 0, ""generated"": 0, ""implemented_support"": 0, ""policy_safe"": 0, ""total"": 1}, ""entry_point"": {""behaviorally_validated"": 0, ""candidate_safe"": 1, ""compile_passed"": 0, ""generated"": 0, ""implemented_support"": 0, ""policy_safe"": 0, ""total"": 1}, ""helper"": {""behaviorally_validated"": 0, ""candidate_safe"": 0, ""compile_passed"": 0, ""generated"": 0, ""implemented_support"": 0, ""policy_safe"": 0, ""total"": 0}, ""other"": {""behaviorally_validated"": 0, ""candidate_safe"": 0, ""compile_passed"": 0, ""generated"": 0, ""implemented_support"": 0, ""policy_safe"": 0, ""total"": 0}}",False,False,{},{},0,0,,,,,,,,,,,,,,,{},,,,,,,,,,,,0,0,0,0
safemap.benchmark_results.v3,2026-07-27T16:00:34Z,361f548f6a773f261ea92c2484d58ae8fdd5a98e,True,output_square,safemap_without_validation_feedback,completed,,/mnt/data/college/research/SafeMAP/reports/development-component-ablations/safemap_without_validation_feedback/.safemap/runs/20260727T160217Z-output_square-02e28866,12,2,2,1,0.5,2,1.0,0,0,{},libclang,,square_value,safe_translatable_with_api_change,planned,True,True,accepted,square_value,1,1,1.0,"{""accepted"": 1}",2,2,2,1,1,1,1,1,1,0.5,"{""safe_translatable"": 1, ""safe_translatable_with_api_change"": 1}","{""candidate_safe"": 2}","{""implemented_support"": 1, ""not_implemented"": 1}","{""declared_target"": {""behaviorally_validated"": 1, ""candidate_safe"": 1, ""compile_passed"": 1, ""generated"": 1, ""implemented_support"": 1, ""policy_safe"": 1, ""total"": 1}, ""entry_point"": {""behaviorally_validated"": 0, ""candidate_safe"": 1, ""compile_passed"": 0, ""generated"": 0, ""implemented_support"": 0, ""policy_safe"": 0, ""total"": 1}, ""helper"": {""behaviorally_validated"": 0, ""candidate_safe"": 0, ""compile_passed"": 0, ""generated"": 0, ""implemented_support"": 0, ""policy_safe"": 0, ""total"": 0}, ""other"": {""behaviorally_validated"": 0, ""candidate_safe"": 0, ""compile_passed"": 0, ""generated"": 0, ""implemented_support"": 0, ""policy_safe"": 0, ""total"": 0}}",False,False,"{""output_parameter"": {""accepted"": 1, ""planned"": 1}}",{},0,5,,True,,,passed,,passed,,passed,,passed,,passed,,"{""passed"": 5, ""skipped"": 1}",,0,,0,,skipped,Disabled,,,,1.0,0,0,0,0
safemap.benchmark_results.v3,2026-07-27T16:00:34Z,361f548f6a773f261ea92c2484d58ae8fdd5a98e,True,pointer_length_array,safemap_deterministic,completed,,/mnt/data/college/research/SafeMAP/reports/development-component-ablations/safemap_deterministic/.safemap/runs/20260727T160218Z-pointer_length_array-7ff986fb,14,2,2,1,0.5,3,1.5,0,0,{},libclang,,sum_array,safe_translatable_with_api_change,planned,True,True,accepted,sum_array,1,1,1.0,"{""accepted"": 1}",2,2,2,1,1,1,1,1,1,0.5,"{""safe_translatable"": 1, ""safe_translatable_with_api_change"": 1}","{""candidate_safe"": 2}","{""implemented_support"": 1, ""not_implemented"": 1}","{""declared_target"": {""behaviorally_validated"": 1, ""candidate_safe"": 1, ""compile_passed"": 1, ""generated"": 1, ""implemented_support"": 1, ""policy_safe"": 1, ""total"": 1}, ""entry_point"": {""behaviorally_validated"": 0, ""candidate_safe"": 1, ""compile_passed"": 0, ""generated"": 0, ""implemented_support"": 0, ""policy_safe"": 0, ""total"": 1}, ""helper"": {""behaviorally_validated"": 0, ""candidate_safe"": 0, ""compile_passed"": 0, ""generated"": 0, ""implemented_support"": 0, ""policy_safe"": 0, ""total"": 0}, ""other"": {""behaviorally_validated"": 0, ""candidate_safe"": 0, ""compile_passed"": 0, ""generated"": 0, ""implemented_support"": 0, ""policy_safe"": 0, ""total"": 0}}",False,False,"{""pointer_length_array"": {""accepted"": 1, ""planned"": 1}}",{},0,5,,True,,,passed,,passed,,passed,,passed,,passed,,"{""passed"": 5, ""skipped"": 1}",,0,,0,,skipped,Disabled,,,,1.0,0,0,0,0
safemap.benchmark_results.v3,2026-07-27T16:00:34Z,361f548f6a773f261ea92c2484d58ae8fdd5a98e,True,pointer_length_array,safemap_without_pointer_roles,completed,,/mnt/data/college/research/SafeMAP/reports/development-component-ablations/safemap_without_pointer_roles/.safemap/runs/20260727T160219Z-pointer_length_array-a4b77903,14,2,2,1,0.5,3,1.5,0,0,{},libclang,,sum_array,safe_translatable_with_api_change,planned,True,False,not_accepted,sum_array,1,0,0.0,"{""not_accepted"": 1}",2,2,2,1,1,0,0,0,0,0.0,"{""safe_translatable"": 1, ""safe_translatable_with_api_change"": 1}","{""candidate_safe"": 2}","{""implemented_support"": 1, ""not_implemented"": 1}","{""declared_target"": {""behaviorally_validated"": 0, ""candidate_safe"": 1, ""compile_passed"": 0, ""generated"": 1, ""implemented_support"": 1, ""policy_safe"": 0, ""total"": 1}, ""entry_point"": {""behaviorally_validated"": 0, ""candidate_safe"": 1, ""compile_passed"": 0, ""generated"": 0, ""implemented_support"": 0, ""policy_safe"": 0, ""total"": 1}, ""helper"": {""behaviorally_validated"": 0, ""candidate_safe"": 0, ""compile_passed"": 0, ""generated"": 0, ""implemented_support"": 0, ""policy_safe"": 0, ""total"": 0}, ""other"": {""behaviorally_validated"": 0, ""candidate_safe"": 0, ""compile_passed"": 0, ""generated"": 0, ""implemented_support"": 0, ""policy_safe"": 0, ""total"": 0}}",False,False,"{""pointer_length_array"": {""accepted"": 0, ""planned"": 1}}","{""validation_failed"": 1}",0,5,,False,,,failed,,failed,,failed,,failed,Could not build translated Rust program,passed,,"{""failed"": 4, ""passed"": 1, ""skipped"": 1}",,0,,0,,skipped,Disabled,,,,,0,0,0,0
safemap.benchmark_results.v3,2026-07-27T16:00:34Z,361f548f6a773f261ea92c2484d58ae8fdd5a98e,True,pointer_length_array,safemap_without_safe_signatures,completed,,/mnt/data/college/research/SafeMAP/reports/development-component-ablations/safemap_without_safe_signatures/.safemap/runs/20260727T160220Z-pointer_length_array-e891dd17,14,2,2,1,0.5,3,1.5,0,0,{},libclang,,sum_array,safe_translatable_with_api_change,planned,True,False,not_accepted,sum_array,1,0,0.0,"{""not_accepted"": 1}",2,2,2,1,1,0,0,0,0,0.0,"{""safe_translatable"": 1, ""safe_translatable_with_api_change"": 1}","{""candidate_safe"": 2}","{""implemented_support"": 1, ""not_implemented"": 1}","{""declared_target"": {""behaviorally_validated"": 0, ""candidate_safe"": 1, ""compile_passed"": 0, ""generated"": 1, ""implemented_support"": 1, ""policy_safe"": 0, ""total"": 1}, ""entry_point"": {""behaviorally_validated"": 0, ""candidate_safe"": 1, ""compile_passed"": 0, ""generated"": 0, ""implemented_support"": 0, ""policy_safe"": 0, ""total"": 1}, ""helper"": {""behaviorally_validated"": 0, ""candidate_safe"": 0, ""compile_passed"": 0, ""generated"": 0, ""implemented_support"": 0, ""policy_safe"": 0, ""total"": 0}, ""other"": {""behaviorally_validated"": 0, ""candidate_safe"": 0, ""compile_passed"": 0, ""generated"": 0, ""implemented_support"": 0, ""policy_safe"": 0, ""total"": 0}}",False,False,"{""pointer_length_array"": {""accepted"": 0, ""planned"": 1}}","{""validation_failed"": 1}",0,5,,False,,,failed,,failed,,failed,,failed,Could not build translated Rust program,passed,,"{""failed"": 4, ""passed"": 1, ""skipped"": 1}",,0,,1,,skipped,Disabled,,,,,0,0,0,0
safemap.benchmark_results.v3,2026-07-27T16:00:34Z,361f548f6a773f261ea92c2484d58ae8fdd5a98e,True,pointer_length_array,safemap_without_dependency_grouping,completed,,/mnt/data/college/research/SafeMAP/reports/development-component-ablations/safemap_without_dependency_grouping/.safemap/runs/20260727T160220Z-pointer_length_array-6b8b6f9b,14,2,2,1,0.5,3,1.5,0,0,{},libclang,,sum_array,safe_translatable_with_api_change,planned,True,True,accepted,sum_array,1,1,1.0,"{""accepted"": 1}",2,2,2,1,1,1,1,1,1,0.5,"{""safe_translatable"": 1, ""safe_translatable_with_api_change"": 1}","{""candidate_safe"": 2}","{""implemented_support"": 1, ""not_implemented"": 1}","{""declared_target"": {""behaviorally_validated"": 1, ""candidate_safe"": 1, ""compile_passed"": 1, ""generated"": 1, ""implemented_support"": 1, ""policy_safe"": 1, ""total"": 1}, ""entry_point"": {""behaviorally_validated"": 0, ""candidate_safe"": 1, ""compile_passed"": 0, ""generated"": 0, ""implemented_support"": 0, ""policy_safe"": 0, ""total"": 1}, ""helper"": {""behaviorally_validated"": 0, ""candidate_safe"": 0, ""compile_passed"": 0, ""generated"": 0, ""implemented_support"": 0, ""policy_safe"": 0, ""total"": 0}, ""other"": {""behaviorally_validated"": 0, ""candidate_safe"": 0, ""compile_passed"": 0, ""generated"": 0, ""implemented_support"": 0, ""policy_safe"": 0, ""total"": 0}}",False,False,"{""pointer_length_array"": {""accepted"": 1, ""planned"": 1}}",{},0,5,,True,,,passed,,passed,,passed,,passed,,passed,,"{""passed"": 5, ""skipped"": 1}",,0,,0,,skipped,Disabled,,,,1.0,0,0,0,0
safemap.benchmark_results.v3,2026-07-27T16:00:34Z,361f548f6a773f261ea92c2484d58ae8fdd5a98e,True,pointer_length_array,safemap_without_idiom_plans,no_supported_synthesis,No output remained when the idiom plans component was disabled.,/mnt/data/college/research/SafeMAP/reports/development-component-ablations/safemap_without_idiom_plans/.safemap/runs/20260727T160221Z-pointer_length_array-6927bbca,14,2,2,1,0.5,3,1.5,0,0,{},libclang,,sum_array,safe_translatable_with_api_change,rejected,True,False,safe_translatable_with_api_change,sum_array,1,0,0.0,"{""safe_translatable_with_api_change"": 1}",2,2,2,0,0,0,0,0,0,0.0,"{""safe_translatable"": 1, ""safe_translatable_with_api_change"": 1}","{""candidate_safe"": 2}","{""not_implemented"": 2}","{""declared_target"": {""behaviorally_validated"": 0, ""candidate_safe"": 1, ""compile_passed"": 0, ""generated"": 0, ""implemented_support"": 0, ""policy_safe"": 0, ""total"": 1}, ""entry_point"": {""behaviorally_validated"": 0, ""candidate_safe"": 1, ""compile_passed"": 0, ""generated"": 0, ""implemented_support"": 0, ""policy_safe"": 0, ""total"": 1}, ""helper"": {""behaviorally_validated"": 0, ""candidate_safe"": 0, ""compile_passed"": 0, ""generated"": 0, ""implemented_support"": 0, ""policy_safe"": 0, ""total"": 0}, ""other"": {""behaviorally_validated"": 0, ""candidate_safe"": 0, ""compile_passed"": 0, ""generated"": 0, ""implemented_support"": 0, ""policy_safe"": 0, ""total"": 0}}",False,False,{},{},0,0,,,,,,,,,,,,,,,{},,,,,,,,,,,,0,0,0,0
safemap.benchmark_results.v3,2026-07-27T16:00:34Z,361f548f6a773f261ea92c2484d58ae8fdd5a98e,True,pointer_length_array,safemap_without_validation_feedback,completed,,/mnt/data/college/research/SafeMAP/reports/development-component-ablations/safemap_without_validation_feedback/.safemap/runs/20260727T160221Z-pointer_length_array-0fc0591f,14,2,2,1,0.5,3,1.5,0,0,{},libclang,,sum_array,safe_translatable_with_api_change,planned,True,True,accepted,sum_array,1,1,1.0,"{""accepted"": 1}",2,2,2,1,1,1,1,1,1,0.5,"{""safe_translatable"": 1, ""safe_translatable_with_api_change"": 1}","{""candidate_safe"": 2}","{""implemented_support"": 1, ""not_implemented"": 1}","{""declared_target"": {""behaviorally_validated"": 1, ""candidate_safe"": 1, ""compile_passed"": 1, ""generated"": 1, ""implemented_support"": 1, ""policy_safe"": 1, ""total"": 1}, ""entry_point"": {""behaviorally_validated"": 0, ""candidate_safe"": 1, ""compile_passed"": 0, ""generated"": 0, ""implemented_support"": 0, ""policy_safe"": 0, ""total"": 1}, ""helper"": {""behaviorally_validated"": 0, ""candidate_safe"": 0, ""compile_passed"": 0, ""generated"": 0, ""implemented_support"": 0, ""policy_safe"": 0, ""total"": 0}, ""other"": {""behaviorally_validated"": 0, ""candidate_safe"": 0, ""compile_passed"": 0, ""generated"": 0, ""implemented_support"": 0, ""policy_safe"": 0, ""total"": 0}}",False,False,"{""pointer_length_array"": {""accepted"": 1, ""planned"": 1}}",{},0,5,,True,,,passed,,passed,,passed,,passed,,passed,,"{""passed"": 5, ""skipped"": 1}",,0,,0,,skipped,Disabled,,,,1.0,0,0,0,0
safemap.benchmark_results.v3,2026-07-27T16:00:34Z,361f548f6a773f261ea92c2484d58ae8fdd5a98e,True,simple_divide,safemap_deterministic,completed,,/mnt/data/college/research/SafeMAP/reports/development-component-ablations/safemap_deterministic/.safemap/runs/20260727T160222Z-simple_divide-e847d5a6,10,2,2,0,0.0,2,1.0,0,0,{},libclang,,divide_floor,safe_translatable,planned,True,True,accepted,divide_floor,1,1,1.0,"{""accepted"": 1}",2,2,2,1,1,1,1,1,1,0.5,"{""safe_translatable"": 2}","{""candidate_safe"": 2}","{""implemented_support"": 1, ""not_implemented"": 1}","{""declared_target"": {""behaviorally_validated"": 1, ""candidate_safe"": 1, ""compile_passed"": 1, ""generated"": 1, ""implemented_support"": 1, ""policy_safe"": 1, ""total"": 1}, ""entry_point"": {""behaviorally_validated"": 0, ""candidate_safe"": 1, ""compile_passed"": 0, ""generated"": 0, ""implemented_support"": 0, ""policy_safe"": 0, ""total"": 1}, ""helper"": {""behaviorally_validated"": 0, ""candidate_safe"": 0, ""compile_passed"": 0, ""generated"": 0, ""implemented_support"": 0, ""policy_safe"": 0, ""total"": 0}, ""other"": {""behaviorally_validated"": 0, ""candidate_safe"": 0, ""compile_passed"": 0, ""generated"": 0, ""implemented_support"": 0, ""policy_safe"": 0, ""total"": 0}}",False,False,{},{},0,5,,True,,,passed,,passed,,passed,,passed,,passed,,"{""passed"": 5, ""skipped"": 1}",,0,,0,,skipped,Disabled,,,,1.0,0,0,0,0
safemap.benchmark_results.v3,2026-07-27T16:00:34Z,361f548f6a773f261ea92c2484d58ae8fdd5a98e,True,simple_divide,safemap_without_pointer_roles,completed,,/mnt/data/college/research/SafeMAP/reports/development-component-ablations/safemap_without_pointer_roles/.safemap/runs/20260727T160223Z-simple_divide-91574bd5,10,2,2,0,0.0,2,1.0,0,0,{},libclang,,divide_floor,safe_translatable,planned,True,True,accepted,divide_floor,1,1,1.0,"{""accepted"": 1}",2,2,2,1,1,1,1,1,1,0.5,"{""safe_translatable"": 2}","{""candidate_safe"": 2}","{""implemented_support"": 1, ""not_implemented"": 1}","{""declared_target"": {""behaviorally_validated"": 1, ""candidate_safe"": 1, ""compile_passed"": 1, ""generated"": 1, ""implemented_support"": 1, ""policy_safe"": 1, ""total"": 1}, ""entry_point"": {""behaviorally_validated"": 0, ""candidate_safe"": 1, ""compile_passed"": 0, ""generated"": 0, ""implemented_support"": 0, ""policy_safe"": 0, ""total"": 1}, ""helper"": {""behaviorally_validated"": 0, ""candidate_safe"": 0, ""compile_passed"": 0, ""generated"": 0, ""implemented_support"": 0, ""policy_safe"": 0, ""total"": 0}, ""other"": {""behaviorally_validated"": 0, ""candidate_safe"": 0, ""compile_passed"": 0, ""generated"": 0, ""implemented_support"": 0, ""policy_safe"": 0, ""total"": 0}}",False,False,{},{},0,5,,True,,,passed,,passed,,passed,,passed,,passed,,"{""passed"": 5, ""skipped"": 1}",,0,,0,,skipped,Disabled,,,,1.0,0,0,0,0
safemap.benchmark_results.v3,2026-07-27T16:00:34Z,361f548f6a773f261ea92c2484d58ae8fdd5a98e,True,simple_divide,safemap_without_safe_signatures,completed,,/mnt/data/college/research/SafeMAP/reports/development-component-ablations/safemap_without_safe_signatures/.safemap/runs/20260727T160224Z-simple_divide-52618d5b,10,2,2,0,0.0,2,1.0,0,0,{},libclang,,divide_floor,safe_translatable,planned,True,True,accepted,divide_floor,1,1,1.0,"{""accepted"": 1}",2,2,2,1,1,1,1,1,1,0.5,"{""safe_translatable"": 2}","{""candidate_safe"": 2}","{""implemented_support"": 1, ""not_implemented"": 1}","{""declared_target"": {""behaviorally_validated"": 1, ""candidate_safe"": 1, ""compile_passed"": 1, ""generated"": 1, ""implemented_support"": 1, ""policy_safe"": 1, ""total"": 1}, ""entry_point"": {""behaviorally_validated"": 0, ""candidate_safe"": 1, ""compile_passed"": 0, ""generated"": 0, ""implemented_support"": 0, ""policy_safe"": 0, ""total"": 1}, ""helper"": {""behaviorally_validated"": 0, ""candidate_safe"": 0, ""compile_passed"": 0, ""generated"": 0, ""implemented_support"": 0, ""policy_safe"": 0, ""total"": 0}, ""other"": {""behaviorally_validated"": 0, ""candidate_safe"": 0, ""compile_passed"": 0, ""generated"": 0, ""implemented_support"": 0, ""policy_safe"": 0, ""total"": 0}}",False,False,{},{},0,5,,True,,,passed,,passed,,passed,,passed,,passed,,"{""passed"": 5, ""skipped"": 1}",,0,,0,,skipped,Disabled,,,,1.0,0,0,0,0
safemap.benchmark_results.v3,2026-07-27T16:00:34Z,361f548f6a773f261ea92c2484d58ae8fdd5a98e,True,simple_divide,safemap_without_dependency_grouping,completed,,/mnt/data/college/research/SafeMAP/reports/development-component-ablations/safemap_without_dependency_grouping/.safemap/runs/20260727T160225Z-simple_divide-bc551903,10,2,2,0,0.0,2,1.0,0,0,{},libclang,,divide_floor,safe_translatable,planned,True,True,accepted,divide_floor,1,1,1.0,"{""accepted"": 1}",2,2,2,1,1,1,1,1,1,0.5,"{""safe_translatable"": 2}","{""candidate_safe"": 2}","{""implemented_support"": 1, ""not_implemented"": 1}","{""declared_target"": {""behaviorally_validated"": 1, ""candidate_safe"": 1, ""compile_passed"": 1, ""generated"": 1, ""implemented_support"": 1, ""policy_safe"": 1, ""total"": 1}, ""entry_point"": {""behaviorally_validated"": 0, ""candidate_safe"": 1, ""compile_passed"": 0, ""generated"": 0, ""implemented_support"": 0, ""policy_safe"": 0, ""total"": 1}, ""helper"": {""behaviorally_validated"": 0, ""candidate_safe"": 0, ""compile_passed"": 0, ""generated"": 0, ""implemented_support"": 0, ""policy_safe"": 0, ""total"": 0}, ""other"": {""behaviorally_validated"": 0, ""candidate_safe"": 0, ""compile_passed"": 0, ""generated"": 0, ""implemented_support"": 0, ""policy_safe"": 0, ""total"": 0}}",False,False,{},{},0,5,,True,,,passed,,passed,,passed,,passed,,passed,,"{""passed"": 5, ""skipped"": 1}",,0,,0,,skipped,Disabled,,,,1.0,0,0,0,0
safemap.benchmark_results.v3,2026-07-27T16:00:34Z,361f548f6a773f261ea92c2484d58ae8fdd5a98e,True,simple_divide,safemap_without_idiom_plans,completed,,/mnt/data/college/research/SafeMAP/reports/development-component-ablations/safemap_without_idiom_plans/.safemap/runs/20260727T160226Z-simple_divide-4b7420e9,10,2,2,0,0.0,2,1.0,0,0,{},libclang,,divide_floor,safe_translatable,planned,True,True,accepted,divide_floor,1,1,1.0,"{""accepted"": 1}",2,2,2,1,1,1,1,1,1,0.5,"{""safe_translatable"": 2}","{""candidate_safe"": 2}","{""implemented_support"": 1, ""not_implemented"": 1}","{""declared_target"": {""behaviorally_validated"": 1, ""candidate_safe"": 1, ""compile_passed"": 1, ""generated"": 1, ""implemented_support"": 1, ""policy_safe"": 1, ""total"": 1}, ""entry_point"": {""behaviorally_validated"": 0, ""candidate_safe"": 1, ""compile_passed"": 0, ""generated"": 0, ""implemented_support"": 0, ""policy_safe"": 0, ""total"": 1}, ""helper"": {""behaviorally_validated"": 0, ""candidate_safe"": 0, ""compile_passed"": 0, ""generated"": 0, ""implemented_support"": 0, ""policy_safe"": 0, ""total"": 0}, ""other"": {""behaviorally_validated"": 0, ""candidate_safe"": 0, ""compile_passed"": 0, ""generated"": 0, ""implemented_support"": 0, ""policy_safe"": 0, ""total"": 0}}",False,False,{},{},0,5,,True,,,passed,,passed,,passed,,passed,,passed,,"{""passed"": 5, ""skipped"": 1}",,0,,0,,skipped,Disabled,,,,1.0,0,0,0,0
safemap.benchmark_results.v3,2026-07-27T16:00:34Z,361f548f6a773f261ea92c2484d58ae8fdd5a98e,True,simple_divide,safemap_without_validation_feedback,completed,,/mnt/data/college/research/SafeMAP/reports/development-component-ablations/safemap_without_validation_feedback/.safemap/runs/20260727T160227Z-simple_divide-a61d9e6b,10,2,2,0,0.0,2,1.0,0,0,{},libclang,,divide_floor,safe_translatable,planned,True,True,accepted,divide_floor,1,1,1.0,"{""accepted"": 1}",2,2,2,1,1,1,1,1,1,0.5,"{""safe_translatable"": 2}","{""candidate_safe"": 2}","{""implemented_support"": 1, ""not_implemented"": 1}","{""declared_target"": {""behaviorally_validated"": 1, ""candidate_safe"": 1, ""compile_passed"": 1, ""generated"": 1, ""implemented_support"": 1, ""policy_safe"": 1, ""total"": 1}, ""entry_point"": {""behaviorally_validated"": 0, ""candidate_safe"": 1, ""compile_passed"": 0, ""generated"": 0, ""implemented_support"": 0, ""policy_safe"": 0, ""total"": 1}, ""helper"": {""behaviorally_validated"": 0, ""candidate_safe"": 0, ""compile_passed"": 0, ""generated"": 0, ""implemented_support"": 0, ""policy_safe"": 0, ""total"": 0}, ""other"": {""behaviorally_validated"": 0, ""candidate_safe"": 0, ""compile_passed"": 0, ""generated"": 0, ""implemented_support"": 0, ""policy_safe"": 0, ""total"": 0}}",False,False,{},{},0,5,,True,,,passed,,passed,,passed,,passed,,passed,,"{""passed"": 5, ""skipped"": 1}",,0,,0,,skipped,Disabled,,,,1.0,0,0,0,0
safemap.benchmark_results.v3,2026-07-27T16:00:34Z,361f548f6a773f261ea92c2484d58ae8fdd5a98e,True,simple_modulo,safemap_deterministic,completed,,/mnt/data/college/research/SafeMAP/reports/development-component-ablations/safemap_deterministic/.safemap/runs/20260727T160228Z-simple_modulo-b68cc685,10,2,2,0,0.0,2,1.0,0,0,{},libclang,,remainder_value,safe_translatable,planned,True,True,accepted,remainder_value,1,1,1.0,"{""accepted"": 1}",2,2,2,1,1,1,1,1,1,0.5,"{""safe_translatable"": 2}","{""candidate_safe"": 2}","{""implemented_support"": 1, ""not_implemented"": 1}","{""declared_target"": {""behaviorally_validated"": 1, ""candidate_safe"": 1, ""compile_passed"": 1, ""generated"": 1, ""implemented_support"": 1, ""policy_safe"": 1, ""total"": 1}, ""entry_point"": {""behaviorally_validated"": 0, ""candidate_safe"": 1, ""compile_passed"": 0, ""generated"": 0, ""implemented_support"": 0, ""policy_safe"": 0, ""total"": 1}, ""helper"": {""behaviorally_validated"": 0, ""candidate_safe"": 0, ""compile_passed"": 0, ""generated"": 0, ""implemented_support"": 0, ""policy_safe"": 0, ""total"": 0}, ""other"": {""behaviorally_validated"": 0, ""candidate_safe"": 0, ""compile_passed"": 0, ""generated"": 0, ""implemented_support"": 0, ""policy_safe"": 0, ""total"": 0}}",False,False,{},{},0,5,,True,,,passed,,passed,,passed,,passed,,passed,,"{""passed"": 5, ""skipped"": 1}",,0,,0,,skipped,Disabled,,,,1.0,0,0,0,0
safemap.benchmark_results.v3,2026-07-27T16:00:34Z,361f548f6a773f261ea92c2484d58ae8fdd5a98e,True,simple_modulo,safemap_without_pointer_roles,completed,,/mnt/data/college/research/SafeMAP/reports/development-component-ablations/safemap_without_pointer_roles/.safemap/runs/20260727T160229Z-simple_modulo-186cb0a5,10,2,2,0,0.0,2,1.0,0,0,{},libclang,,remainder_value,safe_translatable,planned,True,True,accepted,remainder_value,1,1,1.0,"{""accepted"": 1}",2,2,2,1,1,1,1,1,1,0.5,"{""safe_translatable"": 2}","{""candidate_safe"": 2}","{""implemented_support"": 1, ""not_implemented"": 1}","{""declared_target"": {""behaviorally_validated"": 1, ""candidate_safe"": 1, ""compile_passed"": 1, ""generated"": 1, ""implemented_support"": 1, ""policy_safe"": 1, ""total"": 1}, ""entry_point"": {""behaviorally_validated"": 0, ""candidate_safe"": 1, ""compile_passed"": 0, ""generated"": 0, ""implemented_support"": 0, ""policy_safe"": 0, ""total"": 1}, ""helper"": {""behaviorally_validated"": 0, ""candidate_safe"": 0, ""compile_passed"": 0, ""generated"": 0, ""implemented_support"": 0, ""policy_safe"": 0, ""total"": 0}, ""other"": {""behaviorally_validated"": 0, ""candidate_safe"": 0, ""compile_passed"": 0, ""generated"": 0, ""implemented_support"": 0, ""policy_safe"": 0, ""total"": 0}}",False,False,{},{},0,5,,True,,,passed,,passed,,passed,,passed,,passed,,"{""passed"": 5, ""skipped"": 1}",,0,,0,,skipped,Disabled,,,,1.0,0,0,0,0
safemap.benchmark_results.v3,2026-07-27T16:00:34Z,361f548f6a773f261ea92c2484d58ae8fdd5a98e,True,simple_modulo,safemap_without_safe_signatures,completed,,/mnt/data/college/research/SafeMAP/reports/development-component-ablations/safemap_without_safe_signatures/.safemap/runs/20260727T160230Z-simple_modulo-5cd36718,10,2,2,0,0.0,2,1.0,0,0,{},libclang,,remainder_value,safe_translatable,planned,True,True,accepted,remainder_value,1,1,1.0,"{""accepted"": 1}",2,2,2,1,1,1,1,1,1,0.5,"{""safe_translatable"": 2}","{""candidate_safe"": 2}","{""implemented_support"": 1, ""not_implemented"": 1}","{""declared_target"": {""behaviorally_validated"": 1, ""candidate_safe"": 1, ""compile_passed"": 1, ""generated"": 1, ""implemented_support"": 1, ""policy_safe"": 1, ""total"": 1}, ""entry_point"": {""behaviorally_validated"": 0, ""candidate_safe"": 1, ""compile_passed"": 0, ""generated"": 0, ""implemented_support"": 0, ""policy_safe"": 0, ""total"": 1}, ""helper"": {""behaviorally_validated"": 0, ""candidate_safe"": 0, ""compile_passed"": 0, ""generated"": 0, ""implemented_support"": 0, ""policy_safe"": 0, ""total"": 0}, ""other"": {""behaviorally_validated"": 0, ""candidate_safe"": 0, ""compile_passed"": 0, ""generated"": 0, ""implemented_support"": 0, ""policy_safe"": 0, ""total"": 0}}",False,False,{},{},0,5,,True,,,passed,,passed,,passed,,passed,,passed,,"{""passed"": 5, ""skipped"": 1}",,0,,0,,skipped,Disabled,,,,1.0,0,0,0,0
safemap.benchmark_results.v3,2026-07-27T16:00:34Z,361f548f6a773f261ea92c2484d58ae8fdd5a98e,True,simple_modulo,safemap_without_dependency_grouping,completed,,/mnt/data/college/research/SafeMAP/reports/development-component-ablations/safemap_without_dependency_grouping/.safemap/runs/20260727T160231Z-simple_modulo-c1876c63,10,2,2,0,0.0,2,1.0,0,0,{},libclang,,remainder_value,safe_translatable,planned,True,True,accepted,remainder_value,1,1,1.0,"{""accepted"": 1}",2,2,2,1,1,1,1,1,1,0.5,"{""safe_translatable"": 2}","{""candidate_safe"": 2}","{""implemented_support"": 1, ""not_implemented"": 1}","{""declared_target"": {""behaviorally_validated"": 1, ""candidate_safe"": 1, ""compile_passed"": 1, ""generated"": 1, ""implemented_support"": 1, ""policy_safe"": 1, ""total"": 1}, ""entry_point"": {""behaviorally_validated"": 0, ""candidate_safe"": 1, ""compile_passed"": 0, ""generated"": 0, ""implemented_support"": 0, ""policy_safe"": 0, ""total"": 1}, ""helper"": {""behaviorally_validated"": 0, ""candidate_safe"": 0, ""compile_passed"": 0, ""generated"": 0, ""implemented_support"": 0, ""policy_safe"": 0, ""total"": 0}, ""other"": {""behaviorally_validated"": 0, ""candidate_safe"": 0, ""compile_passed"": 0, ""generated"": 0, ""implemented_support"": 0, ""policy_safe"": 0, ""total"": 0}}",False,False,{},{},0,5,,True,,,passed,,passed,,passed,,passed,,passed,,"{""passed"": 5, ""skipped"": 1}",,0,,0,,skipped,Disabled,,,,1.0,0,0,0,0
safemap.benchmark_results.v3,2026-07-27T16:00:34Z,361f548f6a773f261ea92c2484d58ae8fdd5a98e,True,simple_modulo,safemap_without_idiom_plans,completed,,/mnt/data/college/research/SafeMAP/reports/development-component-ablations/safemap_without_idiom_plans/.safemap/runs/20260727T160232Z-simple_modulo-4e9d95db,10,2,2,0,0.0,2,1.0,0,0,{},libclang,,remainder_value,safe_translatable,planned,True,True,accepted,remainder_value,1,1,1.0,"{""accepted"": 1}",2,2,2,1,1,1,1,1,1,0.5,"{""safe_translatable"": 2}","{""candidate_safe"": 2}","{""implemented_support"": 1, ""not_implemented"": 1}","{""declared_target"": {""behaviorally_validated"": 1, ""candidate_safe"": 1, ""compile_passed"": 1, ""generated"": 1, ""implemented_support"": 1, ""policy_safe"": 1, ""total"": 1}, ""entry_point"": {""behaviorally_validated"": 0, ""candidate_safe"": 1, ""compile_passed"": 0, ""generated"": 0, ""implemented_support"": 0, ""policy_safe"": 0, ""total"": 1}, ""helper"": {""behaviorally_validated"": 0, ""candidate_safe"": 0, ""compile_passed"": 0, ""generated"": 0, ""implemented_support"": 0, ""policy_safe"": 0, ""total"": 0}, ""other"": {""behaviorally_validated"": 0, ""candidate_safe"": 0, ""compile_passed"": 0, ""generated"": 0, ""implemented_support"": 0, ""policy_safe"": 0, ""total"": 0}}",False,False,{},{},0,5,,True,,,passed,,passed,,passed,,passed,,passed,,"{""passed"": 5, ""skipped"": 1}",,0,,0,,skipped,Disabled,,,,1.0,0,0,0,0
safemap.benchmark_results.v3,2026-07-27T16:00:34Z,361f548f6a773f261ea92c2484d58ae8fdd5a98e,True,simple_modulo,safemap_without_validation_feedback,completed,,/mnt/data/college/research/SafeMAP/reports/development-component-ablations/safemap_without_validation_feedback/.safemap/runs/20260727T160233Z-simple_modulo-4d33fb97,10,2,2,0,0.0,2,1.0,0,0,{},libclang,,remainder_value,safe_translatable,planned,True,True,accepted,remainder_value,1,1,1.0,"{""accepted"": 1}",2,2,2,1,1,1,1,1,1,0.5,"{""safe_translatable"": 2}","{""candidate_safe"": 2}","{""implemented_support"": 1, ""not_implemented"": 1}","{""declared_target"": {""behaviorally_validated"": 1, ""candidate_safe"": 1, ""compile_passed"": 1, ""generated"": 1, ""implemented_support"": 1, ""policy_safe"": 1, ""total"": 1}, ""entry_point"": {""behaviorally_validated"": 0, ""candidate_safe"": 1, ""compile_passed"": 0, ""generated"": 0, ""implemented_support"": 0, ""policy_safe"": 0, ""total"": 1}, ""helper"": {""behaviorally_validated"": 0, ""candidate_safe"": 0, ""compile_passed"": 0, ""generated"": 0, ""implemented_support"": 0, ""policy_safe"": 0, ""total"": 0}, ""other"": {""behaviorally_validated"": 0, ""candidate_safe"": 0, ""compile_passed"": 0, ""generated"": 0, ""implemented_support"": 0, ""policy_safe"": 0, ""total"": 0}}",False,False,{},{},0,5,,True,,,passed,,passed,,passed,,passed,,passed,,"{""passed"": 5, ""skipped"": 1}",,0,,0,,skipped,Disabled,,,,1.0,0,0,0,0
safemap.benchmark_results.v3,2026-07-27T16:00:34Z,361f548f6a773f261ea92c2484d58ae8fdd5a98e,True,simple_multiply,safemap_deterministic,completed,,/mnt/data/college/research/SafeMAP/reports/development-component-ablations/safemap_deterministic/.safemap/runs/20260727T160234Z-simple_multiply-dff90e92,10,2,2,0,0.0,2,1.0,0,0,{},libclang,,multiply,safe_translatable,planned,True,True,accepted,multiply,1,1,1.0,"{""accepted"": 1}",2,2,2,1,1,1,1,1,1,0.5,"{""safe_translatable"": 2}","{""candidate_safe"": 2}","{""implemented_support"": 1, ""not_implemented"": 1}","{""declared_target"": {""behaviorally_validated"": 1, ""candidate_safe"": 1, ""compile_passed"": 1, ""generated"": 1, ""implemented_support"": 1, ""policy_safe"": 1, ""total"": 1}, ""entry_point"": {""behaviorally_validated"": 0, ""candidate_safe"": 1, ""compile_passed"": 0, ""generated"": 0, ""implemented_support"": 0, ""policy_safe"": 0, ""total"": 1}, ""helper"": {""behaviorally_validated"": 0, ""candidate_safe"": 0, ""compile_passed"": 0, ""generated"": 0, ""implemented_support"": 0, ""policy_safe"": 0, ""total"": 0}, ""other"": {""behaviorally_validated"": 0, ""candidate_safe"": 0, ""compile_passed"": 0, ""generated"": 0, ""implemented_support"": 0, ""policy_safe"": 0, ""total"": 0}}",False,False,{},{},0,5,,True,,,passed,,passed,,passed,,passed,,passed,,"{""passed"": 5, ""skipped"": 1}",,0,,0,,skipped,Disabled,,,,1.0,0,0,0,0
safemap.benchmark_results.v3,2026-07-27T16:00:34Z,361f548f6a773f261ea92c2484d58ae8fdd5a98e,True,simple_multiply,safemap_without_pointer_roles,completed,,/mnt/data/college/research/SafeMAP/reports/development-component-ablations/safemap_without_pointer_roles/.safemap/runs/20260727T160236Z-simple_multiply-228444b2,10,2,2,0,0.0,2,1.0,0,0,{},libclang,,multiply,safe_translatable,planned,True,True,accepted,multiply,1,1,1.0,"{""accepted"": 1}",2,2,2,1,1,1,1,1,1,0.5,"{""safe_translatable"": 2}","{""candidate_safe"": 2}","{""implemented_support"": 1, ""not_implemented"": 1}","{""declared_target"": {""behaviorally_validated"": 1, ""candidate_safe"": 1, ""compile_passed"": 1, ""generated"": 1, ""implemented_support"": 1, ""policy_safe"": 1, ""total"": 1}, ""entry_point"": {""behaviorally_validated"": 0, ""candidate_safe"": 1, ""compile_passed"": 0, ""generated"": 0, ""implemented_support"": 0, ""policy_safe"": 0, ""total"": 1}, ""helper"": {""behaviorally_validated"": 0, ""candidate_safe"": 0, ""compile_passed"": 0, ""generated"": 0, ""implemented_support"": 0, ""policy_safe"": 0, ""total"": 0}, ""other"": {""behaviorally_validated"": 0, ""candidate_safe"": 0, ""compile_passed"": 0, ""generated"": 0, ""implemented_support"": 0, ""policy_safe"": 0, ""total"": 0}}",False,False,{},{},0,5,,True,,,passed,,passed,,passed,,passed,,passed,,"{""passed"": 5, ""skipped"": 1}",,0,,0,,skipped,Disabled,,,,1.0,0,0,0,0
safemap.benchmark_results.v3,2026-07-27T16:00:34Z,361f548f6a773f261ea92c2484d58ae8fdd5a98e,True,simple_multiply,safemap_without_safe_signatures,completed,,/mnt/data/college/research/SafeMAP/reports/development-component-ablations/safemap_without_safe_signatures/.safemap/runs/20260727T160237Z-simple_multiply-c6a0d772,10,2,2,0,0.0,2,1.0,0,0,{},libclang,,multiply,safe_translatable,planned,True,True,accepted,multiply,1,1,1.0,"{""accepted"": 1}",2,2,2,1,1,1,1,1,1,0.5,"{""safe_translatable"": 2}","{""candidate_safe"": 2}","{""implemented_support"": 1, ""not_implemented"": 1}","{""declared_target"": {""behaviorally_validated"": 1, ""candidate_safe"": 1, ""compile_passed"": 1, ""generated"": 1, ""implemented_support"": 1, ""policy_safe"": 1, ""total"": 1}, ""entry_point"": {""behaviorally_validated"": 0, ""candidate_safe"": 1, ""compile_passed"": 0, ""generated"": 0, ""implemented_support"": 0, ""policy_safe"": 0, ""total"": 1}, ""helper"": {""behaviorally_validated"": 0, ""candidate_safe"": 0, ""compile_passed"": 0, ""generated"": 0, ""implemented_support"": 0, ""policy_safe"": 0, ""total"": 0}, ""other"": {""behaviorally_validated"": 0, ""candidate_safe"": 0, ""compile_passed"": 0, ""generated"": 0, ""implemented_support"": 0, ""policy_safe"": 0, ""total"": 0}}",False,False,{},{},0,5,,True,,,passed,,passed,,passed,,passed,,passed,,"{""passed"": 5, ""skipped"": 1}",,0,,0,,skipped,Disabled,,,,1.0,0,0,0,0
safemap.benchmark_results.v3,2026-07-27T16:00:34Z,361f548f6a773f261ea92c2484d58ae8fdd5a98e,True,simple_multiply,safemap_without_dependency_grouping,completed,,/mnt/data/college/research/SafeMAP/reports/development-component-ablations/safemap_without_dependency_grouping/.safemap/runs/20260727T160238Z-simple_multiply-c422f7ce,10,2,2,0,0.0,2,1.0,0,0,{},libclang,,multiply,safe_translatable,planned,True,True,accepted,multiply,1,1,1.0,"{""accepted"": 1}",2,2,2,1,1,1,1,1,1,0.5,"{""safe_translatable"": 2}","{""candidate_safe"": 2}","{""implemented_support"": 1, ""not_implemented"": 1}","{""declared_target"": {""behaviorally_validated"": 1, ""candidate_safe"": 1, ""compile_passed"": 1, ""generated"": 1, ""implemented_support"": 1, ""policy_safe"": 1, ""total"": 1}, ""entry_point"": {""behaviorally_validated"": 0, ""candidate_safe"": 1, ""compile_passed"": 0, ""generated"": 0, ""implemented_support"": 0, ""policy_safe"": 0, ""total"": 1}, ""helper"": {""behaviorally_validated"": 0, ""candidate_safe"": 0, ""compile_passed"": 0, ""generated"": 0, ""implemented_support"": 0, ""policy_safe"": 0, ""total"": 0}, ""other"": {""behaviorally_validated"": 0, ""candidate_safe"": 0, ""compile_passed"": 0, ""generated"": 0, ""implemented_support"": 0, ""policy_safe"": 0, ""total"": 0}}",False,False,{},{},0,5,,True,,,passed,,passed,,passed,,passed,,passed,,"{""passed"": 5, ""skipped"": 1}",,0,,0,,skipped,Disabled,,,,1.0,0,0,0,0
safemap.benchmark_results.v3,2026-07-27T16:00:34Z,361f548f6a773f261ea92c2484d58ae8fdd5a98e,True,simple_multiply,safemap_without_idiom_plans,completed,,/mnt/data/college/research/SafeMAP/reports/development-component-ablations/safemap_without_idiom_plans/.safemap/runs/20260727T160239Z-simple_multiply-65fdc8ed,10,2,2,0,0.0,2,1.0,0,0,{},libclang,,multiply,safe_translatable,planned,True,True,accepted,multiply,1,1,1.0,"{""accepted"": 1}",2,2,2,1,1,1,1,1,1,0.5,"{""safe_translatable"": 2}","{""candidate_safe"": 2}","{""implemented_support"": 1, ""not_implemented"": 1}","{""declared_target"": {""behaviorally_validated"": 1, ""candidate_safe"": 1, ""compile_passed"": 1, ""generated"": 1, ""implemented_support"": 1, ""policy_safe"": 1, ""total"": 1}, ""entry_point"": {""behaviorally_validated"": 0, ""candidate_safe"": 1, ""compile_passed"": 0, ""generated"": 0, ""implemented_support"": 0, ""policy_safe"": 0, ""total"": 1}, ""helper"": {""behaviorally_validated"": 0, ""candidate_safe"": 0, ""compile_passed"": 0, ""generated"": 0, ""implemented_support"": 0, ""policy_safe"": 0, ""total"": 0}, ""other"": {""behaviorally_validated"": 0, ""candidate_safe"": 0, ""compile_passed"": 0, ""generated"": 0, ""implemented_support"": 0, ""policy_safe"": 0, ""total"": 0}}",False,False,{},{},0,5,,True,,,passed,,passed,,passed,,passed,,passed,,"{""passed"": 5, ""skipped"": 1}",,0,,0,,skipped,Disabled,,,,1.0,0,0,0,0
safemap.benchmark_results.v3,2026-07-27T16:00:34Z,361f548f6a773f261ea92c2484d58ae8fdd5a98e,True,simple_multiply,safemap_without_validation_feedback,completed,,/mnt/data/college/research/SafeMAP/reports/development-component-ablations/safemap_without_validation_feedback/.safemap/runs/20260727T160240Z-simple_multiply-265ac198,10,2,2,0,0.0,2,1.0,0,0,{},libclang,,multiply,safe_translatable,planned,True,True,accepted,multiply,1,1,1.0,"{""accepted"": 1}",2,2,2,1,1,1,1,1,1,0.5,"{""safe_translatable"": 2}","{""candidate_safe"": 2}","{""implemented_support"": 1, ""not_implemented"": 1}","{""declared_target"": {""behaviorally_validated"": 1, ""candidate_safe"": 1, ""compile_passed"": 1, ""generated"": 1, ""implemented_support"": 1, ""policy_safe"": 1, ""total"": 1}, ""entry_point"": {""behaviorally_validated"": 0, ""candidate_safe"": 1, ""compile_passed"": 0, ""generated"": 0, ""implemented_support"": 0, ""policy_safe"": 0, ""total"": 1}, ""helper"": {""behaviorally_validated"": 0, ""candidate_safe"": 0, ""compile_passed"": 0, ""generated"": 0, ""implemented_support"": 0, ""policy_safe"": 0, ""total"": 0}, ""other"": {""behaviorally_validated"": 0, ""candidate_safe"": 0, ""compile_passed"": 0, ""generated"": 0, ""implemented_support"": 0, ""policy_safe"": 0, ""total"": 0}}",False,False,{},{},0,5,,True,,,passed,,passed,,passed,,passed,,passed,,"{""passed"": 5, ""skipped"": 1}",,0,,0,,skipped,Disabled,,,,1.0,0,0,0,0
safemap.benchmark_results.v3,2026-07-27T16:00:34Z,361f548f6a773f261ea92c2484d58ae8fdd5a98e,True,simple_pointer,safemap_deterministic,completed,,/mnt/data/college/research/SafeMAP/reports/development-component-ablations/safemap_deterministic/.safemap/runs/20260727T160241Z-simple_pointer-0ef6dcc3,13,2,1,1,1.0,2,1.0,0,0,{},libclang,,increment,safe_translatable_with_api_change,planned,True,True,accepted,increment,1,1,1.0,"{""accepted"": 1}",2,2,2,1,1,1,1,1,1,0.5,"{""safe_translatable"": 1, ""safe_translatable_with_api_change"": 1}","{""candidate_safe"": 2}","{""implemented_support"": 1, ""not_implemented"": 1}","{""declared_target"": {""behaviorally_validated"": 1, ""candidate_safe"": 1, ""compile_passed"": 1, ""generated"": 1, ""implemented_support"": 1, ""policy_safe"": 1, ""total"": 1}, ""entry_point"": {""behaviorally_validated"": 0, ""candidate_safe"": 1, ""compile_passed"": 0, ""generated"": 0, ""implemented_support"": 0, ""policy_safe"": 0, ""total"": 1}, ""helper"": {""behaviorally_validated"": 0, ""candidate_safe"": 0, ""compile_passed"": 0, ""generated"": 0, ""implemented_support"": 0, ""policy_safe"": 0, ""total"": 0}, ""other"": {""behaviorally_validated"": 0, ""candidate_safe"": 0, ""compile_passed"": 0, ""generated"": 0, ""implemented_support"": 0, ""policy_safe"": 0, ""total"": 0}}",False,False,"{""output_parameter"": {""accepted"": 1, ""planned"": 1}}",{},0,5,,True,,,passed,,passed,,passed,,passed,,passed,,"{""passed"": 5, ""skipped"": 1}",,0,,0,,skipped,Disabled,,,,1.0,0,0,0,0
safemap.benchmark_results.v3,2026-07-27T16:00:34Z,361f548f6a773f261ea92c2484d58ae8fdd5a98e,True,simple_pointer,safemap_without_pointer_roles,no_supported_synthesis,No output remained when the pointer roles component was disabled.,/mnt/data/college/research/SafeMAP/reports/development-component-ablations/safemap_without_pointer_roles/.safemap/runs/20260727T160242Z-simple_pointer-08997119,13,2,1,1,1.0,2,1.0,0,0,{},libclang,,increment,safe_translatable_with_api_change,planned,True,False,not_accepted,increment,1,0,0.0,"{""not_accepted"": 1}",2,2,2,0,0,0,0,0,0,0.0,"{""safe_translatable"": 1, ""safe_translatable_with_api_change"": 1}","{""candidate_safe"": 2}","{""not_implemented"": 2}","{""declared_target"": {""behaviorally_validated"": 0, ""candidate_safe"": 1, ""compile_passed"": 0, ""generated"": 0, ""implemented_support"": 0, ""policy_safe"": 0, ""total"": 1}, ""entry_point"": {""behaviorally_validated"": 0, ""candidate_safe"": 1, ""compile_passed"": 0, ""generated"": 0, ""implemented_support"": 0, ""policy_safe"": 0, ""total"": 1}, ""helper"": {""behaviorally_validated"": 0, ""candidate_safe"": 0, ""compile_passed"": 0, ""generated"": 0, ""implemented_support"": 0, ""policy_safe"": 0, ""total"": 0}, ""other"": {""behaviorally_validated"": 0, ""candidate_safe"": 0, ""compile_passed"": 0, ""generated"": 0, ""implemented_support"": 0, ""policy_safe"": 0, ""total"": 0}}",False,False,"{""output_parameter"": {""accepted"": 0, ""planned"": 1}}",{},0,0,,,,,,,,,,,,,,,{},,,,,,,,,,,,0,0,0,0
safemap.benchmark_results.v3,2026-07-27T16:00:34Z,361f548f6a773f261ea92c2484d58ae8fdd5a98e,True,simple_pointer,safemap_without_safe_signatures,completed,,/mnt/data/college/research/SafeMAP/reports/development-component-ablations/safemap_without_safe_signatures/.safemap/runs/20260727T160242Z-simple_pointer-1c344f9f,13,2,1,1,1.0,2,1.0,0,0,{},libclang,,increment,safe_translatable_with_api_change,planned,True,False,not_accepted,increment,1,0,0.0,"{""not_accepted"": 1}",2,2,2,1,1,0,0,0,0,0.0,"{""safe_translatable"": 1, ""safe_translatable_with_api_change"": 1}","{""candidate_safe"": 2}","{""implemented_support"": 1, ""not_implemented"": 1}","{""declared_target"": {""behaviorally_validated"": 0, ""candidate_safe"": 1, ""compile_passed"": 0, ""generated"": 1, ""implemented_support"": 1, ""policy_safe"": 0, ""total"": 1}, ""entry_point"": {""behaviorally_validated"": 0, ""candidate_safe"": 1, ""compile_passed"": 0, ""generated"": 0, ""implemented_support"": 0, ""policy_safe"": 0, ""total"": 1}, ""helper"": {""behaviorally_validated"": 0, ""candidate_safe"": 0, ""compile_passed"": 0, ""generated"": 0, ""implemented_support"": 0, ""policy_safe"": 0, ""total"": 0}, ""other"": {""behaviorally_validated"": 0, ""candidate_safe"": 0, ""compile_passed"": 0, ""generated"": 0, ""implemented_support"": 0, ""policy_safe"": 0, ""total"": 0}}",False,False,"{""output_parameter"": {""accepted"": 0, ""planned"": 1}}","{""validation_failed"": 1}",0,5,,False,,,failed,,failed,,failed,,failed,Could not build translated Rust program,passed,,"{""failed"": 4, ""passed"": 1, ""skipped"": 1}",,0,,1,,skipped,Disabled,,,,,0,0,0,0
safemap.benchmark_results.v3,2026-07-27T16:00:34Z,361f548f6a773f261ea92c2484d58ae8fdd5a98e,True,simple_pointer,safemap_without_dependency_grouping,completed,,/mnt/data/college/research/SafeMAP/reports/development-component-ablations/safemap_without_dependency_grouping/.safemap/runs/20260727T160243Z-simple_pointer-8ec90ede,13,2,1,1,1.0,2,1.0,0,0,{},libclang,,increment,safe_translatable_with_api_change,planned,True,True,accepted,increment,1,1,1.0,"{""accepted"": 1}",2,2,2,1,1,1,1,1,1,0.5,"{""safe_translatable"": 1, ""safe_translatable_with_api_change"": 1}","{""candidate_safe"": 2}","{""implemented_support"": 1, ""not_implemented"": 1}","{""declared_target"": {""behaviorally_validated"": 1, ""candidate_safe"": 1, ""compile_passed"": 1, ""generated"": 1, ""implemented_support"": 1, ""policy_safe"": 1, ""total"": 1}, ""entry_point"": {""behaviorally_validated"": 0, ""candidate_safe"": 1, ""compile_passed"": 0, ""generated"": 0, ""implemented_support"": 0, ""policy_safe"": 0, ""total"": 1}, ""helper"": {""behaviorally_validated"": 0, ""candidate_safe"": 0, ""compile_passed"": 0, ""generated"": 0, ""implemented_support"": 0, ""policy_safe"": 0, ""total"": 0}, ""other"": {""behaviorally_validated"": 0, ""candidate_safe"": 0, ""compile_passed"": 0, ""generated"": 0, ""implemented_support"": 0, ""policy_safe"": 0, ""total"": 0}}",False,False,"{""output_parameter"": {""accepted"": 1, ""planned"": 1}}",{},0,5,,True,,,passed,,passed,,passed,,passed,,passed,,"{""passed"": 5, ""skipped"": 1}",,0,,0,,skipped,Disabled,,,,1.0,0,0,0,0
safemap.benchmark_results.v3,2026-07-27T16:00:34Z,361f548f6a773f261ea92c2484d58ae8fdd5a98e,True,simple_pointer,safemap_without_idiom_plans,no_supported_synthesis,No output remained when the idiom plans component was disabled.,/mnt/data/college/research/SafeMAP/reports/development-component-ablations/safemap_without_idiom_plans/.safemap/runs/20260727T160244Z-simple_pointer-9079b04b,13,2,1,1,1.0,2,1.0,0,0,{},libclang,,increment,safe_translatable_with_api_change,rejected,True,False,safe_translatable_with_api_change,increment,1,0,0.0,"{""safe_translatable_with_api_change"": 1}",2,2,2,0,0,0,0,0,0,0.0,"{""safe_translatable"": 1, ""safe_translatable_with_api_change"": 1}","{""candidate_safe"": 2}","{""not_implemented"": 2}","{""declared_target"": {""behaviorally_validated"": 0, ""candidate_safe"": 1, ""compile_passed"": 0, ""generated"": 0, ""implemented_support"": 0, ""policy_safe"": 0, ""total"": 1}, ""entry_point"": {""behaviorally_validated"": 0, ""candidate_safe"": 1, ""compile_passed"": 0, ""generated"": 0, ""implemented_support"": 0, ""policy_safe"": 0, ""total"": 1}, ""helper"": {""behaviorally_validated"": 0, ""candidate_safe"": 0, ""compile_passed"": 0, ""generated"": 0, ""implemented_support"": 0, ""policy_safe"": 0, ""total"": 0}, ""other"": {""behaviorally_validated"": 0, ""candidate_safe"": 0, ""compile_passed"": 0, ""generated"": 0, ""implemented_support"": 0, ""policy_safe"": 0, ""total"": 0}}",False,False,{},{},0,0,,,,,,,,,,,,,,,{},,,,,,,,,,,,0,0,0,0
safemap.benchmark_results.v3,2026-07-27T16:00:34Z,361f548f6a773f261ea92c2484d58ae8fdd5a98e,True,simple_pointer,safemap_without_validation_feedback,completed,,/mnt/data/college/research/SafeMAP/reports/development-component-ablations/safemap_without_validation_feedback/.safemap/runs/20260727T160244Z-simple_pointer-86175270,13,2,1,1,1.0,2,1.0,0,0,{},libclang,,increment,safe_translatable_with_api_change,planned,True,True,accepted,increment,1,1,1.0,"{""accepted"": 1}",2,2,2,1,1,1,1,1,1,0.5,"{""safe_translatable"": 1, ""safe_translatable_with_api_change"": 1}","{""candidate_safe"": 2}","{""implemented_support"": 1, ""not_implemented"": 1}","{""declared_target"": {""behaviorally_validated"": 1, ""candidate_safe"": 1, ""compile_passed"": 1, ""generated"": 1, ""implemented_support"": 1, ""policy_safe"": 1, ""total"": 1}, ""entry_point"": {""behaviorally_validated"": 0, ""candidate_safe"": 1, ""compile_passed"": 0, ""generated"": 0, ""implemented_support"": 0, ""policy_safe"": 0, ""total"": 1}, ""helper"": {""behaviorally_validated"": 0, ""candidate_safe"": 0, ""compile_passed"": 0, ""generated"": 0, ""implemented_support"": 0, ""policy_safe"": 0, ""total"": 0}, ""other"": {""behaviorally_validated"": 0, ""candidate_safe"": 0, ""compile_passed"": 0, ""generated"": 0, ""implemented_support"": 0, ""policy_safe"": 0, ""total"": 0}}",False,False,"{""output_parameter"": {""accepted"": 1, ""planned"": 1}}",{},0,5,,True,,,passed,,passed,,passed,,passed,,passed,,"{""passed"": 5, ""skipped"": 1}",,0,,0,,skipped,Disabled,,,,1.0,0,0,0,0
safemap.benchmark_results.v3,2026-07-27T16:00:34Z,361f548f6a773f261ea92c2484d58ae8fdd5a98e,True,simple_pointer_decrement,safemap_deterministic,completed,,/mnt/data/college/research/SafeMAP/reports/development-component-ablations/safemap_deterministic/.safemap/runs/20260727T160245Z-simple_pointer_decrement-782e83f5,12,2,1,1,1.0,2,1.0,0,0,{},libclang,,decrement,safe_translatable_with_api_change,planned,True,True,accepted,decrement,1,1,1.0,"{""accepted"": 1}",2,2,2,1,1,1,1,1,1,0.5,"{""safe_translatable"": 1, ""safe_translatable_with_api_change"": 1}","{""candidate_safe"": 2}","{""implemented_support"": 1, ""not_implemented"": 1}","{""declared_target"": {""behaviorally_validated"": 1, ""candidate_safe"": 1, ""compile_passed"": 1, ""generated"": 1, ""implemented_support"": 1, ""policy_safe"": 1, ""total"": 1}, ""entry_point"": {""behaviorally_validated"": 0, ""candidate_safe"": 1, ""compile_passed"": 0, ""generated"": 0, ""implemented_support"": 0, ""policy_safe"": 0, ""total"": 1}, ""helper"": {""behaviorally_validated"": 0, ""candidate_safe"": 0, ""compile_passed"": 0, ""generated"": 0, ""implemented_support"": 0, ""policy_safe"": 0, ""total"": 0}, ""other"": {""behaviorally_validated"": 0, ""candidate_safe"": 0, ""compile_passed"": 0, ""generated"": 0, ""implemented_support"": 0, ""policy_safe"": 0, ""total"": 0}}",False,False,"{""output_parameter"": {""accepted"": 1, ""planned"": 1}}",{},0,5,,True,,,passed,,passed,,passed,,passed,,passed,,"{""passed"": 5, ""skipped"": 1}",,0,,0,,skipped,Disabled,,,,1.0,0,0,0,0
safemap.benchmark_results.v3,2026-07-27T16:00:34Z,361f548f6a773f261ea92c2484d58ae8fdd5a98e,True,simple_pointer_decrement,safemap_without_pointer_roles,no_supported_synthesis,No output remained when the pointer roles component was disabled.,/mnt/data/college/research/SafeMAP/reports/development-component-ablations/safemap_without_pointer_roles/.safemap/runs/20260727T160246Z-simple_pointer_decrement-20fa3c1c,12,2,1,1,1.0,2,1.0,0,0,{},libclang,,decrement,safe_translatable_with_api_change,planned,True,False,not_accepted,decrement,1,0,0.0,"{""not_accepted"": 1}",2,2,2,0,0,0,0,0,0,0.0,"{""safe_translatable"": 1, ""safe_translatable_with_api_change"": 1}","{""candidate_safe"": 2}","{""not_implemented"": 2}","{""declared_target"": {""behaviorally_validated"": 0, ""candidate_safe"": 1, ""compile_passed"": 0, ""generated"": 0, ""implemented_support"": 0, ""policy_safe"": 0, ""total"": 1}, ""entry_point"": {""behaviorally_validated"": 0, ""candidate_safe"": 1, ""compile_passed"": 0, ""generated"": 0, ""implemented_support"": 0, ""policy_safe"": 0, ""total"": 1}, ""helper"": {""behaviorally_validated"": 0, ""candidate_safe"": 0, ""compile_passed"": 0, ""generated"": 0, ""implemented_support"": 0, ""policy_safe"": 0, ""total"": 0}, ""other"": {""behaviorally_validated"": 0, ""candidate_safe"": 0, ""compile_passed"": 0, ""generated"": 0, ""implemented_support"": 0, ""policy_safe"": 0, ""total"": 0}}",False,False,"{""output_parameter"": {""accepted"": 0, ""planned"": 1}}",{},0,0,,,,,,,,,,,,,,,{},,,,,,,,,,,,0,0,0,0
safemap.benchmark_results.v3,2026-07-27T16:00:34Z,361f548f6a773f261ea92c2484d58ae8fdd5a98e,True,simple_pointer_decrement,safemap_without_safe_signatures,completed,,/mnt/data/college/research/SafeMAP/reports/development-component-ablations/safemap_without_safe_signatures/.safemap/runs/20260727T160246Z-simple_pointer_decrement-c7d8aed4,12,2,1,1,1.0,2,1.0,0,0,{},libclang,,decrement,safe_translatable_with_api_change,planned,True,False,not_accepted,decrement,1,0,0.0,"{""not_accepted"": 1}",2,2,2,1,1,0,0,0,0,0.0,"{""safe_translatable"": 1, ""safe_translatable_with_api_change"": 1}","{""candidate_safe"": 2}","{""implemented_support"": 1, ""not_implemented"": 1}","{""declared_target"": {""behaviorally_validated"": 0, ""candidate_safe"": 1, ""compile_passed"": 0, ""generated"": 1, ""implemented_support"": 1, ""policy_safe"": 0, ""total"": 1}, ""entry_point"": {""behaviorally_validated"": 0, ""candidate_safe"": 1, ""compile_passed"": 0, ""generated"": 0, ""implemented_support"": 0, ""policy_safe"": 0, ""total"": 1}, ""helper"": {""behaviorally_validated"": 0, ""candidate_safe"": 0, ""compile_passed"": 0, ""generated"": 0, ""implemented_support"": 0, ""policy_safe"": 0, ""total"": 0}, ""other"": {""behaviorally_validated"": 0, ""candidate_safe"": 0, ""compile_passed"": 0, ""generated"": 0, ""implemented_support"": 0, ""policy_safe"": 0, ""total"": 0}}",False,False,"{""output_parameter"": {""accepted"": 0, ""planned"": 1}}","{""validation_failed"": 1}",0,5,,False,,,failed,,failed,,failed,,failed,Could not build translated Rust program,passed,,"{""failed"": 4, ""passed"": 1, ""skipped"": 1}",,0,,1,,skipped,Disabled,,,,,0,0,0,0
safemap.benchmark_results.v3,2026-07-27T16:00:34Z,361f548f6a773f261ea92c2484d58ae8fdd5a98e,True,simple_pointer_decrement,safemap_without_dependency_grouping,completed,,/mnt/data/college/research/SafeMAP/reports/development-component-ablations/safemap_without_dependency_grouping/.safemap/runs/20260727T160247Z-simple_pointer_decrement-d56a1b04,12,2,1,1,1.0,2,1.0,0,0,{},libclang,,decrement,safe_translatable_with_api_change,planned,True,True,accepted,decrement,1,1,1.0,"{""accepted"": 1}",2,2,2,1,1,1,1,1,1,0.5,"{""safe_translatable"": 1, ""safe_translatable_with_api_change"": 1}","{""candidate_safe"": 2}","{""implemented_support"": 1, ""not_implemented"": 1}","{""declared_target"": {""behaviorally_validated"": 1, ""candidate_safe"": 1, ""compile_passed"": 1, ""generated"": 1, ""implemented_support"": 1, ""policy_safe"": 1, ""total"": 1}, ""entry_point"": {""behaviorally_validated"": 0, ""candidate_safe"": 1, ""compile_passed"": 0, ""generated"": 0, ""implemented_support"": 0, ""policy_safe"": 0, ""total"": 1}, ""helper"": {""behaviorally_validated"": 0, ""candidate_safe"": 0, ""compile_passed"": 0, ""generated"": 0, ""implemented_support"": 0, ""policy_safe"": 0, ""total"": 0}, ""other"": {""behaviorally_validated"": 0, ""candidate_safe"": 0, ""compile_passed"": 0, ""generated"": 0, ""implemented_support"": 0, ""policy_safe"": 0, ""total"": 0}}",False,False,"{""output_parameter"": {""accepted"": 1, ""planned"": 1}}",{},0,5,,True,,,passed,,passed,,passed,,passed,,passed,,"{""passed"": 5, ""skipped"": 1}",,0,,0,,skipped,Disabled,,,,1.0,0,0,0,0
safemap.benchmark_results.v3,2026-07-27T16:00:34Z,361f548f6a773f261ea92c2484d58ae8fdd5a98e,True,simple_pointer_decrement,safemap_without_idiom_plans,no_supported_synthesis,No output remained when the idiom plans component was disabled.,/mnt/data/college/research/SafeMAP/reports/development-component-ablations/safemap_without_idiom_plans/.safemap/runs/20260727T160248Z-simple_pointer_decrement-07b38d88,12,2,1,1,1.0,2,1.0,0,0,{},libclang,,decrement,safe_translatable_with_api_change,rejected,True,False,safe_translatable_with_api_change,decrement,1,0,0.0,"{""safe_translatable_with_api_change"": 1}",2,2,2,0,0,0,0,0,0,0.0,"{""safe_translatable"": 1, ""safe_translatable_with_api_change"": 1}","{""candidate_safe"": 2}","{""not_implemented"": 2}","{""declared_target"": {""behaviorally_validated"": 0, ""candidate_safe"": 1, ""compile_passed"": 0, ""generated"": 0, ""implemented_support"": 0, ""policy_safe"": 0, ""total"": 1}, ""entry_point"": {""behaviorally_validated"": 0, ""candidate_safe"": 1, ""compile_passed"": 0, ""generated"": 0, ""implemented_support"": 0, ""policy_safe"": 0, ""total"": 1}, ""helper"": {""behaviorally_validated"": 0, ""candidate_safe"": 0, ""compile_passed"": 0, ""generated"": 0, ""implemented_support"": 0, ""policy_safe"": 0, ""total"": 0}, ""other"": {""behaviorally_validated"": 0, ""candidate_safe"": 0, ""compile_passed"": 0, ""generated"": 0, ""implemented_support"": 0, ""policy_safe"": 0, ""total"": 0}}",False,False,{},{},0,0,,,,,,,,,,,,,,,{},,,,,,,,,,,,0,0,0,0
safemap.benchmark_results.v3,2026-07-27T16:00:34Z,361f548f6a773f261ea92c2484d58ae8fdd5a98e,True,simple_pointer_decrement,safemap_without_validation_feedback,completed,,/mnt/data/college/research/SafeMAP/reports/development-component-ablations/safemap_without_validation_feedback/.safemap/runs/20260727T160248Z-simple_pointer_decrement-c248d7a0,12,2,1,1,1.0,2,1.0,0,0,{},libclang,,decrement,safe_translatable_with_api_change,planned,True,True,accepted,decrement,1,1,1.0,"{""accepted"": 1}",2,2,2,1,1,1,1,1,1,0.5,"{""safe_translatable"": 1, ""safe_translatable_with_api_change"": 1}","{""candidate_safe"": 2}","{""implemented_support"": 1, ""not_implemented"": 1}","{""declared_target"": {""behaviorally_validated"": 1, ""candidate_safe"": 1, ""compile_passed"": 1, ""generated"": 1, ""implemented_support"": 1, ""policy_safe"": 1, ""total"": 1}, ""entry_point"": {""behaviorally_validated"": 0, ""candidate_safe"": 1, ""compile_passed"": 0, ""generated"": 0, ""implemented_support"": 0, ""policy_safe"": 0, ""total"": 1}, ""helper"": {""behaviorally_validated"": 0, ""candidate_safe"": 0, ""compile_passed"": 0, ""generated"": 0, ""implemented_support"": 0, ""policy_safe"": 0, ""total"": 0}, ""other"": {""behaviorally_validated"": 0, ""candidate_safe"": 0, ""compile_passed"": 0, ""generated"": 0, ""implemented_support"": 0, ""policy_safe"": 0, ""total"": 0}}",False,False,"{""output_parameter"": {""accepted"": 1, ""planned"": 1}}",{},0,5,,True,,,passed,,passed,,passed,,passed,,passed,,"{""passed"": 5, ""skipped"": 1}",,0,,0,,skipped,Disabled,,,,1.0,0,0,0,0
safemap.benchmark_results.v3,2026-07-27T16:00:34Z,361f548f6a773f261ea92c2484d58ae8fdd5a98e,True,simple_pointer_double,safemap_deterministic,completed,,/mnt/data/college/research/SafeMAP/reports/development-component-ablations/safemap_deterministic/.safemap/runs/20260727T160249Z-simple_pointer_double-7c9f4a4f,12,2,1,1,1.0,2,1.0,0,0,{},libclang,,double_in_place,safe_translatable_with_api_change,planned,True,True,accepted,double_in_place,1,1,1.0,"{""accepted"": 1}",2,2,2,1,1,1,1,1,1,0.5,"{""safe_translatable"": 1, ""safe_translatable_with_api_change"": 1}","{""candidate_safe"": 2}","{""implemented_support"": 1, ""not_implemented"": 1}","{""declared_target"": {""behaviorally_validated"": 1, ""candidate_safe"": 1, ""compile_passed"": 1, ""generated"": 1, ""implemented_support"": 1, ""policy_safe"": 1, ""total"": 1}, ""entry_point"": {""behaviorally_validated"": 0, ""candidate_safe"": 1, ""compile_passed"": 0, ""generated"": 0, ""implemented_support"": 0, ""policy_safe"": 0, ""total"": 1}, ""helper"": {""behaviorally_validated"": 0, ""candidate_safe"": 0, ""compile_passed"": 0, ""generated"": 0, ""implemented_support"": 0, ""policy_safe"": 0, ""total"": 0}, ""other"": {""behaviorally_validated"": 0, ""candidate_safe"": 0, ""compile_passed"": 0, ""generated"": 0, ""implemented_support"": 0, ""policy_safe"": 0, ""total"": 0}}",False,False,"{""output_parameter"": {""accepted"": 1, ""planned"": 1}}",{},0,5,,True,,,passed,,passed,,passed,,passed,,passed,,"{""passed"": 5, ""skipped"": 1}",,0,,0,,skipped,Disabled,,,,1.0,0,0,0,0
safemap.benchmark_results.v3,2026-07-27T16:00:34Z,361f548f6a773f261ea92c2484d58ae8fdd5a98e,True,simple_pointer_double,safemap_without_pointer_roles,no_supported_synthesis,No output remained when the pointer roles component was disabled.,/mnt/data/college/research/SafeMAP/reports/development-component-ablations/safemap_without_pointer_roles/.safemap/runs/20260727T160250Z-simple_pointer_double-6dbf9012,12,2,1,1,1.0,2,1.0,0,0,{},libclang,,double_in_place,safe_translatable_with_api_change,planned,True,False,not_accepted,double_in_place,1,0,0.0,"{""not_accepted"": 1}",2,2,2,0,0,0,0,0,0,0.0,"{""safe_translatable"": 1, ""safe_translatable_with_api_change"": 1}","{""candidate_safe"": 2}","{""not_implemented"": 2}","{""declared_target"": {""behaviorally_validated"": 0, ""candidate_safe"": 1, ""compile_passed"": 0, ""generated"": 0, ""implemented_support"": 0, ""policy_safe"": 0, ""total"": 1}, ""entry_point"": {""behaviorally_validated"": 0, ""candidate_safe"": 1, ""compile_passed"": 0, ""generated"": 0, ""implemented_support"": 0, ""policy_safe"": 0, ""total"": 1}, ""helper"": {""behaviorally_validated"": 0, ""candidate_safe"": 0, ""compile_passed"": 0, ""generated"": 0, ""implemented_support"": 0, ""policy_safe"": 0, ""total"": 0}, ""other"": {""behaviorally_validated"": 0, ""candidate_safe"": 0, ""compile_passed"": 0, ""generated"": 0, ""implemented_support"": 0, ""policy_safe"": 0, ""total"": 0}}",False,False,"{""output_parameter"": {""accepted"": 0, ""planned"": 1}}",{},0,0,,,,,,,,,,,,,,,{},,,,,,,,,,,,0,0,0,0
safemap.benchmark_results.v3,2026-07-27T16:00:34Z,361f548f6a773f261ea92c2484d58ae8fdd5a98e,True,simple_pointer_double,safemap_without_safe_signatures,completed,,/mnt/data/college/research/SafeMAP/reports/development-component-ablations/safemap_without_safe_signatures/.safemap/runs/20260727T160250Z-simple_pointer_double-0bc77c10,12,2,1,1,1.0,2,1.0,0,0,{},libclang,,double_in_place,safe_translatable_with_api_change,planned,True,False,not_accepted,double_in_place,1,0,0.0,"{""not_accepted"": 1}",2,2,2,1,1,0,0,0,0,0.0,"{""safe_translatable"": 1, ""safe_translatable_with_api_change"": 1}","{""candidate_safe"": 2}","{""implemented_support"": 1, ""not_implemented"": 1}","{""declared_target"": {""behaviorally_validated"": 0, ""candidate_safe"": 1, ""compile_passed"": 0, ""generated"": 1, ""implemented_support"": 1, ""policy_safe"": 0, ""total"": 1}, ""entry_point"": {""behaviorally_validated"": 0, ""candidate_safe"": 1, ""compile_passed"": 0, ""generated"": 0, ""implemented_support"": 0, ""policy_safe"": 0, ""total"": 1}, ""helper"": {""behaviorally_validated"": 0, ""candidate_safe"": 0, ""compile_passed"": 0, ""generated"": 0, ""implemented_support"": 0, ""policy_safe"": 0, ""total"": 0}, ""other"": {""behaviorally_validated"": 0, ""candidate_safe"": 0, ""compile_passed"": 0, ""generated"": 0, ""implemented_support"": 0, ""policy_safe"": 0, ""total"": 0}}",False,False,"{""output_parameter"": {""accepted"": 0, ""planned"": 1}}","{""validation_failed"": 1}",0,5,,False,,,failed,,failed,,failed,,failed,Could not build translated Rust program,passed,,"{""failed"": 4, ""passed"": 1, ""skipped"": 1}",,0,,1,,skipped,Disabled,,,,,0,0,0,0
safemap.benchmark_results.v3,2026-07-27T16:00:34Z,361f548f6a773f261ea92c2484d58ae8fdd5a98e,True,simple_pointer_double,safemap_without_dependency_grouping,completed,,/mnt/data/college/research/SafeMAP/reports/development-component-ablations/safemap_without_dependency_grouping/.safemap/runs/20260727T160251Z-simple_pointer_double-715107e4,12,2,1,1,1.0,2,1.0,0,0,{},libclang,,double_in_place,safe_translatable_with_api_change,planned,True,True,accepted,double_in_place,1,1,1.0,"{""accepted"": 1}",2,2,2,1,1,1,1,1,1,0.5,"{""safe_translatable"": 1, ""safe_translatable_with_api_change"": 1}","{""candidate_safe"": 2}","{""implemented_support"": 1, ""not_implemented"": 1}","{""declared_target"": {""behaviorally_validated"": 1, ""candidate_safe"": 1, ""compile_passed"": 1, ""generated"": 1, ""implemented_support"": 1, ""policy_safe"": 1, ""total"": 1}, ""entry_point"": {""behaviorally_validated"": 0, ""candidate_safe"": 1, ""compile_passed"": 0, ""generated"": 0, ""implemented_support"": 0, ""policy_safe"": 0, ""total"": 1}, ""helper"": {""behaviorally_validated"": 0, ""candidate_safe"": 0, ""compile_passed"": 0, ""generated"": 0, ""implemented_support"": 0, ""policy_safe"": 0, ""total"": 0}, ""other"": {""behaviorally_validated"": 0, ""candidate_safe"": 0, ""compile_passed"": 0, ""generated"": 0, ""implemented_support"": 0, ""policy_safe"": 0, ""total"": 0}}",False,False,"{""output_parameter"": {""accepted"": 1, ""planned"": 1}}",{},0,5,,True,,,passed,,passed,,passed,,passed,,passed,,"{""passed"": 5, ""skipped"": 1}",,0,,0,,skipped,Disabled,,,,1.0,0,0,0,0
safemap.benchmark_results.v3,2026-07-27T16:00:34Z,361f548f6a773f261ea92c2484d58ae8fdd5a98e,True,simple_pointer_double,safemap_without_idiom_plans,no_supported_synthesis,No output remained when the idiom plans component was disabled.,/mnt/data/college/research/SafeMAP/reports/development-component-ablations/safemap_without_idiom_plans/.safemap/runs/20260727T160252Z-simple_pointer_double-6bfa4203,12,2,1,1,1.0,2,1.0,0,0,{},libclang,,double_in_place,safe_translatable_with_api_change,rejected,True,False,safe_translatable_with_api_change,double_in_place,1,0,0.0,"{""safe_translatable_with_api_change"": 1}",2,2,2,0,0,0,0,0,0,0.0,"{""safe_translatable"": 1, ""safe_translatable_with_api_change"": 1}","{""candidate_safe"": 2}","{""not_implemented"": 2}","{""declared_target"": {""behaviorally_validated"": 0, ""candidate_safe"": 1, ""compile_passed"": 0, ""generated"": 0, ""implemented_support"": 0, ""policy_safe"": 0, ""total"": 1}, ""entry_point"": {""behaviorally_validated"": 0, ""candidate_safe"": 1, ""compile_passed"": 0, ""generated"": 0, ""implemented_support"": 0, ""policy_safe"": 0, ""total"": 1}, ""helper"": {""behaviorally_validated"": 0, ""candidate_safe"": 0, ""compile_passed"": 0, ""generated"": 0, ""implemented_support"": 0, ""policy_safe"": 0, ""total"": 0}, ""other"": {""behaviorally_validated"": 0, ""candidate_safe"": 0, ""compile_passed"": 0, ""generated"": 0, ""implemented_support"": 0, ""policy_safe"": 0, ""total"": 0}}",False,False,{},{},0,0,,,,,,,,,,,,,,,{},,,,,,,,,,,,0,0,0,0
safemap.benchmark_results.v3,2026-07-27T16:00:34Z,361f548f6a773f261ea92c2484d58ae8fdd5a98e,True,simple_pointer_double,safemap_without_validation_feedback,completed,,/mnt/data/college/research/SafeMAP/reports/development-component-ablations/safemap_without_validation_feedback/.safemap/runs/20260727T160252Z-simple_pointer_double-0c2645a0,12,2,1,1,1.0,2,1.0,0,0,{},libclang,,double_in_place,safe_translatable_with_api_change,planned,True,True,accepted,double_in_place,1,1,1.0,"{""accepted"": 1}",2,2,2,1,1,1,1,1,1,0.5,"{""safe_translatable"": 1, ""safe_translatable_with_api_change"": 1}","{""candidate_safe"": 2}","{""implemented_support"": 1, ""not_implemented"": 1}","{""declared_target"": {""behaviorally_validated"": 1, ""candidate_safe"": 1, ""compile_passed"": 1, ""generated"": 1, ""implemented_support"": 1, ""policy_safe"": 1, ""total"": 1}, ""entry_point"": {""behaviorally_validated"": 0, ""candidate_safe"": 1, ""compile_passed"": 0, ""generated"": 0, ""implemented_support"": 0, ""policy_safe"": 0, ""total"": 1}, ""helper"": {""behaviorally_validated"": 0, ""candidate_safe"": 0, ""compile_passed"": 0, ""generated"": 0, ""implemented_support"": 0, ""policy_safe"": 0, ""total"": 0}, ""other"": {""behaviorally_validated"": 0, ""candidate_safe"": 0, ""compile_passed"": 0, ""generated"": 0, ""implemented_support"": 0, ""policy_safe"": 0, ""total"": 0}}",False,False,"{""output_parameter"": {""accepted"": 1, ""planned"": 1}}",{},0,5,,True,,,passed,,passed,,passed,,passed,,passed,,"{""passed"": 5, ""skipped"": 1}",,0,,0,,skipped,Disabled,,,,1.0,0,0,0,0
safemap.benchmark_results.v3,2026-07-27T16:00:34Z,361f548f6a773f261ea92c2484d58ae8fdd5a98e,True,simple_subtract,safemap_deterministic,completed,,/mnt/data/college/research/SafeMAP/reports/development-component-ablations/safemap_deterministic/.safemap/runs/20260727T160253Z-simple_subtract-ecac12d4,10,2,2,0,0.0,2,1.0,0,0,{},libclang,,subtract,safe_translatable,planned,True,True,accepted,subtract,1,1,1.0,"{""accepted"": 1}",2,2,2,1,1,1,1,1,1,0.5,"{""safe_translatable"": 2}","{""candidate_safe"": 2}","{""implemented_support"": 1, ""not_implemented"": 1}","{""declared_target"": {""behaviorally_validated"": 1, ""candidate_safe"": 1, ""compile_passed"": 1, ""generated"": 1, ""implemented_support"": 1, ""policy_safe"": 1, ""total"": 1}, ""entry_point"": {""behaviorally_validated"": 0, ""candidate_safe"": 1, ""compile_passed"": 0, ""generated"": 0, ""implemented_support"": 0, ""policy_safe"": 0, ""total"": 1}, ""helper"": {""behaviorally_validated"": 0, ""candidate_safe"": 0, ""compile_passed"": 0, ""generated"": 0, ""implemented_support"": 0, ""policy_safe"": 0, ""total"": 0}, ""other"": {""behaviorally_validated"": 0, ""candidate_safe"": 0, ""compile_passed"": 0, ""generated"": 0, ""implemented_support"": 0, ""policy_safe"": 0, ""total"": 0}}",False,False,{},{},0,5,,True,,,passed,,passed,,passed,,passed,,passed,,"{""passed"": 5, ""skipped"": 1}",,0,,0,,skipped,Disabled,,,,1.0,0,0,0,0
safemap.benchmark_results.v3,2026-07-27T16:00:34Z,361f548f6a773f261ea92c2484d58ae8fdd5a98e,True,simple_subtract,safemap_without_pointer_roles,completed,,/mnt/data/college/research/SafeMAP/reports/development-component-ablations/safemap_without_pointer_roles/.safemap/runs/20260727T160254Z-simple_subtract-ba26c35d,10,2,2,0,0.0,2,1.0,0,0,{},libclang,,subtract,safe_translatable,planned,True,True,accepted,subtract,1,1,1.0,"{""accepted"": 1}",2,2,2,1,1,1,1,1,1,0.5,"{""safe_translatable"": 2}","{""candidate_safe"": 2}","{""implemented_support"": 1, ""not_implemented"": 1}","{""declared_target"": {""behaviorally_validated"": 1, ""candidate_safe"": 1, ""compile_passed"": 1, ""generated"": 1, ""implemented_support"": 1, ""policy_safe"": 1, ""total"": 1}, ""entry_point"": {""behaviorally_validated"": 0, ""candidate_safe"": 1, ""compile_passed"": 0, ""generated"": 0, ""implemented_support"": 0, ""policy_safe"": 0, ""total"": 1}, ""helper"": {""behaviorally_validated"": 0, ""candidate_safe"": 0, ""compile_passed"": 0, ""generated"": 0, ""implemented_support"": 0, ""policy_safe"": 0, ""total"": 0}, ""other"": {""behaviorally_validated"": 0, ""candidate_safe"": 0, ""compile_passed"": 0, ""generated"": 0, ""implemented_support"": 0, ""policy_safe"": 0, ""total"": 0}}",False,False,{},{},0,5,,True,,,passed,,passed,,passed,,passed,,passed,,"{""passed"": 5, ""skipped"": 1}",,0,,0,,skipped,Disabled,,,,1.0,0,0,0,0
safemap.benchmark_results.v3,2026-07-27T16:00:34Z,361f548f6a773f261ea92c2484d58ae8fdd5a98e,True,simple_subtract,safemap_without_safe_signatures,completed,,/mnt/data/college/research/SafeMAP/reports/development-component-ablations/safemap_without_safe_signatures/.safemap/runs/20260727T160255Z-simple_subtract-49d4ac67,10,2,2,0,0.0,2,1.0,0,0,{},libclang,,subtract,safe_translatable,planned,True,True,accepted,subtract,1,1,1.0,"{""accepted"": 1}",2,2,2,1,1,1,1,1,1,0.5,"{""safe_translatable"": 2}","{""candidate_safe"": 2}","{""implemented_support"": 1, ""not_implemented"": 1}","{""declared_target"": {""behaviorally_validated"": 1, ""candidate_safe"": 1, ""compile_passed"": 1, ""generated"": 1, ""implemented_support"": 1, ""policy_safe"": 1, ""total"": 1}, ""entry_point"": {""behaviorally_validated"": 0, ""candidate_safe"": 1, ""compile_passed"": 0, ""generated"": 0, ""implemented_support"": 0, ""policy_safe"": 0, ""total"": 1}, ""helper"": {""behaviorally_validated"": 0, ""candidate_safe"": 0, ""compile_passed"": 0, ""generated"": 0, ""implemented_support"": 0, ""policy_safe"": 0, ""total"": 0}, ""other"": {""behaviorally_validated"": 0, ""candidate_safe"": 0, ""compile_passed"": 0, ""generated"": 0, ""implemented_support"": 0, ""policy_safe"": 0, ""total"": 0}}",False,False,{},{},0,5,,True,,,passed,,passed,,passed,,passed,,passed,,"{""passed"": 5, ""skipped"": 1}",,0,,0,,skipped,Disabled,,,,1.0,0,0,0,0
safemap.benchmark_results.v3,2026-07-27T16:00:34Z,361f548f6a773f261ea92c2484d58ae8fdd5a98e,True,simple_subtract,safemap_without_dependency_grouping,completed,,/mnt/data/college/research/SafeMAP/reports/development-component-ablations/safemap_without_dependency_grouping/.safemap/runs/20260727T160256Z-simple_subtract-d24a4231,10,2,2,0,0.0,2,1.0,0,0,{},libclang,,subtract,safe_translatable,planned,True,True,accepted,subtract,1,1,1.0,"{""accepted"": 1}",2,2,2,1,1,1,1,1,1,0.5,"{""safe_translatable"": 2}","{""candidate_safe"": 2}","{""implemented_support"": 1, ""not_implemented"": 1}","{""declared_target"": {""behaviorally_validated"": 1, ""candidate_safe"": 1, ""compile_passed"": 1, ""generated"": 1, ""implemented_support"": 1, ""policy_safe"": 1, ""total"": 1}, ""entry_point"": {""behaviorally_validated"": 0, ""candidate_safe"": 1, ""compile_passed"": 0, ""generated"": 0, ""implemented_support"": 0, ""policy_safe"": 0, ""total"": 1}, ""helper"": {""behaviorally_validated"": 0, ""candidate_safe"": 0, ""compile_passed"": 0, ""generated"": 0, ""implemented_support"": 0, ""policy_safe"": 0, ""total"": 0}, ""other"": {""behaviorally_validated"": 0, ""candidate_safe"": 0, ""compile_passed"": 0, ""generated"": 0, ""implemented_support"": 0, ""policy_safe"": 0, ""total"": 0}}",False,False,{},{},0,5,,True,,,passed,,passed,,passed,,passed,,passed,,"{""passed"": 5, ""skipped"": 1}",,0,,0,,skipped,Disabled,,,,1.0,0,0,0,0
safemap.benchmark_results.v3,2026-07-27T16:00:34Z,361f548f6a773f261ea92c2484d58ae8fdd5a98e,True,simple_subtract,safemap_without_idiom_plans,completed,,/mnt/data/college/research/SafeMAP/reports/development-component-ablations/safemap_without_idiom_plans/.safemap/runs/20260727T160257Z-simple_subtract-fb126112,10,2,2,0,0.0,2,1.0,0,0,{},libclang,,subtract,safe_translatable,planned,True,True,accepted,subtract,1,1,1.0,"{""accepted"": 1}",2,2,2,1,1,1,1,1,1,0.5,"{""safe_translatable"": 2}","{""candidate_safe"": 2}","{""implemented_support"": 1, ""not_implemented"": 1}","{""declared_target"": {""behaviorally_validated"": 1, ""candidate_safe"": 1, ""compile_passed"": 1, ""generated"": 1, ""implemented_support"": 1, ""policy_safe"": 1, ""total"": 1}, ""entry_point"": {""behaviorally_validated"": 0, ""candidate_safe"": 1, ""compile_passed"": 0, ""generated"": 0, ""implemented_support"": 0, ""policy_safe"": 0, ""total"": 1}, ""helper"": {""behaviorally_validated"": 0, ""candidate_safe"": 0, ""compile_passed"": 0, ""generated"": 0, ""implemented_support"": 0, ""policy_safe"": 0, ""total"": 0}, ""other"": {""behaviorally_validated"": 0, ""candidate_safe"": 0, ""compile_passed"": 0, ""generated"": 0, ""implemented_support"": 0, ""policy_safe"": 0, ""total"": 0}}",False,False,{},{},0,5,,True,,,passed,,passed,,passed,,passed,,passed,,"{""passed"": 5, ""skipped"": 1}",,0,,0,,skipped,Disabled,,,,1.0,0,0,0,0
safemap.benchmark_results.v3,2026-07-27T16:00:34Z,361f548f6a773f261ea92c2484d58ae8fdd5a98e,True,simple_subtract,safemap_without_validation_feedback,completed,,/mnt/data/college/research/SafeMAP/reports/development-component-ablations/safemap_without_validation_feedback/.safemap/runs/20260727T160258Z-simple_subtract-6452b884,10,2,2,0,0.0,2,1.0,0,0,{},libclang,,subtract,safe_translatable,planned,True,True,accepted,subtract,1,1,1.0,"{""accepted"": 1}",2,2,2,1,1,1,1,1,1,0.5,"{""safe_translatable"": 2}","{""candidate_safe"": 2}","{""implemented_support"": 1, ""not_implemented"": 1}","{""declared_target"": {""behaviorally_validated"": 1, ""candidate_safe"": 1, ""compile_passed"": 1, ""generated"": 1, ""implemented_support"": 1, ""policy_safe"": 1, ""total"": 1}, ""entry_point"": {""behaviorally_validated"": 0, ""candidate_safe"": 1, ""compile_passed"": 0, ""generated"": 0, ""implemented_support"": 0, ""policy_safe"": 0, ""total"": 1}, ""helper"": {""behaviorally_validated"": 0, ""candidate_safe"": 0, ""compile_passed"": 0, ""generated"": 0, ""implemented_support"": 0, ""policy_safe"": 0, ""total"": 0}, ""other"": {""behaviorally_validated"": 0, ""candidate_safe"": 0, ""compile_passed"": 0, ""generated"": 0, ""implemented_support"": 0, ""policy_safe"": 0, ""total"": 0}}",False,False,{},{},0,5,,True,,,passed,,passed,,passed,,passed,,passed,,"{""passed"": 5, ""skipped"": 1}",,0,,0,,skipped,Disabled,,,,1.0,0,0,0,0
safemap.benchmark_results.v3,2026-07-27T16:00:34Z,361f548f6a773f261ea92c2484d58ae8fdd5a98e,True,simple_sum,safemap_deterministic,completed,,/mnt/data/college/research/SafeMAP/reports/development-component-ablations/safemap_deterministic/.safemap/runs/20260727T160259Z-simple_sum-0771b066,10,2,2,0,0.0,2,1.0,0,0,{},libclang,,simple_sum,safe_translatable,planned,True,True,accepted,simple_sum,1,1,1.0,"{""accepted"": 1}",2,2,2,1,1,1,1,1,1,0.5,"{""safe_translatable"": 2}","{""candidate_safe"": 2}","{""implemented_support"": 1, ""not_implemented"": 1}","{""declared_target"": {""behaviorally_validated"": 1, ""candidate_safe"": 1, ""compile_passed"": 1, ""generated"": 1, ""implemented_support"": 1, ""policy_safe"": 1, ""total"": 1}, ""entry_point"": {""behaviorally_validated"": 0, ""candidate_safe"": 1, ""compile_passed"": 0, ""generated"": 0, ""implemented_support"": 0, ""policy_safe"": 0, ""total"": 1}, ""helper"": {""behaviorally_validated"": 0, ""candidate_safe"": 0, ""compile_passed"": 0, ""generated"": 0, ""implemented_support"": 0, ""policy_safe"": 0, ""total"": 0}, ""other"": {""behaviorally_validated"": 0, ""candidate_safe"": 0, ""compile_passed"": 0, ""generated"": 0, ""implemented_support"": 0, ""policy_safe"": 0, ""total"": 0}}",False,False,{},{},0,5,,True,,,passed,,passed,,passed,,passed,,passed,,"{""passed"": 5, ""skipped"": 1}",,0,,0,,skipped,Disabled,,,,1.0,0,0,0,0
safemap.benchmark_results.v3,2026-07-27T16:00:34Z,361f548f6a773f261ea92c2484d58ae8fdd5a98e,True,simple_sum,safemap_without_pointer_roles,completed,,/mnt/data/college/research/SafeMAP/reports/development-component-ablations/safemap_without_pointer_roles/.safemap/runs/20260727T160300Z-simple_sum-24f2fe07,10,2,2,0,0.0,2,1.0,0,0,{},libclang,,simple_sum,safe_translatable,planned,True,True,accepted,simple_sum,1,1,1.0,"{""accepted"": 1}",2,2,2,1,1,1,1,1,1,0.5,"{""safe_translatable"": 2}","{""candidate_safe"": 2}","{""implemented_support"": 1, ""not_implemented"": 1}","{""declared_target"": {""behaviorally_validated"": 1, ""candidate_safe"": 1, ""compile_passed"": 1, ""generated"": 1, ""implemented_support"": 1, ""policy_safe"": 1, ""total"": 1}, ""entry_point"": {""behaviorally_validated"": 0, ""candidate_safe"": 1, ""compile_passed"": 0, ""generated"": 0, ""implemented_support"": 0, ""policy_safe"": 0, ""total"": 1}, ""helper"": {""behaviorally_validated"": 0, ""candidate_safe"": 0, ""compile_passed"": 0, ""generated"": 0, ""implemented_support"": 0, ""policy_safe"": 0, ""total"": 0}, ""other"": {""behaviorally_validated"": 0, ""candidate_safe"": 0, ""compile_passed"": 0, ""generated"": 0, ""implemented_support"": 0, ""policy_safe"": 0, ""total"": 0}}",False,False,{},{},0,5,,True,,,passed,,passed,,passed,,passed,,passed,,"{""passed"": 5, ""skipped"": 1}",,0,,0,,skipped,Disabled,,,,1.0,0,0,0,0
safemap.benchmark_results.v3,2026-07-27T16:00:34Z,361f548f6a773f261ea92c2484d58ae8fdd5a98e,True,simple_sum,safemap_without_safe_signatures,completed,,/mnt/data/college/research/SafeMAP/reports/development-component-ablations/safemap_without_safe_signatures/.safemap/runs/20260727T160301Z-simple_sum-7d27b118,10,2,2,0,0.0,2,1.0,0,0,{},libclang,,simple_sum,safe_translatable,planned,True,True,accepted,simple_sum,1,1,1.0,"{""accepted"": 1}",2,2,2,1,1,1,1,1,1,0.5,"{""safe_translatable"": 2}","{""candidate_safe"": 2}","{""implemented_support"": 1, ""not_implemented"": 1}","{""declared_target"": {""behaviorally_validated"": 1, ""candidate_safe"": 1, ""compile_passed"": 1, ""generated"": 1, ""implemented_support"": 1, ""policy_safe"": 1, ""total"": 1}, ""entry_point"": {""behaviorally_validated"": 0, ""candidate_safe"": 1, ""compile_passed"": 0, ""generated"": 0, ""implemented_support"": 0, ""policy_safe"": 0, ""total"": 1}, ""helper"": {""behaviorally_validated"": 0, ""candidate_safe"": 0, ""compile_passed"": 0, ""generated"": 0, ""implemented_support"": 0, ""policy_safe"": 0, ""total"": 0}, ""other"": {""behaviorally_validated"": 0, ""candidate_safe"": 0, ""compile_passed"": 0, ""generated"": 0, ""implemented_support"": 0, ""policy_safe"": 0, ""total"": 0}}",False,False,{},{},0,5,,True,,,passed,,passed,,passed,,passed,,passed,,"{""passed"": 5, ""skipped"": 1}",,0,,0,,skipped,Disabled,,,,1.0,0,0,0,0
safemap.benchmark_results.v3,2026-07-27T16:00:34Z,361f548f6a773f261ea92c2484d58ae8fdd5a98e,True,simple_sum,safemap_without_dependency_grouping,completed,,/mnt/data/college/research/SafeMAP/reports/development-component-ablations/safemap_without_dependency_grouping/.safemap/runs/20260727T160302Z-simple_sum-a56c9c19,10,2,2,0,0.0,2,1.0,0,0,{},libclang,,simple_sum,safe_translatable,planned,True,True,accepted,simple_sum,1,1,1.0,"{""accepted"": 1}",2,2,2,1,1,1,1,1,1,0.5,"{""safe_translatable"": 2}","{""candidate_safe"": 2}","{""implemented_support"": 1, ""not_implemented"": 1}","{""declared_target"": {""behaviorally_validated"": 1, ""candidate_safe"": 1, ""compile_passed"": 1, ""generated"": 1, ""implemented_support"": 1, ""policy_safe"": 1, ""total"": 1}, ""entry_point"": {""behaviorally_validated"": 0, ""candidate_safe"": 1, ""compile_passed"": 0, ""generated"": 0, ""implemented_support"": 0, ""policy_safe"": 0, ""total"": 1}, ""helper"": {""behaviorally_validated"": 0, ""candidate_safe"": 0, ""compile_passed"": 0, ""generated"": 0, ""implemented_support"": 0, ""policy_safe"": 0, ""total"": 0}, ""other"": {""behaviorally_validated"": 0, ""candidate_safe"": 0, ""compile_passed"": 0, ""generated"": 0, ""implemented_support"": 0, ""policy_safe"": 0, ""total"": 0}}",False,False,{},{},0,5,,True,,,passed,,passed,,passed,,passed,,passed,,"{""passed"": 5, ""skipped"": 1}",,0,,0,,skipped,Disabled,,,,1.0,0,0,0,0
safemap.benchmark_results.v3,2026-07-27T16:00:34Z,361f548f6a773f261ea92c2484d58ae8fdd5a98e,True,simple_sum,safemap_without_idiom_plans,completed,,/mnt/data/college/research/SafeMAP/reports/development-component-ablations/safemap_without_idiom_plans/.safemap/runs/20260727T160303Z-simple_sum-b9c3fd45,10,2,2,0,0.0,2,1.0,0,0,{},libclang,,simple_sum,safe_translatable,planned,True,True,accepted,simple_sum,1,1,1.0,"{""accepted"": 1}",2,2,2,1,1,1,1,1,1,0.5,"{""safe_translatable"": 2}","{""candidate_safe"": 2}","{""implemented_support"": 1, ""not_implemented"": 1}","{""declared_target"": {""behaviorally_validated"": 1, ""candidate_safe"": 1, ""compile_passed"": 1, ""generated"": 1, ""implemented_support"": 1, ""policy_safe"": 1, ""total"": 1}, ""entry_point"": {""behaviorally_validated"": 0, ""candidate_safe"": 1, ""compile_passed"": 0, ""generated"": 0, ""implemented_support"": 0, ""policy_safe"": 0, ""total"": 1}, ""helper"": {""behaviorally_validated"": 0, ""candidate_safe"": 0, ""compile_passed"": 0, ""generated"": 0, ""implemented_support"": 0, ""policy_safe"": 0, ""total"": 0}, ""other"": {""behaviorally_validated"": 0, ""candidate_safe"": 0, ""compile_passed"": 0, ""generated"": 0, ""implemented_support"": 0, ""policy_safe"": 0, ""total"": 0}}",False,False,{},{},0,5,,True,,,passed,,passed,,passed,,passed,,passed,,"{""passed"": 5, ""skipped"": 1}",,0,,0,,skipped,Disabled,,,,1.0,0,0,0,0
safemap.benchmark_results.v3,2026-07-27T16:00:34Z,361f548f6a773f261ea92c2484d58ae8fdd5a98e,True,simple_sum,safemap_without_validation_feedback,completed,,/mnt/data/college/research/SafeMAP/reports/development-component-ablations/safemap_without_validation_feedback/.safemap/runs/20260727T160304Z-simple_sum-d99dd120,10,2,2,0,0.0,2,1.0,0,0,{},libclang,,simple_sum,safe_translatable,planned,True,True,accepted,simple_sum,1,1,1.0,"{""accepted"": 1}",2,2,2,1,1,1,1,1,1,0.5,"{""safe_translatable"": 2}","{""candidate_safe"": 2}","{""implemented_support"": 1, ""not_implemented"": 1}","{""declared_target"": {""behaviorally_validated"": 1, ""candidate_safe"": 1, ""compile_passed"": 1, ""generated"": 1, ""implemented_support"": 1, ""policy_safe"": 1, ""total"": 1}, ""entry_point"": {""behaviorally_validated"": 0, ""candidate_safe"": 1, ""compile_passed"": 0, ""generated"": 0, ""implemented_support"": 0, ""policy_safe"": 0, ""total"": 1}, ""helper"": {""behaviorally_validated"": 0, ""candidate_safe"": 0, ""compile_passed"": 0, ""generated"": 0, ""implemented_support"": 0, ""policy_safe"": 0, ""total"": 0}, ""other"": {""behaviorally_validated"": 0, ""candidate_safe"": 0, ""compile_passed"": 0, ""generated"": 0, ""implemented_support"": 0, ""policy_safe"": 0, ""total"": 0}}",False,False,{},{},0,5,,True,,,passed,,passed,,passed,,passed,,passed,,"{""passed"": 5, ""skipped"": 1}",,0,,0,,skipped,Disabled,,,,1.0,0,0,0,0
safemap.benchmark_results.v3,2026-07-27T16:00:34Z,361f548f6a773f261ea92c2484d58ae8fdd5a98e,True,string_length,safemap_deterministic,completed,,/mnt/data/college/research/SafeMAP/reports/development-component-ablations/safemap_deterministic/.safemap/runs/20260727T160305Z-string_length-33dda272,11,2,1,1,1.0,2,1.0,0,0,{},libclang,,string_length,safe_translatable_with_api_change,planned,True,True,accepted,string_length,1,1,1.0,"{""accepted"": 1}",2,2,2,1,1,1,1,1,1,0.5,"{""safe_translatable"": 1, ""safe_translatable_with_api_change"": 1}","{""candidate_safe"": 2}","{""implemented_support"": 1, ""not_implemented"": 1}","{""declared_target"": {""behaviorally_validated"": 1, ""candidate_safe"": 1, ""compile_passed"": 1, ""generated"": 1, ""implemented_support"": 1, ""policy_safe"": 1, ""total"": 1}, ""entry_point"": {""behaviorally_validated"": 0, ""candidate_safe"": 1, ""compile_passed"": 0, ""generated"": 0, ""implemented_support"": 0, ""policy_safe"": 0, ""total"": 1}, ""helper"": {""behaviorally_validated"": 0, ""candidate_safe"": 0, ""compile_passed"": 0, ""generated"": 0, ""implemented_support"": 0, ""policy_safe"": 0, ""total"": 0}, ""other"": {""behaviorally_validated"": 0, ""candidate_safe"": 0, ""compile_passed"": 0, ""generated"": 0, ""implemented_support"": 0, ""policy_safe"": 0, ""total"": 0}}",False,False,"{""c_string"": {""accepted"": 1, ""planned"": 1}}",{},0,5,,True,,,passed,,passed,,passed,,passed,,passed,,"{""passed"": 5, ""skipped"": 1}",,0,,0,,skipped,Disabled,,,,1.0,0,0,0,0
safemap.benchmark_results.v3,2026-07-27T16:00:34Z,361f548f6a773f261ea92c2484d58ae8fdd5a98e,True,string_length,safemap_without_pointer_roles,completed,,/mnt/data/college/research/SafeMAP/reports/development-component-ablations/safemap_without_pointer_roles/.safemap/runs/20260727T160306Z-string_length-64b97516,11,2,1,1,1.0,2,1.0,0,0,{},libclang,,string_length,safe_translatable_with_api_change,planned,True,True,accepted,string_length,1,1,1.0,"{""accepted"": 1}",2,2,2,1,1,1,1,1,1,0.5,"{""safe_translatable"": 1, ""safe_translatable_with_api_change"": 1}","{""candidate_safe"": 2}","{""implemented_support"": 1, ""not_implemented"": 1}","{""declared_target"": {""behaviorally_validated"": 1, ""candidate_safe"": 1, ""compile_passed"": 1, ""generated"": 1, ""implemented_support"": 1, ""policy_safe"": 1, ""total"": 1}, ""entry_point"": {""behaviorally_validated"": 0, ""candidate_safe"": 1, ""compile_passed"": 0, ""generated"": 0, ""implemented_support"": 0, ""policy_safe"": 0, ""total"": 1}, ""helper"": {""behaviorally_validated"": 0, ""candidate_safe"": 0, ""compile_passed"": 0, ""generated"": 0, ""implemented_support"": 0, ""policy_safe"": 0, ""total"": 0}, ""other"": {""behaviorally_validated"": 0, ""candidate_safe"": 0, ""compile_passed"": 0, ""generated"": 0, ""implemented_support"": 0, ""policy_safe"": 0, ""total"": 0}}",False,False,"{""c_string"": {""accepted"": 1, ""planned"": 1}}",{},0,5,,True,,,passed,,passed,,passed,,passed,,passed,,"{""passed"": 5, ""skipped"": 1}",,0,,0,,skipped,Disabled,,,,1.0,0,0,0,0
safemap.benchmark_results.v3,2026-07-27T16:00:34Z,361f548f6a773f261ea92c2484d58ae8fdd5a98e,True,string_length,safemap_without_safe_signatures,completed,,/mnt/data/college/research/SafeMAP/reports/development-component-ablations/safemap_without_safe_signatures/.safemap/runs/20260727T160307Z-string_length-1a8fefd0,11,2,1,1,1.0,2,1.0,0,0,{},libclang,,string_length,safe_translatable_with_api_change,planned,True,False,not_accepted,string_length,1,0,0.0,"{""not_accepted"": 1}",2,2,2,1,1,0,0,0,0,0.0,"{""safe_translatable"": 1, ""safe_translatable_with_api_change"": 1}","{""candidate_safe"": 2}","{""implemented_support"": 1, ""not_implemented"": 1}","{""declared_target"": {""behaviorally_validated"": 0, ""candidate_safe"": 1, ""compile_passed"": 0, ""generated"": 1, ""implemented_support"": 1, ""policy_safe"": 0, ""total"": 1}, ""entry_point"": {""behaviorally_validated"": 0, ""candidate_safe"": 1, ""compile_passed"": 0, ""generated"": 0, ""implemented_support"": 0, ""policy_safe"": 0, ""total"": 1}, ""helper"": {""behaviorally_validated"": 0, ""candidate_safe"": 0, ""compile_passed"": 0, ""generated"": 0, ""implemented_support"": 0, ""policy_safe"": 0, ""total"": 0}, ""other"": {""behaviorally_validated"": 0, ""candidate_safe"": 0, ""compile_passed"": 0, ""generated"": 0, ""implemented_support"": 0, ""policy_safe"": 0, ""total"": 0}}",False,False,"{""c_string"": {""accepted"": 0, ""planned"": 1}}","{""validation_failed"": 1}",0,5,,False,,,failed,,failed,,failed,,failed,Could not build translated Rust program,passed,,"{""failed"": 4, ""passed"": 1, ""skipped"": 1}",,0,,1,,skipped,Disabled,,,,,0,0,0,0
safemap.benchmark_results.v3,2026-07-27T16:00:34Z,361f548f6a773f261ea92c2484d58ae8fdd5a98e,True,string_length,safemap_without_dependency_grouping,completed,,/mnt/data/college/research/SafeMAP/reports/development-component-ablations/safemap_without_dependency_grouping/.safemap/runs/20260727T160308Z-string_length-e4356444,11,2,1,1,1.0,2,1.0,0,0,{},libclang,,string_length,safe_translatable_with_api_change,planned,True,True,accepted,string_length,1,1,1.0,"{""accepted"": 1}",2,2,2,1,1,1,1,1,1,0.5,"{""safe_translatable"": 1, ""safe_translatable_with_api_change"": 1}","{""candidate_safe"": 2}","{""implemented_support"": 1, ""not_implemented"": 1}","{""declared_target"": {""behaviorally_validated"": 1, ""candidate_safe"": 1, ""compile_passed"": 1, ""generated"": 1, ""implemented_support"": 1, ""policy_safe"": 1, ""total"": 1}, ""entry_point"": {""behaviorally_validated"": 0, ""candidate_safe"": 1, ""compile_passed"": 0, ""generated"": 0, ""implemented_support"": 0, ""policy_safe"": 0, ""total"": 1}, ""helper"": {""behaviorally_validated"": 0, ""candidate_safe"": 0, ""compile_passed"": 0, ""generated"": 0, ""implemented_support"": 0, ""policy_safe"": 0, ""total"": 0}, ""other"": {""behaviorally_validated"": 0, ""candidate_safe"": 0, ""compile_passed"": 0, ""generated"": 0, ""implemented_support"": 0, ""policy_safe"": 0, ""total"": 0}}",False,False,"{""c_string"": {""accepted"": 1, ""planned"": 1}}",{},0,5,,True,,,passed,,passed,,passed,,passed,,passed,,"{""passed"": 5, ""skipped"": 1}",,0,,0,,skipped,Disabled,,,,1.0,0,0,0,0
safemap.benchmark_results.v3,2026-07-27T16:00:34Z,361f548f6a773f261ea92c2484d58ae8fdd5a98e,True,string_length,safemap_without_idiom_plans,no_supported_synthesis,No output remained when the idiom plans component was disabled.,/mnt/data/college/research/SafeMAP/reports/development-component-ablations/safemap_without_idiom_plans/.safemap/runs/20260727T160309Z-string_length-84cf2b15,11,2,1,1,1.0,2,1.0,0,0,{},libclang,,string_length,safe_translatable_with_api_change,rejected,True,False,safe_translatable_with_api_change,string_length,1,0,0.0,"{""safe_translatable_with_api_change"": 1}",2,2,2,0,0,0,0,0,0,0.0,"{""safe_translatable"": 1, ""safe_translatable_with_api_change"": 1}","{""candidate_safe"": 2}","{""not_implemented"": 2}","{""declared_target"": {""behaviorally_validated"": 0, ""candidate_safe"": 1, ""compile_passed"": 0, ""generated"": 0, ""implemented_support"": 0, ""policy_safe"": 0, ""total"": 1}, ""entry_point"": {""behaviorally_validated"": 0, ""candidate_safe"": 1, ""compile_passed"": 0, ""generated"": 0, ""implemented_support"": 0, ""policy_safe"": 0, ""total"": 1}, ""helper"": {""behaviorally_validated"": 0, ""candidate_safe"": 0, ""compile_passed"": 0, ""generated"": 0, ""implemented_support"": 0, ""policy_safe"": 0, ""total"": 0}, ""other"": {""behaviorally_validated"": 0, ""candidate_safe"": 0, ""compile_passed"": 0, ""generated"": 0, ""implemented_support"": 0, ""policy_safe"": 0, ""total"": 0}}",False,False,{},{},0,0,,,,,,,,,,,,,,,{},,,,,,,,,,,,0,0,0,0
safemap.benchmark_results.v3,2026-07-27T16:00:34Z,361f548f6a773f261ea92c2484d58ae8fdd5a98e,True,string_length,safemap_without_validation_feedback,completed,,/mnt/data/college/research/SafeMAP/reports/development-component-ablations/safemap_without_validation_feedback/.safemap/runs/20260727T160309Z-string_length-7aa84b6f,11,2,1,1,1.0,2,1.0,0,0,{},libclang,,string_length,safe_translatable_with_api_change,planned,True,True,accepted,string_length,1,1,1.0,"{""accepted"": 1}",2,2,2,1,1,1,1,1,1,0.5,"{""safe_translatable"": 1, ""safe_translatable_with_api_change"": 1}","{""candidate_safe"": 2}","{""implemented_support"": 1, ""not_implemented"": 1}","{""declared_target"": {""behaviorally_validated"": 1, ""candidate_safe"": 1, ""compile_passed"": 1, ""generated"": 1, ""implemented_support"": 1, ""policy_safe"": 1, ""total"": 1}, ""entry_point"": {""behaviorally_validated"": 0, ""candidate_safe"": 1, ""compile_passed"": 0, ""generated"": 0, ""implemented_support"": 0, ""policy_safe"": 0, ""total"": 1}, ""helper"": {""behaviorally_validated"": 0, ""candidate_safe"": 0, ""compile_passed"": 0, ""generated"": 0, ""implemented_support"": 0, ""policy_safe"": 0, ""total"": 0}, ""other"": {""behaviorally_validated"": 0, ""candidate_safe"": 0, ""compile_passed"": 0, ""generated"": 0, ""implemented_support"": 0, ""policy_safe"": 0, ""total"": 0}}",False,False,"{""c_string"": {""accepted"": 1, ""planned"": 1}}",{},0,5,,True,,,passed,,passed,,passed,,passed,,passed,,"{""passed"": 5, ""skipped"": 1}",,0,,0,,skipped,Disabled,,,,1.0,0,0,0,0
safemap.benchmark_results.v3,2026-07-27T16:00:34Z,361f548f6a773f261ea92c2484d58ae8fdd5a98e,True,string_length_long,safemap_deterministic,completed,,/mnt/data/college/research/SafeMAP/reports/development-component-ablations/safemap_deterministic/.safemap/runs/20260727T160310Z-string_length_long-85ece625,11,2,1,1,1.0,2,1.0,0,0,{},libclang,,string_length_long,safe_translatable_with_api_change,planned,True,True,accepted,string_length_long,1,1,1.0,"{""accepted"": 1}",2,2,2,1,1,1,1,1,1,0.5,"{""safe_translatable"": 1, ""safe_translatable_with_api_change"": 1}","{""candidate_safe"": 2}","{""implemented_support"": 1, ""not_implemented"": 1}","{""declared_target"": {""behaviorally_validated"": 1, ""candidate_safe"": 1, ""compile_passed"": 1, ""generated"": 1, ""implemented_support"": 1, ""policy_safe"": 1, ""total"": 1}, ""entry_point"": {""behaviorally_validated"": 0, ""candidate_safe"": 1, ""compile_passed"": 0, ""generated"": 0, ""implemented_support"": 0, ""policy_safe"": 0, ""total"": 1}, ""helper"": {""behaviorally_validated"": 0, ""candidate_safe"": 0, ""compile_passed"": 0, ""generated"": 0, ""implemented_support"": 0, ""policy_safe"": 0, ""total"": 0}, ""other"": {""behaviorally_validated"": 0, ""candidate_safe"": 0, ""compile_passed"": 0, ""generated"": 0, ""implemented_support"": 0, ""policy_safe"": 0, ""total"": 0}}",False,False,"{""c_string"": {""accepted"": 1, ""planned"": 1}}",{},0,5,,True,,,passed,,passed,,passed,,passed,,passed,,"{""passed"": 5, ""skipped"": 1}",,0,,0,,skipped,Disabled,,,,1.0,0,0,0,0
safemap.benchmark_results.v3,2026-07-27T16:00:34Z,361f548f6a773f261ea92c2484d58ae8fdd5a98e,True,string_length_long,safemap_without_pointer_roles,completed,,/mnt/data/college/research/SafeMAP/reports/development-component-ablations/safemap_without_pointer_roles/.safemap/runs/20260727T160311Z-string_length_long-8d8284c2,11,2,1,1,1.0,2,1.0,0,0,{},libclang,,string_length_long,safe_translatable_with_api_change,planned,True,True,accepted,string_length_long,1,1,1.0,"{""accepted"": 1}",2,2,2,1,1,1,1,1,1,0.5,"{""safe_translatable"": 1, ""safe_translatable_with_api_change"": 1}","{""candidate_safe"": 2}","{""implemented_support"": 1, ""not_implemented"": 1}","{""declared_target"": {""behaviorally_validated"": 1, ""candidate_safe"": 1, ""compile_passed"": 1, ""generated"": 1, ""implemented_support"": 1, ""policy_safe"": 1, ""total"": 1}, ""entry_point"": {""behaviorally_validated"": 0, ""candidate_safe"": 1, ""compile_passed"": 0, ""generated"": 0, ""implemented_support"": 0, ""policy_safe"": 0, ""total"": 1}, ""helper"": {""behaviorally_validated"": 0, ""candidate_safe"": 0, ""compile_passed"": 0, ""generated"": 0, ""implemented_support"": 0, ""policy_safe"": 0, ""total"": 0}, ""other"": {""behaviorally_validated"": 0, ""candidate_safe"": 0, ""compile_passed"": 0, ""generated"": 0, ""implemented_support"": 0, ""policy_safe"": 0, ""total"": 0}}",False,False,"{""c_string"": {""accepted"": 1, ""planned"": 1}}",{},0,5,,True,,,passed,,passed,,passed,,passed,,passed,,"{""passed"": 5, ""skipped"": 1}",,0,,0,,skipped,Disabled,,,,1.0,0,0,0,0
safemap.benchmark_results.v3,2026-07-27T16:00:34Z,361f548f6a773f261ea92c2484d58ae8fdd5a98e,True,string_length_long,safemap_without_safe_signatures,completed,,/mnt/data/college/research/SafeMAP/reports/development-component-ablations/safemap_without_safe_signatures/.safemap/runs/20260727T160312Z-string_length_long-d6ce8faf,11,2,1,1,1.0,2,1.0,0,0,{},libclang,,string_length_long,safe_translatable_with_api_change,planned,True,False,not_accepted,string_length_long,1,0,0.0,"{""not_accepted"": 1}",2,2,2,1,1,0,0,0,0,0.0,"{""safe_translatable"": 1, ""safe_translatable_with_api_change"": 1}","{""candidate_safe"": 2}","{""implemented_support"": 1, ""not_implemented"": 1}","{""declared_target"": {""behaviorally_validated"": 0, ""candidate_safe"": 1, ""compile_passed"": 0, ""generated"": 1, ""implemented_support"": 1, ""policy_safe"": 0, ""total"": 1}, ""entry_point"": {""behaviorally_validated"": 0, ""candidate_safe"": 1, ""compile_passed"": 0, ""generated"": 0, ""implemented_support"": 0, ""policy_safe"": 0, ""total"": 1}, ""helper"": {""behaviorally_validated"": 0, ""candidate_safe"": 0, ""compile_passed"": 0, ""generated"": 0, ""implemented_support"": 0, ""policy_safe"": 0, ""total"": 0}, ""other"": {""behaviorally_validated"": 0, ""candidate_safe"": 0, ""compile_passed"": 0, ""generated"": 0, ""implemented_support"": 0, ""policy_safe"": 0, ""total"": 0}}",False,False,"{""c_string"": {""accepted"": 0, ""planned"": 1}}","{""validation_failed"": 1}",0,5,,False,,,failed,,failed,,failed,,failed,Could not build translated Rust program,passed,,"{""failed"": 4, ""passed"": 1, ""skipped"": 1}",,0,,1,,skipped,Disabled,,,,,0,0,0,0
safemap.benchmark_results.v3,2026-07-27T16:00:34Z,361f548f6a773f261ea92c2484d58ae8fdd5a98e,True,string_length_long,safemap_without_dependency_grouping,completed,,/mnt/data/college/research/SafeMAP/reports/development-component-ablations/safemap_without_dependency_grouping/.safemap/runs/20260727T160313Z-string_length_long-3b00e33d,11,2,1,1,1.0,2,1.0,0,0,{},libclang,,string_length_long,safe_translatable_with_api_change,planned,True,True,accepted,string_length_long,1,1,1.0,"{""accepted"": 1}",2,2,2,1,1,1,1,1,1,0.5,"{""safe_translatable"": 1, ""safe_translatable_with_api_change"": 1}","{""candidate_safe"": 2}","{""implemented_support"": 1, ""not_implemented"": 1}","{""declared_target"": {""behaviorally_validated"": 1, ""candidate_safe"": 1, ""compile_passed"": 1, ""generated"": 1, ""implemented_support"": 1, ""policy_safe"": 1, ""total"": 1}, ""entry_point"": {""behaviorally_validated"": 0, ""candidate_safe"": 1, ""compile_passed"": 0, ""generated"": 0, ""implemented_support"": 0, ""policy_safe"": 0, ""total"": 1}, ""helper"": {""behaviorally_validated"": 0, ""candidate_safe"": 0, ""compile_passed"": 0, ""generated"": 0, ""implemented_support"": 0, ""policy_safe"": 0, ""total"": 0}, ""other"": {""behaviorally_validated"": 0, ""candidate_safe"": 0, ""compile_passed"": 0, ""generated"": 0, ""implemented_support"": 0, ""policy_safe"": 0, ""total"": 0}}",False,False,"{""c_string"": {""accepted"": 1, ""planned"": 1}}",{},0,5,,True,,,passed,,passed,,passed,,passed,,passed,,"{""passed"": 5, ""skipped"": 1}",,0,,0,,skipped,Disabled,,,,1.0,0,0,0,0
safemap.benchmark_results.v3,2026-07-27T16:00:34Z,361f548f6a773f261ea92c2484d58ae8fdd5a98e,True,string_length_long,safemap_without_idiom_plans,no_supported_synthesis,No output remained when the idiom plans component was disabled.,/mnt/data/college/research/SafeMAP/reports/development-component-ablations/safemap_without_idiom_plans/.safemap/runs/20260727T160314Z-string_length_long-09f82b4a,11,2,1,1,1.0,2,1.0,0,0,{},libclang,,string_length_long,safe_translatable_with_api_change,rejected,True,False,safe_translatable_with_api_change,string_length_long,1,0,0.0,"{""safe_translatable_with_api_change"": 1}",2,2,2,0,0,0,0,0,0,0.0,"{""safe_translatable"": 1, ""safe_translatable_with_api_change"": 1}","{""candidate_safe"": 2}","{""not_implemented"": 2}","{""declared_target"": {""behaviorally_validated"": 0, ""candidate_safe"": 1, ""compile_passed"": 0, ""generated"": 0, ""implemented_support"": 0, ""policy_safe"": 0, ""total"": 1}, ""entry_point"": {""behaviorally_validated"": 0, ""candidate_safe"": 1, ""compile_passed"": 0, ""generated"": 0, ""implemented_support"": 0, ""policy_safe"": 0, ""total"": 1}, ""helper"": {""behaviorally_validated"": 0, ""candidate_safe"": 0, ""compile_passed"": 0, ""generated"": 0, ""implemented_support"": 0, ""policy_safe"": 0, ""total"": 0}, ""other"": {""behaviorally_validated"": 0, ""candidate_safe"": 0, ""compile_passed"": 0, ""generated"": 0, ""implemented_support"": 0, ""policy_safe"": 0, ""total"": 0}}",False,False,{},{},0,0,,,,,,,,,,,,,,,{},,,,,,,,,,,,0,0,0,0
safemap.benchmark_results.v3,2026-07-27T16:00:34Z,361f548f6a773f261ea92c2484d58ae8fdd5a98e,True,string_length_long,safemap_without_validation_feedback,completed,,/mnt/data/college/research/SafeMAP/reports/development-component-ablations/safemap_without_validation_feedback/.safemap/runs/20260727T160314Z-string_length_long-f16fcc53,11,2,1,1,1.0,2,1.0,0,0,{},libclang,,string_length_long,safe_translatable_with_api_change,planned,True,True,accepted,string_length_long,1,1,1.0,"{""accepted"": 1}",2,2,2,1,1,1,1,1,1,0.5,"{""safe_translatable"": 1, ""safe_translatable_with_api_change"": 1}","{""candidate_safe"": 2}","{""implemented_support"": 1, ""not_implemented"": 1}","{""declared_target"": {""behaviorally_validated"": 1, ""candidate_safe"": 1, ""compile_passed"": 1, ""generated"": 1, ""implemented_support"": 1, ""policy_safe"": 1, ""total"": 1}, ""entry_point"": {""behaviorally_validated"": 0, ""candidate_safe"": 1, ""compile_passed"": 0, ""generated"": 0, ""implemented_support"": 0, ""policy_safe"": 0, ""total"": 1}, ""helper"": {""behaviorally_validated"": 0, ""candidate_safe"": 0, ""compile_passed"": 0, ""generated"": 0, ""implemented_support"": 0, ""policy_safe"": 0, ""total"": 0}, ""other"": {""behaviorally_validated"": 0, ""candidate_safe"": 0, ""compile_passed"": 0, ""generated"": 0, ""implemented_support"": 0, ""policy_safe"": 0, ""total"": 0}}",False,False,"{""c_string"": {""accepted"": 1, ""planned"": 1}}",{},0,5,,True,,,passed,,passed,,passed,,passed,,passed,,"{""passed"": 5, ""skipped"": 1}",,0,,0,,skipped,Disabled,,,,1.0,0,0,0,0
safemap.benchmark_results.v3,2026-07-27T16:00:34Z,361f548f6a773f261ea92c2484d58ae8fdd5a98e,True,string_length_size_t,safemap_deterministic,no_supported_synthesis,No eligible unit matched the deterministic synthesizer's implemented source patterns.,/mnt/data/college/research/SafeMAP/reports/development-component-ablations/safemap_deterministic/.safemap/runs/20260727T160315Z-string_length_size_t-a9a0cd09,11,2,1,1,1.0,2,1.0,0,0,{},libclang,,byte_len,safe_translatable_with_api_change,planned,True,False,not_accepted,byte_len,1,0,0.0,"{""not_accepted"": 1}",2,2,2,0,0,0,0,0,0,0.0,"{""safe_translatable"": 1, ""safe_translatable_with_api_change"": 1}","{""candidate_safe"": 2}","{""not_implemented"": 2}","{""declared_target"": {""behaviorally_validated"": 0, ""candidate_safe"": 1, ""compile_passed"": 0, ""generated"": 0, ""implemented_support"": 0, ""policy_safe"": 0, ""total"": 1}, ""entry_point"": {""behaviorally_validated"": 0, ""candidate_safe"": 1, ""compile_passed"": 0, ""generated"": 0, ""implemented_support"": 0, ""policy_safe"": 0, ""total"": 1}, ""helper"": {""behaviorally_validated"": 0, ""candidate_safe"": 0, ""compile_passed"": 0, ""generated"": 0, ""implemented_support"": 0, ""policy_safe"": 0, ""total"": 0}, ""other"": {""behaviorally_validated"": 0, ""candidate_safe"": 0, ""compile_passed"": 0, ""generated"": 0, ""implemented_support"": 0, ""policy_safe"": 0, ""total"": 0}}",False,False,"{""c_string"": {""accepted"": 0, ""planned"": 1}}",{},0,0,,,,,,,,,,,,,,,{},,,,,,,,,,,,0,0,0,0
safemap.benchmark_results.v3,2026-07-27T16:00:34Z,361f548f6a773f261ea92c2484d58ae8fdd5a98e,True,string_length_size_t,safemap_without_pointer_roles,no_supported_synthesis,No output remained when the pointer roles component was disabled.,/mnt/data/college/research/SafeMAP/reports/development-component-ablations/safemap_without_pointer_roles/.safemap/runs/20260727T160315Z-string_length_size_t-d028cdd2,11,2,1,1,1.0,2,1.0,0,0,{},libclang,,byte_len,safe_translatable_with_api_change,planned,True,False,not_accepted,byte_len,1,0,0.0,"{""not_accepted"": 1}",2,2,2,0,0,0,0,0,0,0.0,"{""safe_translatable"": 1, ""safe_translatable_with_api_change"": 1}","{""candidate_safe"": 2}","{""not_implemented"": 2}","{""declared_target"": {""behaviorally_validated"": 0, ""candidate_safe"": 1, ""compile_passed"": 0, ""generated"": 0, ""implemented_support"": 0, ""policy_safe"": 0, ""total"": 1}, ""entry_point"": {""behaviorally_validated"": 0, ""candidate_safe"": 1, ""compile_passed"": 0, ""generated"": 0, ""implemented_support"": 0, ""policy_safe"": 0, ""total"": 1}, ""helper"": {""behaviorally_validated"": 0, ""candidate_safe"": 0, ""compile_passed"": 0, ""generated"": 0, ""implemented_support"": 0, ""policy_safe"": 0, ""total"": 0}, ""other"": {""behaviorally_validated"": 0, ""candidate_safe"": 0, ""compile_passed"": 0, ""generated"": 0, ""implemented_support"": 0, ""policy_safe"": 0, ""total"": 0}}",False,False,"{""c_string"": {""accepted"": 0, ""planned"": 1}}",{},0,0,,,,,,,,,,,,,,,{},,,,,,,,,,,,0,0,0,0
safemap.benchmark_results.v3,2026-07-27T16:00:34Z,361f548f6a773f261ea92c2484d58ae8fdd5a98e,True,string_length_size_t,safemap_without_safe_signatures,no_supported_synthesis,No output remained when the safe signatures component was disabled.,/mnt/data/college/research/SafeMAP/reports/development-component-ablations/safemap_without_safe_signatures/.safemap/runs/20260727T160315Z-string_length_size_t-9e52f8b1,11,2,1,1,1.0,2,1.0,0,0,{},libclang,,byte_len,safe_translatable_with_api_change,planned,True,False,not_accepted,byte_len,1,0,0.0,"{""not_accepted"": 1}",2,2,2,0,0,0,0,0,0,0.0,"{""safe_translatable"": 1, ""safe_translatable_with_api_change"": 1}","{""candidate_safe"": 2}","{""not_implemented"": 2}","{""declared_target"": {""behaviorally_validated"": 0, ""candidate_safe"": 1, ""compile_passed"": 0, ""generated"": 0, ""implemented_support"": 0, ""policy_safe"": 0, ""total"": 1}, ""entry_point"": {""behaviorally_validated"": 0, ""candidate_safe"": 1, ""compile_passed"": 0, ""generated"": 0, ""implemented_support"": 0, ""policy_safe"": 0, ""total"": 1}, ""helper"": {""behaviorally_validated"": 0, ""candidate_safe"": 0, ""compile_passed"": 0, ""generated"": 0, ""implemented_support"": 0, ""policy_safe"": 0, ""total"": 0}, ""other"": {""behaviorally_validated"": 0, ""candidate_safe"": 0, ""compile_passed"": 0, ""generated"": 0, ""implemented_support"": 0, ""policy_safe"": 0, ""total"": 0}}",False,False,"{""c_string"": {""accepted"": 0, ""planned"": 1}}",{},0,0,,,,,,,,,,,,,,,{},,,,,,,,,,,,0,0,0,0
safemap.benchmark_results.v3,2026-07-27T16:00:34Z,361f548f6a773f261ea92c2484d58ae8fdd5a98e,True,string_length_size_t,safemap_without_dependency_grouping,no_supported_synthesis,No output remained when the dependency grouping component was disabled.,/mnt/data/college/research/SafeMAP/reports/development-component-ablations/safemap_without_dependency_grouping/.safemap/runs/20260727T160315Z-string_length_size_t-66e4e6fc,11,2,1,1,1.0,2,1.0,0,0,{},libclang,,byte_len,safe_translatable_with_api_change,planned,True,False,not_accepted,byte_len,1,0,0.0,"{""not_accepted"": 1}",2,2,2,0,0,0,0,0,0,0.0,"{""safe_translatable"": 1, ""safe_translatable_with_api_change"": 1}","{""candidate_safe"": 2}","{""not_implemented"": 2}","{""declared_target"": {""behaviorally_validated"": 0, ""candidate_safe"": 1, ""compile_passed"": 0, ""generated"": 0, ""implemented_support"": 0, ""policy_safe"": 0, ""total"": 1}, ""entry_point"": {""behaviorally_validated"": 0, ""candidate_safe"": 1, ""compile_passed"": 0, ""generated"": 0, ""implemented_support"": 0, ""policy_safe"": 0, ""total"": 1}, ""helper"": {""behaviorally_validated"": 0, ""candidate_safe"": 0, ""compile_passed"": 0, ""generated"": 0, ""implemented_support"": 0, ""policy_safe"": 0, ""total"": 0}, ""other"": {""behaviorally_validated"": 0, ""candidate_safe"": 0, ""compile_passed"": 0, ""generated"": 0, ""implemented_support"": 0, ""policy_safe"": 0, ""total"": 0}}",False,False,"{""c_string"": {""accepted"": 0, ""planned"": 1}}",{},0,0,,,,,,,,,,,,,,,{},,,,,,,,,,,,0,0,0,0
safemap.benchmark_results.v3,2026-07-27T16:00:34Z,361f548f6a773f261ea92c2484d58ae8fdd5a98e,True,string_length_size_t,safemap_without_idiom_plans,no_supported_synthesis,No output remained when the idiom plans component was disabled.,/mnt/data/college/research/SafeMAP/reports/development-component-ablations/safemap_without_idiom_plans/.safemap/runs/20260727T160315Z-string_length_size_t-62c709f9,11,2,1,1,1.0,2,1.0,0,0,{},libclang,,byte_len,safe_translatable_with_api_change,rejected,True,False,safe_translatable_with_api_change,byte_len,1,0,0.0,"{""safe_translatable_with_api_change"": 1}",2,2,2,0,0,0,0,0,0,0.0,"{""safe_translatable"": 1, ""safe_translatable_with_api_change"": 1}","{""candidate_safe"": 2}","{""not_implemented"": 2}","{""declared_target"": {""behaviorally_validated"": 0, ""candidate_safe"": 1, ""compile_passed"": 0, ""generated"": 0, ""implemented_support"": 0, ""policy_safe"": 0, ""total"": 1}, ""entry_point"": {""behaviorally_validated"": 0, ""candidate_safe"": 1, ""compile_passed"": 0, ""generated"": 0, ""implemented_support"": 0, ""policy_safe"": 0, ""total"": 1}, ""helper"": {""behaviorally_validated"": 0, ""candidate_safe"": 0, ""compile_passed"": 0, ""generated"": 0, ""implemented_support"": 0, ""policy_safe"": 0, ""total"": 0}, ""other"": {""behaviorally_validated"": 0, ""candidate_safe"": 0, ""compile_passed"": 0, ""generated"": 0, ""implemented_support"": 0, ""policy_safe"": 0, ""total"": 0}}",False,False,{},{},0,0,,,,,,,,,,,,,,,{},,,,,,,,,,,,0,0,0,0
safemap.benchmark_results.v3,2026-07-27T16:00:34Z,361f548f6a773f261ea92c2484d58ae8fdd5a98e,True,string_length_size_t,safemap_without_validation_feedback,no_supported_synthesis,No output remained when the validation feedback component was disabled.,/mnt/data/college/research/SafeMAP/reports/development-component-ablations/safemap_without_validation_feedback/.safemap/runs/20260727T160315Z-string_length_size_t-3aae938c,11,2,1,1,1.0,2,1.0,0,0,{},libclang,,byte_len,safe_translatable_with_api_change,planned,True,False,not_accepted,byte_len,1,0,0.0,"{""not_accepted"": 1}",2,2,2,0,0,0,0,0,0,0.0,"{""safe_translatable"": 1, ""safe_translatable_with_api_change"": 1}","{""candidate_safe"": 2}","{""not_implemented"": 2}","{""declared_target"": {""behaviorally_validated"": 0, ""candidate_safe"": 1, ""compile_passed"": 0, ""generated"": 0, ""implemented_support"": 0, ""policy_safe"": 0, ""total"": 1}, ""entry_point"": {""behaviorally_validated"": 0, ""candidate_safe"": 1, ""compile_passed"": 0, ""generated"": 0, ""implemented_support"": 0, ""policy_safe"": 0, ""total"": 1}, ""helper"": {""behaviorally_validated"": 0, ""candidate_safe"": 0, ""compile_passed"": 0, ""generated"": 0, ""implemented_support"": 0, ""policy_safe"": 0, ""total"": 0}, ""other"": {""behaviorally_validated"": 0, ""candidate_safe"": 0, ""compile_passed"": 0, ""generated"": 0, ""implemented_support"": 0, ""policy_safe"": 0, ""total"": 0}}",False,False,"{""c_string"": {""accepted"": 0, ""planned"": 1}}",{},0,0,,,,,,,,,,,,,,,{},,,,,,,,,,,,0,0,0,0
safemap.benchmark_results.v3,2026-07-27T16:00:34Z,361f548f6a773f261ea92c2484d58ae8fdd5a98e,True,sum_diff_outputs,safemap_deterministic,completed,,/mnt/data/college/research/SafeMAP/reports/development-component-ablations/safemap_deterministic/.safemap/runs/20260727T160315Z-sum_diff_outputs-72fca84b,14,2,4,2,0.5,2,1.0,0,0,{},libclang,,sum_diff_pair,safe_translatable_with_api_change,planned,True,True,accepted,sum_diff_pair,1,1,1.0,"{""accepted"": 1}",2,2,2,1,1,1,1,1,1,0.5,"{""safe_translatable"": 1, ""safe_translatable_with_api_change"": 1}","{""candidate_safe"": 2}","{""implemented_support"": 1, ""not_implemented"": 1}","{""declared_target"": {""behaviorally_validated"": 1, ""candidate_safe"": 1, ""compile_passed"": 1, ""generated"": 1, ""implemented_support"": 1, ""policy_safe"": 1, ""total"": 1}, ""entry_point"": {""behaviorally_validated"": 0, ""candidate_safe"": 1, ""compile_passed"": 0, ""generated"": 0, ""implemented_support"": 0, ""policy_safe"": 0, ""total"": 1}, ""helper"": {""behaviorally_validated"": 0, ""candidate_safe"": 0, ""compile_passed"": 0, ""generated"": 0, ""implemented_support"": 0, ""policy_safe"": 0, ""total"": 0}, ""other"": {""behaviorally_validated"": 0, ""candidate_safe"": 0, ""compile_passed"": 0, ""generated"": 0, ""implemented_support"": 0, ""policy_safe"": 0, ""total"": 0}}",False,False,"{""output_parameter"": {""accepted"": 1, ""planned"": 1}}",{},0,5,,True,,,passed,,passed,,passed,,passed,,passed,,"{""passed"": 5, ""skipped"": 1}",,0,,0,,skipped,Disabled,,,,1.0,0,0,0,0
safemap.benchmark_results.v3,2026-07-27T16:00:34Z,361f548f6a773f261ea92c2484d58ae8fdd5a98e,True,sum_diff_outputs,safemap_without_pointer_roles,no_supported_synthesis,No output remained when the pointer roles component was disabled.,/mnt/data/college/research/SafeMAP/reports/development-component-ablations/safemap_without_pointer_roles/.safemap/runs/20260727T160317Z-sum_diff_outputs-13655a59,14,2,4,2,0.5,2,1.0,0,0,{},libclang,,sum_diff_pair,safe_translatable_with_api_change,rejected,False,False,requires_manual_refactor,sum_diff_pair,1,0,0.0,"{""requires_manual_refactor"": 1}",2,1,1,0,0,0,0,0,0,0.0,"{""requires_manual_refactor"": 1, ""safe_translatable"": 1}","{""candidate_safe"": 1, ""manual_refactor_required"": 1}","{""not_applicable"": 1, ""not_implemented"": 1}","{""declared_target"": {""behaviorally_validated"": 0, ""candidate_safe"": 0, ""compile_passed"": 0, ""generated"": 0, ""implemented_support"": 0, ""policy_safe"": 0, ""total"": 1}, ""entry_point"": {""behaviorally_validated"": 0, ""candidate_safe"": 1, ""compile_passed"": 0, ""generated"": 0, ""implemented_support"": 0, ""policy_safe"": 0, ""total"": 1}, ""helper"": {""behaviorally_validated"": 0, ""candidate_safe"": 0, ""compile_passed"": 0, ""generated"": 0, ""implemented_support"": 0, ""policy_safe"": 0, ""total"": 0}, ""other"": {""behaviorally_validated"": 0, ""candidate_safe"": 0, ""compile_passed"": 0, ""generated"": 0, ""implemented_support"": 0, ""policy_safe"": 0, ""total"": 0}}",False,False,{},"{""requires_manual_refactor"": 1}",0,0,,,,,,,,,,,,,,,{},,,,,,,,,,,,0,0,0,0
safemap.benchmark_results.v3,2026-07-27T16:00:34Z,361f548f6a773f261ea92c2484d58ae8fdd5a98e,True,sum_diff_outputs,safemap_without_safe_signatures,completed,,/mnt/data/college/research/SafeMAP/reports/development-component-ablations/safemap_without_safe_signatures/.safemap/runs/20260727T160317Z-sum_diff_outputs-586c7776,14,2,4,2,0.5,2,1.0,0,0,{},libclang,,sum_diff_pair,safe_translatable_with_api_change,planned,True,False,not_accepted,sum_diff_pair,1,0,0.0,"{""not_accepted"": 1}",2,2,2,1,1,0,0,0,0,0.0,"{""safe_translatable"": 1, ""safe_translatable_with_api_change"": 1}","{""candidate_safe"": 2}","{""implemented_support"": 1, ""not_implemented"": 1}","{""declared_target"": {""behaviorally_validated"": 0, ""candidate_safe"": 1, ""compile_passed"": 0, ""generated"": 1, ""implemented_support"": 1, ""policy_safe"": 0, ""total"": 1}, ""entry_point"": {""behaviorally_validated"": 0, ""candidate_safe"": 1, ""compile_passed"": 0, ""generated"": 0, ""implemented_support"": 0, ""policy_safe"": 0, ""total"": 1}, ""helper"": {""behaviorally_validated"": 0, ""candidate_safe"": 0, ""compile_passed"": 0, ""generated"": 0, ""implemented_support"": 0, ""policy_safe"": 0, ""total"": 0}, ""other"": {""behaviorally_validated"": 0, ""candidate_safe"": 0, ""compile_passed"": 0, ""generated"": 0, ""implemented_support"": 0, ""policy_safe"": 0, ""total"": 0}}",False,False,"{""output_parameter"": {""accepted"": 0, ""planned"": 1}}","{""validation_failed"": 1}",0,5,,False,,,failed,,failed,,failed,,failed,Could not build translated Rust program,passed,,"{""failed"": 4, ""passed"": 1, ""skipped"": 1}",,0,,2,,skipped,Disabled,,,,,0,0,0,0
safemap.benchmark_results.v3,2026-07-27T16:00:34Z,361f548f6a773f261ea92c2484d58ae8fdd5a98e,True,sum_diff_outputs,safemap_without_dependency_grouping,completed,,/mnt/data/college/research/SafeMAP/reports/development-component-ablations/safemap_without_dependency_grouping/.safemap/runs/20260727T160317Z-sum_diff_outputs-2e6d260f,14,2,4,2,0.5,2,1.0,0,0,{},libclang,,sum_diff_pair,safe_translatable_with_api_change,planned,True,True,accepted,sum_diff_pair,1,1,1.0,"{""accepted"": 1}",2,2,2,1,1,1,1,1,1,0.5,"{""safe_translatable"": 1, ""safe_translatable_with_api_change"": 1}","{""candidate_safe"": 2}","{""implemented_support"": 1, ""not_implemented"": 1}","{""declared_target"": {""behaviorally_validated"": 1, ""candidate_safe"": 1, ""compile_passed"": 1, ""generated"": 1, ""implemented_support"": 1, ""policy_safe"": 1, ""total"": 1}, ""entry_point"": {""behaviorally_validated"": 0, ""candidate_safe"": 1, ""compile_passed"": 0, ""generated"": 0, ""implemented_support"": 0, ""policy_safe"": 0, ""total"": 1}, ""helper"": {""behaviorally_validated"": 0, ""candidate_safe"": 0, ""compile_passed"": 0, ""generated"": 0, ""implemented_support"": 0, ""policy_safe"": 0, ""total"": 0}, ""other"": {""behaviorally_validated"": 0, ""candidate_safe"": 0, ""compile_passed"": 0, ""generated"": 0, ""implemented_support"": 0, ""policy_safe"": 0, ""total"": 0}}",False,False,"{""output_parameter"": {""accepted"": 1, ""planned"": 1}}",{},0,5,,True,,,passed,,passed,,passed,,passed,,passed,,"{""passed"": 5, ""skipped"": 1}",,0,,0,,skipped,Disabled,,,,1.0,0,0,0,0
safemap.benchmark_results.v3,2026-07-27T16:00:34Z,361f548f6a773f261ea92c2484d58ae8fdd5a98e,True,sum_diff_outputs,safemap_without_idiom_plans,no_supported_synthesis,No output remained when the idiom plans component was disabled.,/mnt/data/college/research/SafeMAP/reports/development-component-ablations/safemap_without_idiom_plans/.safemap/runs/20260727T160318Z-sum_diff_outputs-8710d7e6,14,2,4,2,0.5,2,1.0,0,0,{},libclang,,sum_diff_pair,safe_translatable_with_api_change,rejected,True,False,safe_translatable_with_api_change,sum_diff_pair,1,0,0.0,"{""safe_translatable_with_api_change"": 1}",2,2,2,0,0,0,0,0,0,0.0,"{""safe_translatable"": 1, ""safe_translatable_with_api_change"": 1}","{""candidate_safe"": 2}","{""not_implemented"": 2}","{""declared_target"": {""behaviorally_validated"": 0, ""candidate_safe"": 1, ""compile_passed"": 0, ""generated"": 0, ""implemented_support"": 0, ""policy_safe"": 0, ""total"": 1}, ""entry_point"": {""behaviorally_validated"": 0, ""candidate_safe"": 1, ""compile_passed"": 0, ""generated"": 0, ""implemented_support"": 0, ""policy_safe"": 0, ""total"": 1}, ""helper"": {""behaviorally_validated"": 0, ""candidate_safe"": 0, ""compile_passed"": 0, ""generated"": 0, ""implemented_support"": 0, ""policy_safe"": 0, ""total"": 0}, ""other"": {""behaviorally_validated"": 0, ""candidate_safe"": 0, ""compile_passed"": 0, ""generated"": 0, ""implemented_support"": 0, ""policy_safe"": 0, ""total"": 0}}",False,False,{},{},0,0,,,,,,,,,,,,,,,{},,,,,,,,,,,,0,0,0,0
safemap.benchmark_results.v3,2026-07-27T16:00:34Z,361f548f6a773f261ea92c2484d58ae8fdd5a98e,True,sum_diff_outputs,safemap_without_validation_feedback,completed,,/mnt/data/college/research/SafeMAP/reports/development-component-ablations/safemap_without_validation_feedback/.safemap/runs/20260727T160319Z-sum_diff_outputs-93192638,14,2,4,2,0.5,2,1.0,0,0,{},libclang,,sum_diff_pair,safe_translatable_with_api_change,planned,True,True,accepted,sum_diff_pair,1,1,1.0,"{""accepted"": 1}",2,2,2,1,1,1,1,1,1,0.5,"{""safe_translatable"": 1, ""safe_translatable_with_api_change"": 1}","{""candidate_safe"": 2}","{""implemented_support"": 1, ""not_implemented"": 1}","{""declared_target"": {""behaviorally_validated"": 1, ""candidate_safe"": 1, ""compile_passed"": 1, ""generated"": 1, ""implemented_support"": 1, ""policy_safe"": 1, ""total"": 1}, ""entry_point"": {""behaviorally_validated"": 0, ""candidate_safe"": 1, ""compile_passed"": 0, ""generated"": 0, ""implemented_support"": 0, ""policy_safe"": 0, ""total"": 1}, ""helper"": {""behaviorally_validated"": 0, ""candidate_safe"": 0, ""compile_passed"": 0, ""generated"": 0, ""implemented_support"": 0, ""policy_safe"": 0, ""total"": 0}, ""other"": {""behaviorally_validated"": 0, ""candidate_safe"": 0, ""compile_passed"": 0, ""generated"": 0, ""implemented_support"": 0, ""policy_safe"": 0, ""total"": 0}}",False,False,"{""output_parameter"": {""accepted"": 1, ""planned"": 1}}",{},0,5,,True,,,passed,,passed,,passed,,passed,,passed,,"{""passed"": 5, ""skipped"": 1}",,0,,0,,skipped,Disabled,,,,1.0,0,0,0,0
safemap.benchmark_results.v3,2026-07-27T16:00:34Z,361f548f6a773f261ea92c2484d58ae8fdd5a98e,True,unsupported_function_pointer,safemap_deterministic,completed,,/mnt/data/college/research/SafeMAP/reports/development-component-ablations/safemap_deterministic/.safemap/runs/20260727T160320Z-unsupported_function_pointer-eae5d647,14,3,5,1,0.2,3,1.0,1,1,"{""function_pointer"": 1}",libclang,,apply,unsupported,rejected,False,False,unsupported,apply,1,0,0.0,"{""unsupported"": 1}",3,2,2,1,1,1,1,1,1,0.5,"{""safe_translatable"": 2, ""unsupported"": 1}","{""candidate_safe"": 2, ""unknown"": 1}","{""implemented_support"": 1, ""not_applicable"": 1, ""not_implemented"": 1}","{""declared_target"": {""behaviorally_validated"": 0, ""candidate_safe"": 0, ""compile_passed"": 0, ""generated"": 0, ""implemented_support"": 0, ""policy_safe"": 0, ""total"": 1}, ""entry_point"": {""behaviorally_validated"": 0, ""candidate_safe"": 1, ""compile_passed"": 0, ""generated"": 0, ""implemented_support"": 0, ""policy_safe"": 0, ""total"": 1}, ""helper"": {""behaviorally_validated"": 1, ""candidate_safe"": 1, ""compile_passed"": 1, ""generated"": 1, ""implemented_support"": 1, ""policy_safe"": 1, ""total"": 1}, ""other"": {""behaviorally_validated"": 0, ""candidate_safe"": 0, ""compile_passed"": 0, ""generated"": 0, ""implemented_support"": 0, ""policy_safe"": 0, ""total"": 0}}",False,False,{},"{""unsupported"": 1}",0,5,,True,,,passed,,passed,,passed,,passed,,passed,,"{""passed"": 5, ""skipped"": 1}",,0,,0,,skipped,Disabled,,,,1.0,0,0,0,0
safemap.benchmark_results.v3,2026-07-27T16:00:34Z,361f548f6a773f261ea92c2484d58ae8fdd5a98e,True,unsupported_function_pointer,safemap_without_pointer_roles,completed,,/mnt/data/college/research/SafeMAP/reports/development-component-ablations/safemap_without_pointer_roles/.safemap/runs/20260727T160321Z-unsupported_function_pointer-96dc1632,14,3,5,1,0.2,3,1.0,1,1,"{""function_pointer"": 1}",libclang,,apply,unsupported,rejected,False,False,unsupported,apply,1,0,0.0,"{""unsupported"": 1}",3,2,2,1,1,1,1,1,1,0.5,"{""safe_translatable"": 2, ""unsupported"": 1}","{""candidate_safe"": 2, ""unknown"": 1}","{""implemented_support"": 1, ""not_applicable"": 1, ""not_implemented"": 1}","{""declared_target"": {""behaviorally_validated"": 0, ""candidate_safe"": 0, ""compile_passed"": 0, ""generated"": 0, ""implemented_support"": 0, ""policy_safe"": 0, ""total"": 1}, ""entry_point"": {""behaviorally_validated"": 0, ""candidate_safe"": 1, ""compile_passed"": 0, ""generated"": 0, ""implemented_support"": 0, ""policy_safe"": 0, ""total"": 1}, ""helper"": {""behaviorally_validated"": 1, ""candidate_safe"": 1, ""compile_passed"": 1, ""generated"": 1, ""implemented_support"": 1, ""policy_safe"": 1, ""total"": 1}, ""other"": {""behaviorally_validated"": 0, ""candidate_safe"": 0, ""compile_passed"": 0, ""generated"": 0, ""implemented_support"": 0, ""policy_safe"": 0, ""total"": 0}}",False,False,{},"{""unsupported"": 1}",0,5,,True,,,passed,,passed,,passed,,passed,,passed,,"{""passed"": 5, ""skipped"": 1}",,0,,0,,skipped,Disabled,,,,1.0,0,0,0,0
safemap.benchmark_results.v3,2026-07-27T16:00:34Z,361f548f6a773f261ea92c2484d58ae8fdd5a98e,True,unsupported_function_pointer,safemap_without_safe_signatures,completed,,/mnt/data/college/research/SafeMAP/reports/development-component-ablations/safemap_without_safe_signatures/.safemap/runs/20260727T160322Z-unsupported_function_pointer-6161fa5d,14,3,5,1,0.2,3,1.0,1,1,"{""function_pointer"": 1}",libclang,,apply,unsupported,rejected,False,False,unsupported,apply,1,0,0.0,"{""unsupported"": 1}",3,2,2,1,1,1,1,1,1,0.5,"{""safe_translatable"": 2, ""unsupported"": 1}","{""candidate_safe"": 2, ""unknown"": 1}","{""implemented_support"": 1, ""not_applicable"": 1, ""not_implemented"": 1}","{""declared_target"": {""behaviorally_validated"": 0, ""candidate_safe"": 0, ""compile_passed"": 0, ""generated"": 0, ""implemented_support"": 0, ""policy_safe"": 0, ""total"": 1}, ""entry_point"": {""behaviorally_validated"": 0, ""candidate_safe"": 1, ""compile_passed"": 0, ""generated"": 0, ""implemented_support"": 0, ""policy_safe"": 0, ""total"": 1}, ""helper"": {""behaviorally_validated"": 1, ""candidate_safe"": 1, ""compile_passed"": 1, ""generated"": 1, ""implemented_support"": 1, ""policy_safe"": 1, ""total"": 1}, ""other"": {""behaviorally_validated"": 0, ""candidate_safe"": 0, ""compile_passed"": 0, ""generated"": 0, ""implemented_support"": 0, ""policy_safe"": 0, ""total"": 0}}",False,False,{},"{""unsupported"": 1}",0,5,,True,,,passed,,passed,,passed,,passed,,passed,,"{""passed"": 5, ""skipped"": 1}",,0,,0,,skipped,Disabled,,,,1.0,0,0,0,0
safemap.benchmark_results.v3,2026-07-27T16:00:34Z,361f548f6a773f261ea92c2484d58ae8fdd5a98e,True,unsupported_function_pointer,safemap_without_dependency_grouping,completed,,/mnt/data/college/research/SafeMAP/reports/development-component-ablations/safemap_without_dependency_grouping/.safemap/runs/20260727T160323Z-unsupported_function_pointer-d54fe7a8,14,3,5,1,0.2,3,1.0,1,1,"{""function_pointer"": 1}",libclang,,apply,unsupported,rejected,False,False,unsupported,apply,1,0,0.0,"{""unsupported"": 1}",3,2,2,1,1,1,1,1,1,0.5,"{""safe_translatable"": 2, ""unsupported"": 1}","{""candidate_safe"": 2, ""unknown"": 1}","{""implemented_support"": 1, ""not_applicable"": 1, ""not_implemented"": 1}","{""declared_target"": {""behaviorally_validated"": 0, ""candidate_safe"": 0, ""compile_passed"": 0, ""generated"": 0, ""implemented_support"": 0, ""policy_safe"": 0, ""total"": 1}, ""entry_point"": {""behaviorally_validated"": 0, ""candidate_safe"": 1, ""compile_passed"": 0, ""generated"": 0, ""implemented_support"": 0, ""policy_safe"": 0, ""total"": 1}, ""helper"": {""behaviorally_validated"": 1, ""candidate_safe"": 1, ""compile_passed"": 1, ""generated"": 1, ""implemented_support"": 1, ""policy_safe"": 1, ""total"": 1}, ""other"": {""behaviorally_validated"": 0, ""candidate_safe"": 0, ""compile_passed"": 0, ""generated"": 0, ""implemented_support"": 0, ""policy_safe"": 0, ""total"": 0}}",False,False,{},"{""unsupported"": 1}",0,5,,True,,,passed,,passed,,passed,,passed,,passed,,"{""passed"": 5, ""skipped"": 1}",,0,,0,,skipped,Disabled,,,,1.0,0,0,0,0
safemap.benchmark_results.v3,2026-07-27T16:00:34Z,361f548f6a773f261ea92c2484d58ae8fdd5a98e,True,unsupported_function_pointer,safemap_without_idiom_plans,completed,,/mnt/data/college/research/SafeMAP/reports/development-component-ablations/safemap_without_idiom_plans/.safemap/runs/20260727T160324Z-unsupported_function_pointer-0b5e94be,14,3,5,1,0.2,3,1.0,1,1,"{""function_pointer"": 1}",libclang,,apply,unsupported,rejected,False,False,unsupported,apply,1,0,0.0,"{""unsupported"": 1}",3,2,2,1,1,1,1,1,1,0.5,"{""safe_translatable"": 2, ""unsupported"": 1}","{""candidate_safe"": 2, ""unknown"": 1}","{""implemented_support"": 1, ""not_applicable"": 1, ""not_implemented"": 1}","{""declared_target"": {""behaviorally_validated"": 0, ""candidate_safe"": 0, ""compile_passed"": 0, ""generated"": 0, ""implemented_support"": 0, ""policy_safe"": 0, ""total"": 1}, ""entry_point"": {""behaviorally_validated"": 0, ""candidate_safe"": 1, ""compile_passed"": 0, ""generated"": 0, ""implemented_support"": 0, ""policy_safe"": 0, ""total"": 1}, ""helper"": {""behaviorally_validated"": 1, ""candidate_safe"": 1, ""compile_passed"": 1, ""generated"": 1, ""implemented_support"": 1, ""policy_safe"": 1, ""total"": 1}, ""other"": {""behaviorally_validated"": 0, ""candidate_safe"": 0, ""compile_passed"": 0, ""generated"": 0, ""implemented_support"": 0, ""policy_safe"": 0, ""total"": 0}}",False,False,{},"{""unsupported"": 1}",0,5,,True,,,passed,,passed,,passed,,passed,,passed,,"{""passed"": 5, ""skipped"": 1}",,0,,0,,skipped,Disabled,,,,1.0,0,0,0,0
safemap.benchmark_results.v3,2026-07-27T16:00:34Z,361f548f6a773f261ea92c2484d58ae8fdd5a98e,True,unsupported_function_pointer,safemap_without_validation_feedback,completed,,/mnt/data/college/research/SafeMAP/reports/development-component-ablations/safemap_without_validation_feedback/.safemap/runs/20260727T160325Z-unsupported_function_pointer-46f5bfb6,14,3,5,1,0.2,3,1.0,1,1,"{""function_pointer"": 1}",libclang,,apply,unsupported,rejected,False,False,unsupported,apply,1,0,0.0,"{""unsupported"": 1}",3,2,2,1,1,1,1,1,1,0.5,"{""safe_translatable"": 2, ""unsupported"": 1}","{""candidate_safe"": 2, ""unknown"": 1}","{""implemented_support"": 1, ""not_applicable"": 1, ""not_implemented"": 1}","{""declared_target"": {""behaviorally_validated"": 0, ""candidate_safe"": 0, ""compile_passed"": 0, ""generated"": 0, ""implemented_support"": 0, ""policy_safe"": 0, ""total"": 1}, ""entry_point"": {""behaviorally_validated"": 0, ""candidate_safe"": 1, ""compile_passed"": 0, ""generated"": 0, ""implemented_support"": 0, ""policy_safe"": 0, ""total"": 1}, ""helper"": {""behaviorally_validated"": 1, ""candidate_safe"": 1, ""compile_passed"": 1, ""generated"": 1, ""implemented_support"": 1, ""policy_safe"": 1, ""total"": 1}, ""other"": {""behaviorally_validated"": 0, ""candidate_safe"": 0, ""compile_passed"": 0, ""generated"": 0, ""implemented_support"": 0, ""policy_safe"": 0, ""total"": 0}}",False,False,{},"{""unsupported"": 1}",0,5,,True,,,passed,,passed,,passed,,passed,,passed,,"{""passed"": 5, ""skipped"": 1}",,0,,0,,skipped,Disabled,,,,1.0,0,0,0,0
safemap.benchmark_results.v3,2026-07-27T16:00:34Z,361f548f6a773f261ea92c2484d58ae8fdd5a98e,True,unsupported_inline_asm,safemap_deterministic,no_supported_synthesis,No eligible unit matched the deterministic synthesizer's implemented source patterns.,/mnt/data/college/research/SafeMAP/reports/development-component-ablations/safemap_deterministic/.safemap/runs/20260727T160326Z-unsupported_inline_asm-d3452e05,11,2,1,0,0.0,2,1.0,1,2,"{""inline_assembly"": 1, ""volatile_access"": 1}",libclang,,has_inline_asm,unsupported,rejected,False,False,unsupported,has_inline_asm,1,0,0.0,"{""unsupported"": 1}",2,1,1,0,0,0,0,0,0,0.0,"{""safe_translatable"": 1, ""unsupported"": 1}","{""candidate_safe"": 1, ""unknown"": 1}","{""not_applicable"": 1, ""not_implemented"": 1}","{""declared_target"": {""behaviorally_validated"": 0, ""candidate_safe"": 0, ""compile_passed"": 0, ""generated"": 0, ""implemented_support"": 0, ""policy_safe"": 0, ""total"": 1}, ""entry_point"": {""behaviorally_validated"": 0, ""candidate_safe"": 1, ""compile_passed"": 0, ""generated"": 0, ""implemented_support"": 0, ""policy_safe"": 0, ""total"": 1}, ""helper"": {""behaviorally_validated"": 0, ""candidate_safe"": 0, ""compile_passed"": 0, ""generated"": 0, ""implemented_support"": 0, ""policy_safe"": 0, ""total"": 0}, ""other"": {""behaviorally_validated"": 0, ""candidate_safe"": 0, ""compile_passed"": 0, ""generated"": 0, ""implemented_support"": 0, ""policy_safe"": 0, ""total"": 0}}",False,False,{},"{""unsupported"": 1}",0,0,,,,,,,,,,,,,,,{},,,,,,,,,,,,0,0,0,0
safemap.benchmark_results.v3,2026-07-27T16:00:34Z,361f548f6a773f261ea92c2484d58ae8fdd5a98e,True,unsupported_inline_asm,safemap_without_pointer_roles,no_supported_synthesis,No output remained when the pointer roles component was disabled.,/mnt/data/college/research/SafeMAP/reports/development-component-ablations/safemap_without_pointer_roles/.safemap/runs/20260727T160326Z-unsupported_inline_asm-852e601c,11,2,1,0,0.0,2,1.0,1,2,"{""inline_assembly"": 1, ""volatile_access"": 1}",libclang,,has_inline_asm,unsupported,rejected,False,False,unsupported,has_inline_asm,1,0,0.0,"{""unsupported"": 1}",2,1,1,0,0,0,0,0,0,0.0,"{""safe_translatable"": 1, ""unsupported"": 1}","{""candidate_safe"": 1, ""unknown"": 1}","{""not_applicable"": 1, ""not_implemented"": 1}","{""declared_target"": {""behaviorally_validated"": 0, ""candidate_safe"": 0, ""compile_passed"": 0, ""generated"": 0, ""implemented_support"": 0, ""policy_safe"": 0, ""total"": 1}, ""entry_point"": {""behaviorally_validated"": 0, ""candidate_safe"": 1, ""compile_passed"": 0, ""generated"": 0, ""implemented_support"": 0, ""policy_safe"": 0, ""total"": 1}, ""helper"": {""behaviorally_validated"": 0, ""candidate_safe"": 0, ""compile_passed"": 0, ""generated"": 0, ""implemented_support"": 0, ""policy_safe"": 0, ""total"": 0}, ""other"": {""behaviorally_validated"": 0, ""candidate_safe"": 0, ""compile_passed"": 0, ""generated"": 0, ""implemented_support"": 0, ""policy_safe"": 0, ""total"": 0}}",False,False,{},"{""unsupported"": 1}",0,0,,,,,,,,,,,,,,,{},,,,,,,,,,,,0,0,0,0
safemap.benchmark_results.v3,2026-07-27T16:00:34Z,361f548f6a773f261ea92c2484d58ae8fdd5a98e,True,unsupported_inline_asm,safemap_without_safe_signatures,no_supported_synthesis,No output remained when the safe signatures component was disabled.,/mnt/data/college/research/SafeMAP/reports/development-component-ablations/safemap_without_safe_signatures/.safemap/runs/20260727T160326Z-unsupported_inline_asm-c451088d,11,2,1,0,0.0,2,1.0,1,2,"{""inline_assembly"": 1, ""volatile_access"": 1}",libclang,,has_inline_asm,unsupported,rejected,False,False,unsupported,has_inline_asm,1,0,0.0,"{""unsupported"": 1}",2,1,1,0,0,0,0,0,0,0.0,"{""safe_translatable"": 1, ""unsupported"": 1}","{""candidate_safe"": 1, ""unknown"": 1}","{""not_applicable"": 1, ""not_implemented"": 1}","{""declared_target"": {""behaviorally_validated"": 0, ""candidate_safe"": 0, ""compile_passed"": 0, ""generated"": 0, ""implemented_support"": 0, ""policy_safe"": 0, ""total"": 1}, ""entry_point"": {""behaviorally_validated"": 0, ""candidate_safe"": 1, ""compile_passed"": 0, ""generated"": 0, ""implemented_support"": 0, ""policy_safe"": 0, ""total"": 1}, ""helper"": {""behaviorally_validated"": 0, ""candidate_safe"": 0, ""compile_passed"": 0, ""generated"": 0, ""implemented_support"": 0, ""policy_safe"": 0, ""total"": 0}, ""other"": {""behaviorally_validated"": 0, ""candidate_safe"": 0, ""compile_passed"": 0, ""generated"": 0, ""implemented_support"": 0, ""policy_safe"": 0, ""total"": 0}}",False,False,{},"{""unsupported"": 1}",0,0,,,,,,,,,,,,,,,{},,,,,,,,,,,,0,0,0,0
safemap.benchmark_results.v3,2026-07-27T16:00:34Z,361f548f6a773f261ea92c2484d58ae8fdd5a98e,True,unsupported_inline_asm,safemap_without_dependency_grouping,no_supported_synthesis,No output remained when the dependency grouping component was disabled.,/mnt/data/college/research/SafeMAP/reports/development-component-ablations/safemap_without_dependency_grouping/.safemap/runs/20260727T160326Z-unsupported_inline_asm-832c1a72,11,2,1,0,0.0,2,1.0,1,2,"{""inline_assembly"": 1, ""volatile_access"": 1}",libclang,,has_inline_asm,unsupported,rejected,False,False,unsupported,has_inline_asm,1,0,0.0,"{""unsupported"": 1}",2,1,1,0,0,0,0,0,0,0.0,"{""safe_translatable"": 1, ""unsupported"": 1}","{""candidate_safe"": 1, ""unknown"": 1}","{""not_applicable"": 1, ""not_implemented"": 1}","{""declared_target"": {""behaviorally_validated"": 0, ""candidate_safe"": 0, ""compile_passed"": 0, ""generated"": 0, ""implemented_support"": 0, ""policy_safe"": 0, ""total"": 1}, ""entry_point"": {""behaviorally_validated"": 0, ""candidate_safe"": 1, ""compile_passed"": 0, ""generated"": 0, ""implemented_support"": 0, ""policy_safe"": 0, ""total"": 1}, ""helper"": {""behaviorally_validated"": 0, ""candidate_safe"": 0, ""compile_passed"": 0, ""generated"": 0, ""implemented_support"": 0, ""policy_safe"": 0, ""total"": 0}, ""other"": {""behaviorally_validated"": 0, ""candidate_safe"": 0, ""compile_passed"": 0, ""generated"": 0, ""implemented_support"": 0, ""policy_safe"": 0, ""total"": 0}}",False,False,{},"{""unsupported"": 1}",0,0,,,,,,,,,,,,,,,{},,,,,,,,,,,,0,0,0,0
safemap.benchmark_results.v3,2026-07-27T16:00:34Z,361f548f6a773f261ea92c2484d58ae8fdd5a98e,True,unsupported_inline_asm,safemap_without_idiom_plans,no_supported_synthesis,No output remained when the idiom plans component was disabled.,/mnt/data/college/research/SafeMAP/reports/development-component-ablations/safemap_without_idiom_plans/.safemap/runs/20260727T160326Z-unsupported_inline_asm-f5cf47c7,11,2,1,0,0.0,2,1.0,1,2,"{""inline_assembly"": 1, ""volatile_access"": 1}",libclang,,has_inline_asm,unsupported,rejected,False,False,unsupported,has_inline_asm,1,0,0.0,"{""unsupported"": 1}",2,1,1,0,0,0,0,0,0,0.0,"{""safe_translatable"": 1, ""unsupported"": 1}","{""candidate_safe"": 1, ""unknown"": 1}","{""not_applicable"": 1, ""not_implemented"": 1}","{""declared_target"": {""behaviorally_validated"": 0, ""candidate_safe"": 0, ""compile_passed"": 0, ""generated"": 0, ""implemented_support"": 0, ""policy_safe"": 0, ""total"": 1}, ""entry_point"": {""behaviorally_validated"": 0, ""candidate_safe"": 1, ""compile_passed"": 0, ""generated"": 0, ""implemented_support"": 0, ""policy_safe"": 0, ""total"": 1}, ""helper"": {""behaviorally_validated"": 0, ""candidate_safe"": 0, ""compile_passed"": 0, ""generated"": 0, ""implemented_support"": 0, ""policy_safe"": 0, ""total"": 0}, ""other"": {""behaviorally_validated"": 0, ""candidate_safe"": 0, ""compile_passed"": 0, ""generated"": 0, ""implemented_support"": 0, ""policy_safe"": 0, ""total"": 0}}",False,False,{},"{""unsupported"": 1}",0,0,,,,,,,,,,,,,,,{},,,,,,,,,,,,0,0,0,0
safemap.benchmark_results.v3,2026-07-27T16:00:34Z,361f548f6a773f261ea92c2484d58ae8fdd5a98e,True,unsupported_inline_asm,safemap_without_validation_feedback,no_supported_synthesis,No output remained when the validation feedback component was disabled.,/mnt/data/college/research/SafeMAP/reports/development-component-ablations/safemap_without_validation_feedback/.safemap/runs/20260727T160326Z-unsupported_inline_asm-2a786f32,11,2,1,0,0.0,2,1.0,1,2,"{""inline_assembly"": 1, ""volatile_access"": 1}",libclang,,has_inline_asm,unsupported,rejected,False,False,unsupported,has_inline_asm,1,0,0.0,"{""unsupported"": 1}",2,1,1,0,0,0,0,0,0,0.0,"{""safe_translatable"": 1, ""unsupported"": 1}","{""candidate_safe"": 1, ""unknown"": 1}","{""not_applicable"": 1, ""not_implemented"": 1}","{""declared_target"": {""behaviorally_validated"": 0, ""candidate_safe"": 0, ""compile_passed"": 0, ""generated"": 0, ""implemented_support"": 0, ""policy_safe"": 0, ""total"": 1}, ""entry_point"": {""behaviorally_validated"": 0, ""candidate_safe"": 1, ""compile_passed"": 0, ""generated"": 0, ""implemented_support"": 0, ""policy_safe"": 0, ""total"": 1}, ""helper"": {""behaviorally_validated"": 0, ""candidate_safe"": 0, ""compile_passed"": 0, ""generated"": 0, ""implemented_support"": 0, ""policy_safe"": 0, ""total"": 0}, ""other"": {""behaviorally_validated"": 0, ""candidate_safe"": 0, ""compile_passed"": 0, ""generated"": 0, ""implemented_support"": 0, ""policy_safe"": 0, ""total"": 0}}",False,False,{},"{""unsupported"": 1}",0,0,,,,,,,,,,,,,,,{},,,,,,,,,,,,0,0,0,0
safemap.benchmark_results.v3,2026-07-27T16:00:34Z,361f548f6a773f261ea92c2484d58ae8fdd5a98e,True,unsupported_union,safemap_deterministic,no_supported_synthesis,No eligible unit matched the deterministic synthesizer's implemented source patterns.,/mnt/data/college/research/SafeMAP/reports/development-component-ablations/safemap_deterministic/.safemap/runs/20260727T160326Z-unsupported_union-5536bfd7,15,2,1,0,0.0,2,1.0,1,1,"{""union_usage"": 1}",libclang,,read_union_as_int,unsupported,rejected,False,False,unsupported,read_union_as_int,1,0,0.0,"{""unsupported"": 1}",2,1,1,0,0,0,0,0,0,0.0,"{""safe_translatable"": 1, ""unsupported"": 1}","{""candidate_safe"": 1, ""unknown"": 1}","{""not_applicable"": 1, ""not_implemented"": 1}","{""declared_target"": {""behaviorally_validated"": 0, ""candidate_safe"": 0, ""compile_passed"": 0, ""generated"": 0, ""implemented_support"": 0, ""policy_safe"": 0, ""total"": 1}, ""entry_point"": {""behaviorally_validated"": 0, ""candidate_safe"": 1, ""compile_passed"": 0, ""generated"": 0, ""implemented_support"": 0, ""policy_safe"": 0, ""total"": 1}, ""helper"": {""behaviorally_validated"": 0, ""candidate_safe"": 0, ""compile_passed"": 0, ""generated"": 0, ""implemented_support"": 0, ""policy_safe"": 0, ""total"": 0}, ""other"": {""behaviorally_validated"": 0, ""candidate_safe"": 0, ""compile_passed"": 0, ""generated"": 0, ""implemented_support"": 0, ""policy_safe"": 0, ""total"": 0}}",False,False,{},"{""unsupported"": 1}",0,0,,,,,,,,,,,,,,,{},,,,,,,,,,,,0,0,0,0
safemap.benchmark_results.v3,2026-07-27T16:00:34Z,361f548f6a773f261ea92c2484d58ae8fdd5a98e,True,unsupported_union,safemap_without_pointer_roles,no_supported_synthesis,No output remained when the pointer roles component was disabled.,/mnt/data/college/research/SafeMAP/reports/development-component-ablations/safemap_without_pointer_roles/.safemap/runs/20260727T160326Z-unsupported_union-395a849a,15,2,1,0,0.0,2,1.0,1,1,"{""union_usage"": 1}",libclang,,read_union_as_int,unsupported,rejected,False,False,unsupported,read_union_as_int,1,0,0.0,"{""unsupported"": 1}",2,1,1,0,0,0,0,0,0,0.0,"{""safe_translatable"": 1, ""unsupported"": 1}","{""candidate_safe"": 1, ""unknown"": 1}","{""not_applicable"": 1, ""not_implemented"": 1}","{""declared_target"": {""behaviorally_validated"": 0, ""candidate_safe"": 0, ""compile_passed"": 0, ""generated"": 0, ""implemented_support"": 0, ""policy_safe"": 0, ""total"": 1}, ""entry_point"": {""behaviorally_validated"": 0, ""candidate_safe"": 1, ""compile_passed"": 0, ""generated"": 0, ""implemented_support"": 0, ""policy_safe"": 0, ""total"": 1}, ""helper"": {""behaviorally_validated"": 0, ""candidate_safe"": 0, ""compile_passed"": 0, ""generated"": 0, ""implemented_support"": 0, ""policy_safe"": 0, ""total"": 0}, ""other"": {""behaviorally_validated"": 0, ""candidate_safe"": 0, ""compile_passed"": 0, ""generated"": 0, ""implemented_support"": 0, ""policy_safe"": 0, ""total"": 0}}",False,False,{},"{""unsupported"": 1}",0,0,,,,,,,,,,,,,,,{},,,,,,,,,,,,0,0,0,0
safemap.benchmark_results.v3,2026-07-27T16:00:34Z,361f548f6a773f261ea92c2484d58ae8fdd5a98e,True,unsupported_union,safemap_without_safe_signatures,no_supported_synthesis,No output remained when the safe signatures component was disabled.,/mnt/data/college/research/SafeMAP/reports/development-component-ablations/safemap_without_safe_signatures/.safemap/runs/20260727T160327Z-unsupported_union-139f6bd7,15,2,1,0,0.0,2,1.0,1,1,"{""union_usage"": 1}",libclang,,read_union_as_int,unsupported,rejected,False,False,unsupported,read_union_as_int,1,0,0.0,"{""unsupported"": 1}",2,1,1,0,0,0,0,0,0,0.0,"{""safe_translatable"": 1, ""unsupported"": 1}","{""candidate_safe"": 1, ""unknown"": 1}","{""not_applicable"": 1, ""not_implemented"": 1}","{""declared_target"": {""behaviorally_validated"": 0, ""candidate_safe"": 0, ""compile_passed"": 0, ""generated"": 0, ""implemented_support"": 0, ""policy_safe"": 0, ""total"": 1}, ""entry_point"": {""behaviorally_validated"": 0, ""candidate_safe"": 1, ""compile_passed"": 0, ""generated"": 0, ""implemented_support"": 0, ""policy_safe"": 0, ""total"": 1}, ""helper"": {""behaviorally_validated"": 0, ""candidate_safe"": 0, ""compile_passed"": 0, ""generated"": 0, ""implemented_support"": 0, ""policy_safe"": 0, ""total"": 0}, ""other"": {""behaviorally_validated"": 0, ""candidate_safe"": 0, ""compile_passed"": 0, ""generated"": 0, ""implemented_support"": 0, ""policy_safe"": 0, ""total"": 0}}",False,False,{},"{""unsupported"": 1}",0,0,,,,,,,,,,,,,,,{},,,,,,,,,,,,0,0,0,0
safemap.benchmark_results.v3,2026-07-27T16:00:34Z,361f548f6a773f261ea92c2484d58ae8fdd5a98e,True,unsupported_union,safemap_without_dependency_grouping,no_supported_synthesis,No output remained when the dependency grouping component was disabled.,/mnt/data/college/research/SafeMAP/reports/development-component-ablations/safemap_without_dependency_grouping/.safemap/runs/20260727T160327Z-unsupported_union-6c43c376,15,2,1,0,0.0,2,1.0,1,1,"{""union_usage"": 1}",libclang,,read_union_as_int,unsupported,rejected,False,False,unsupported,read_union_as_int,1,0,0.0,"{""unsupported"": 1}",2,1,1,0,0,0,0,0,0,0.0,"{""safe_translatable"": 1, ""unsupported"": 1}","{""candidate_safe"": 1, ""unknown"": 1}","{""not_applicable"": 1, ""not_implemented"": 1}","{""declared_target"": {""behaviorally_validated"": 0, ""candidate_safe"": 0, ""compile_passed"": 0, ""generated"": 0, ""implemented_support"": 0, ""policy_safe"": 0, ""total"": 1}, ""entry_point"": {""behaviorally_validated"": 0, ""candidate_safe"": 1, ""compile_passed"": 0, ""generated"": 0, ""implemented_support"": 0, ""policy_safe"": 0, ""total"": 1}, ""helper"": {""behaviorally_validated"": 0, ""candidate_safe"": 0, ""compile_passed"": 0, ""generated"": 0, ""implemented_support"": 0, ""policy_safe"": 0, ""total"": 0}, ""other"": {""behaviorally_validated"": 0, ""candidate_safe"": 0, ""compile_passed"": 0, ""generated"": 0, ""implemented_support"": 0, ""policy_safe"": 0, ""total"": 0}}",False,False,{},"{""unsupported"": 1}",0,0,,,,,,,,,,,,,,,{},,,,,,,,,,,,0,0,0,0
safemap.benchmark_results.v3,2026-07-27T16:00:34Z,361f548f6a773f261ea92c2484d58ae8fdd5a98e,True,unsupported_union,safemap_without_idiom_plans,no_supported_synthesis,No output remained when the idiom plans component was disabled.,/mnt/data/college/research/SafeMAP/reports/development-component-ablations/safemap_without_idiom_plans/.safemap/runs/20260727T160327Z-unsupported_union-2e19da47,15,2,1,0,0.0,2,1.0,1,1,"{""union_usage"": 1}",libclang,,read_union_as_int,unsupported,rejected,False,False,unsupported,read_union_as_int,1,0,0.0,"{""unsupported"": 1}",2,1,1,0,0,0,0,0,0,0.0,"{""safe_translatable"": 1, ""unsupported"": 1}","{""candidate_safe"": 1, ""unknown"": 1}","{""not_applicable"": 1, ""not_implemented"": 1}","{""declared_target"": {""behaviorally_validated"": 0, ""candidate_safe"": 0, ""compile_passed"": 0, ""generated"": 0, ""implemented_support"": 0, ""policy_safe"": 0, ""total"": 1}, ""entry_point"": {""behaviorally_validated"": 0, ""candidate_safe"": 1, ""compile_passed"": 0, ""generated"": 0, ""implemented_support"": 0, ""policy_safe"": 0, ""total"": 1}, ""helper"": {""behaviorally_validated"": 0, ""candidate_safe"": 0, ""compile_passed"": 0, ""generated"": 0, ""implemented_support"": 0, ""policy_safe"": 0, ""total"": 0}, ""other"": {""behaviorally_validated"": 0, ""candidate_safe"": 0, ""compile_passed"": 0, ""generated"": 0, ""implemented_support"": 0, ""policy_safe"": 0, ""total"": 0}}",False,False,{},"{""unsupported"": 1}",0,0,,,,,,,,,,,,,,,{},,,,,,,,,,,,0,0,0,0
safemap.benchmark_results.v3,2026-07-27T16:00:34Z,361f548f6a773f261ea92c2484d58ae8fdd5a98e,True,unsupported_union,safemap_without_validation_feedback,no_supported_synthesis,No output remained when the validation feedback component was disabled.,/mnt/data/college/research/SafeMAP/reports/development-component-ablations/safemap_without_validation_feedback/.safemap/runs/20260727T160327Z-unsupported_union-08f03252,15,2,1,0,0.0,2,1.0,1,1,"{""union_usage"": 1}",libclang,,read_union_as_int,unsupported,rejected,False,False,unsupported,read_union_as_int,1,0,0.0,"{""unsupported"": 1}",2,1,1,0,0,0,0,0,0,0.0,"{""safe_translatable"": 1, ""unsupported"": 1}","{""candidate_safe"": 1, ""unknown"": 1}","{""not_applicable"": 1, ""not_implemented"": 1}","{""declared_target"": {""behaviorally_validated"": 0, ""candidate_safe"": 0, ""compile_passed"": 0, ""generated"": 0, ""implemented_support"": 0, ""policy_safe"": 0, ""total"": 1}, ""entry_point"": {""behaviorally_validated"": 0, ""candidate_safe"": 1, ""compile_passed"": 0, ""generated"": 0, ""implemented_support"": 0, ""policy_safe"": 0, ""total"": 1}, ""helper"": {""behaviorally_validated"": 0, ""candidate_safe"": 0, ""compile_passed"": 0, ""generated"": 0, ""implemented_support"": 0, ""policy_safe"": 0, ""total"": 0}, ""other"": {""behaviorally_validated"": 0, ""candidate_safe"": 0, ""compile_passed"": 0, ""generated"": 0, ""implemented_support"": 0, ""policy_safe"": 0, ""total"": 0}}",False,False,{},"{""unsupported"": 1}",0,0,,,,,,,,,,,,,,,{},,,,,,,,,,,,0,0,0,0
safemap.benchmark_results.v3,2026-07-27T16:00:34Z,361f548f6a773f261ea92c2484d58ae8fdd5a98e,True,unsupported_volatile,safemap_deterministic,no_supported_synthesis,No eligible unit matched the deterministic synthesizer's implemented source patterns.,/mnt/data/college/research/SafeMAP/reports/development-component-ablations/safemap_deterministic/.safemap/runs/20260727T160327Z-unsupported_volatile-031ae277,12,2,1,1,1.0,2,1.0,2,2,"{""volatile_access"": 2}",libclang,,read_volatile,unsupported,rejected,False,False,unsupported,read_volatile,1,0,0.0,"{""unsupported"": 1}",2,0,0,0,0,0,0,0,0,0.0,"{""unsupported"": 2}","{""unknown"": 2}","{""not_applicable"": 2}","{""declared_target"": {""behaviorally_validated"": 0, ""candidate_safe"": 0, ""compile_passed"": 0, ""generated"": 0, ""implemented_support"": 0, ""policy_safe"": 0, ""total"": 1}, ""entry_point"": {""behaviorally_validated"": 0, ""candidate_safe"": 0, ""compile_passed"": 0, ""generated"": 0, ""implemented_support"": 0, ""policy_safe"": 0, ""total"": 1}, ""helper"": {""behaviorally_validated"": 0, ""candidate_safe"": 0, ""compile_passed"": 0, ""generated"": 0, ""implemented_support"": 0, ""policy_safe"": 0, ""total"": 0}, ""other"": {""behaviorally_validated"": 0, ""candidate_safe"": 0, ""compile_passed"": 0, ""generated"": 0, ""implemented_support"": 0, ""policy_safe"": 0, ""total"": 0}}",False,False,{},"{""unsupported"": 2}",0,0,,,,,,,,,,,,,,,{},,,,,,,,,,,,0,0,0,0
safemap.benchmark_results.v3,2026-07-27T16:00:34Z,361f548f6a773f261ea92c2484d58ae8fdd5a98e,True,unsupported_volatile,safemap_without_pointer_roles,no_supported_synthesis,No output remained when the pointer roles component was disabled.,/mnt/data/college/research/SafeMAP/reports/development-component-ablations/safemap_without_pointer_roles/.safemap/runs/20260727T160327Z-unsupported_volatile-f74c7ccd,12,2,1,1,1.0,2,1.0,2,2,"{""volatile_access"": 2}",libclang,,read_volatile,unsupported,rejected,False,False,unsupported,read_volatile,1,0,0.0,"{""unsupported"": 1}",2,0,0,0,0,0,0,0,0,0.0,"{""unsupported"": 2}","{""unknown"": 2}","{""not_applicable"": 2}","{""declared_target"": {""behaviorally_validated"": 0, ""candidate_safe"": 0, ""compile_passed"": 0, ""generated"": 0, ""implemented_support"": 0, ""policy_safe"": 0, ""total"": 1}, ""entry_point"": {""behaviorally_validated"": 0, ""candidate_safe"": 0, ""compile_passed"": 0, ""generated"": 0, ""implemented_support"": 0, ""policy_safe"": 0, ""total"": 1}, ""helper"": {""behaviorally_validated"": 0, ""candidate_safe"": 0, ""compile_passed"": 0, ""generated"": 0, ""implemented_support"": 0, ""policy_safe"": 0, ""total"": 0}, ""other"": {""behaviorally_validated"": 0, ""candidate_safe"": 0, ""compile_passed"": 0, ""generated"": 0, ""implemented_support"": 0, ""policy_safe"": 0, ""total"": 0}}",False,False,{},"{""unsupported"": 2}",0,0,,,,,,,,,,,,,,,{},,,,,,,,,,,,0,0,0,0
safemap.benchmark_results.v3,2026-07-27T16:00:34Z,361f548f6a773f261ea92c2484d58ae8fdd5a98e,True,unsupported_volatile,safemap_without_safe_signatures,no_supported_synthesis,No output remained when the safe signatures component was disabled.,/mnt/data/college/research/SafeMAP/reports/development-component-ablations/safemap_without_safe_signatures/.safemap/runs/20260727T160327Z-unsupported_volatile-392ee74f,12,2,1,1,1.0,2,1.0,2,2,"{""volatile_access"": 2}",libclang,,read_volatile,unsupported,rejected,False,False,unsupported,read_volatile,1,0,0.0,"{""unsupported"": 1}",2,0,0,0,0,0,0,0,0,0.0,"{""unsupported"": 2}","{""unknown"": 2}","{""not_applicable"": 2}","{""declared_target"": {""behaviorally_validated"": 0, ""candidate_safe"": 0, ""compile_passed"": 0, ""generated"": 0, ""implemented_support"": 0, ""policy_safe"": 0, ""total"": 1}, ""entry_point"": {""behaviorally_validated"": 0, ""candidate_safe"": 0, ""compile_passed"": 0, ""generated"": 0, ""implemented_support"": 0, ""policy_safe"": 0, ""total"": 1}, ""helper"": {""behaviorally_validated"": 0, ""candidate_safe"": 0, ""compile_passed"": 0, ""generated"": 0, ""implemented_support"": 0, ""policy_safe"": 0, ""total"": 0}, ""other"": {""behaviorally_validated"": 0, ""candidate_safe"": 0, ""compile_passed"": 0, ""generated"": 0, ""implemented_support"": 0, ""policy_safe"": 0, ""total"": 0}}",False,False,{},"{""unsupported"": 2}",0,0,,,,,,,,,,,,,,,{},,,,,,,,,,,,0,0,0,0
safemap.benchmark_results.v3,2026-07-27T16:00:34Z,361f548f6a773f261ea92c2484d58ae8fdd5a98e,True,unsupported_volatile,safemap_without_dependency_grouping,no_supported_synthesis,No output remained when the dependency grouping component was disabled.,/mnt/data/college/research/SafeMAP/reports/development-component-ablations/safemap_without_dependency_grouping/.safemap/runs/20260727T160327Z-unsupported_volatile-6cbad61b,12,2,1,1,1.0,2,1.0,2,2,"{""volatile_access"": 2}",libclang,,read_volatile,unsupported,rejected,False,False,unsupported,read_volatile,1,0,0.0,"{""unsupported"": 1}",2,0,0,0,0,0,0,0,0,0.0,"{""unsupported"": 2}","{""unknown"": 2}","{""not_applicable"": 2}","{""declared_target"": {""behaviorally_validated"": 0, ""candidate_safe"": 0, ""compile_passed"": 0, ""generated"": 0, ""implemented_support"": 0, ""policy_safe"": 0, ""total"": 1}, ""entry_point"": {""behaviorally_validated"": 0, ""candidate_safe"": 0, ""compile_passed"": 0, ""generated"": 0, ""implemented_support"": 0, ""policy_safe"": 0, ""total"": 1}, ""helper"": {""behaviorally_validated"": 0, ""candidate_safe"": 0, ""compile_passed"": 0, ""generated"": 0, ""implemented_support"": 0, ""policy_safe"": 0, ""total"": 0}, ""other"": {""behaviorally_validated"": 0, ""candidate_safe"": 0, ""compile_passed"": 0, ""generated"": 0, ""implemented_support"": 0, ""policy_safe"": 0, ""total"": 0}}",False,False,{},"{""unsupported"": 2}",0,0,,,,,,,,,,,,,,,{},,,,,,,,,,,,0,0,0,0
safemap.benchmark_results.v3,2026-07-27T16:00:34Z,361f548f6a773f261ea92c2484d58ae8fdd5a98e,True,unsupported_volatile,safemap_without_idiom_plans,no_supported_synthesis,No output remained when the idiom plans component was disabled.,/mnt/data/college/research/SafeMAP/reports/development-component-ablations/safemap_without_idiom_plans/.safemap/runs/20260727T160327Z-unsupported_volatile-d8cb6b41,12,2,1,1,1.0,2,1.0,2,2,"{""volatile_access"": 2}",libclang,,read_volatile,unsupported,rejected,False,False,unsupported,read_volatile,1,0,0.0,"{""unsupported"": 1}",2,0,0,0,0,0,0,0,0,0.0,"{""unsupported"": 2}","{""unknown"": 2}","{""not_applicable"": 2}","{""declared_target"": {""behaviorally_validated"": 0, ""candidate_safe"": 0, ""compile_passed"": 0, ""generated"": 0, ""implemented_support"": 0, ""policy_safe"": 0, ""total"": 1}, ""entry_point"": {""behaviorally_validated"": 0, ""candidate_safe"": 0, ""compile_passed"": 0, ""generated"": 0, ""implemented_support"": 0, ""policy_safe"": 0, ""total"": 1}, ""helper"": {""behaviorally_validated"": 0, ""candidate_safe"": 0, ""compile_passed"": 0, ""generated"": 0, ""implemented_support"": 0, ""policy_safe"": 0, ""total"": 0}, ""other"": {""behaviorally_validated"": 0, ""candidate_safe"": 0, ""compile_passed"": 0, ""generated"": 0, ""implemented_support"": 0, ""policy_safe"": 0, ""total"": 0}}",False,False,{},"{""unsupported"": 2}",0,0,,,,,,,,,,,,,,,{},,,,,,,,,,,,0,0,0,0
safemap.benchmark_results.v3,2026-07-27T16:00:34Z,361f548f6a773f261ea92c2484d58ae8fdd5a98e,True,unsupported_volatile,safemap_without_validation_feedback,no_supported_synthesis,No output remained when the validation feedback component was disabled.,/mnt/data/college/research/SafeMAP/reports/development-component-ablations/safemap_without_validation_feedback/.safemap/runs/20260727T160327Z-unsupported_volatile-53099400,12,2,1,1,1.0,2,1.0,2,2,"{""volatile_access"": 2}",libclang,,read_volatile,unsupported,rejected,False,False,unsupported,read_volatile,1,0,0.0,"{""unsupported"": 1}",2,0,0,0,0,0,0,0,0,0.0,"{""unsupported"": 2}","{""unknown"": 2}","{""not_applicable"": 2}","{""declared_target"": {""behaviorally_validated"": 0, ""candidate_safe"": 0, ""compile_passed"": 0, ""generated"": 0, ""implemented_support"": 0, ""policy_safe"": 0, ""total"": 1}, ""entry_point"": {""behaviorally_validated"": 0, ""candidate_safe"": 0, ""compile_passed"": 0, ""generated"": 0, ""implemented_support"": 0, ""policy_safe"": 0, ""total"": 1}, ""helper"": {""behaviorally_validated"": 0, ""candidate_safe"": 0, ""compile_passed"": 0, ""generated"": 0, ""implemented_support"": 0, ""policy_safe"": 0, ""total"": 0}, ""other"": {""behaviorally_validated"": 0, ""candidate_safe"": 0, ""compile_passed"": 0, ""generated"": 0, ""implemented_support"": 0, ""policy_safe"": 0, ""total"": 0}}",False,False,{},"{""unsupported"": 2}",0,0,,,,,,,,,,,,,,,{},,,,,,,,,,,,0,0,0,0
